anchor_id,positive_id,negative_id
SOVKKUJ12AB018CFC1,SOBCCLG12AB0182D08,SOADTWM12A8AE46C85
SOIJXKS12AB01844EB,SODBDXF12AB01844FB,SOKOGIP12AB0182FCD
SOJBKCD12AB0182AE3,SOSYYZK12AB0182B1D,SOBJKMX12A6D4F93A5
SOOAJXA12A6D2227F0,SOGCXMA12A67ADB41D,SOKDFIV12A6D4F9398
SOCCONN12AC9E177E7,SOTCCVA12AC468F972,SOAPDFF12A8C136862
SOBREKP12AB017DD9B,SOEGWFT12A6D4F89FD,SOKCPLP12A6D4FB42E
SOJXYUF12AB0188969,SOKTKHO12A58A7CDA5,SOJYPQM12A81C2023E
SOBGQVY12AB019025A,SOLFTFD12AB0190254,SOCRHFQ12A8C13786F
SOEGGSQ12AAF3B5A9E,SOFCAEG12AAF3B5AB6,SOVAUIN12A8C1449B5
SOCZTXC12AB0187047,SOXUPII12A8C1390A1,SOFDVAR12A8C138BEA
SOFDMUU12A6D4F609C,SOVCOKU12A6D4F6096,SOQOVYG12AB0185AC2
SOBVZHC12AB0181786,SOBMXKO12A8C138F28,SODGUVC12A8C142EBA
SOWTLWU12A6D4FC350,SOLTWNN12A8C13FE24,SOYJCJE12A8C135C42
SOOGKOY12B34F33114,SOWXKLQ12A8C13C221,SOYZOXW12A8C13E195
SOSZLFR12A58A7F169,SOYTDTS12A8C134BD9,SOWQNDI12A6310F441
SOTXDYB12A8C13A8D4,SOIDVKP12A8C13A8A2,SOKHOBW12A8C1364F2
SOHPPKS12AB017ADC6,SOAVXSK12AB0180A3A,SOCPGAN12A6D4F7F17
SODRDRJ12A8C14289E,SOFGVWR12A8C141D19,SOMCCXF12A8C134264
SOFZPVW12AB0179864,SOYFYBU12A8C13D8B3,SOIKMTH12A6D4F893C
SOEERLN12AB018B49A,SOBSIJY12AB018B4F1,SOQTFNY12A8AE47D3F
SOYYUDB12AC468B2E1,SOYZYMG12AC468A260,SOKCBYT12A8AE48EF0
SOSBURZ12AB017C5CC,SOYIJGH12AB018484E,SOXJPNH12A6D4F952F
SOCWIEW12A6D4FB515,SOUCIWS12A8C13A30D,SOEGFSO12AB01846B9
SOSEWUU12A582916E4,SOOYOLI12AB0185CA5,SOXOTZH12A6D4FC689
SOLGTDL12A58A7DC29,SOYJFWA12A58A76CC3,SOANOBW12A6D4FE698
SOVJNGI12A6D4FBE29,SOTLHNS12AB0186F8F,SOQORVZ12AB01899FF
SOUGFFJ12AB0180985,SOPTTBQ12A8C139D6A,SOILOWM12AB018648D
SOKLZTC12A8C141362,SOYWESB12A8C1412F3,SOMHURB12A58A7F992
SOEOKOQ12A8C131E54,SOQZWNG12A8C133FFC,SOBSODM12AB0185395
SOEOYCV12A8C13CC6F,SOABPYH12A8C13CC48,SOCPGYO12A6D4FBE11
SOFOHOB12AB0186C23,SONMSFX12AB018CD74,SOHPJFU12A8C13680A
SOZPGUT12AB017B0C7,SORZVAB12AB017F819,SOSKFZY12A6D4F62BA
SOAMKAB12A8C13B8C5,SOFMDTO12A8C13D2DB,SOZEAOM12AC3DF9927
SOIIVQV12AB0185A57,SOONNQN12A6D4F67DF,SOWWPDA12A8C13B0FF
SOGKSBH12A8C140AE0,SOYFYRT12A8C140AC2,SOFVFKO12A8C132C7E
SOGJARY12A8C13A1A6,SOTKIOI12A8C13AA24,SOLGTAW12AC9075842
SOGSOUE12A58A76443,SOKKSSP12AB0183B30,SOHTGVQ12A8C145697
SOQYHDK12AB0186B01,SOCMHUW12A58A7A5A1,SOHHRIY12A8C13E698
SOMHXPQ12A81C22892,SOBXRGX12A8C138B59,SOQKIOE12AB017C818
SOZXLAE12AB018AB74,SODRFQW12AB0186454,SOEMZAO12AB0182B37
SOSWZXM12AB017D986,SODBMSF12A8C135DFD,SOJWQZD12A58A79588
SOYEEWC12AC468D12F,SOCHARK12AC468A169,SOHNMMS12AF729DD79
SONQNNU12A8C142364,SOZQJHY12A81C2290F,SONCRFH12A8AE495EF
SOIJSXB12AB018595B,SOTOTZW12AB0185944,SOUAFSX12AB017B642
SOUREAB12AB0184338,SOKJHTG12AB0182CAC,SOKZFZF12AB017CAB3
SOUBWJK12A6D4F57E0,SOWZZTE12A6D4F57DD,SOOEKEA12AB0188979
SOSMHZA12A8C140AE6,SOOGEKC12AB017FF09,SORHFWK12AC4685D8E
SOTXPKU12AB018034E,SOYZFMG12AB0180334,SOCFCMM12A58A7C92C
SOIBIRG12A8C1444FD,SOLDWYP12A8C1444E4,SODIBKP12A6D4FA73B
SOPUMXP12AB018648E,SOWMUGK12A8C13C7F7,SOWXCEI12A8C1341D2
SOJNGYN12A6D4F767C,SONICOM12AB018C0E0,SOBJAHM12A58A7DFD8
SOASKUM12AB017DBE4,SODIMGN12A8C13F1EB,SOCRGCL12AB018BC19
SOPSQXW12AB0185BAE,SOCCIIB12AB0185BBF,SOJEWUE12A8C1437CD
SOGSPRZ12AB0182944,SOEDSFB12AB018678D,SOGTNSA12A8C13CCC0
SOIUBTH12AB0187FFA,SOLLFCB12AB018C7EB,SONSVMN12AB018241E
SOBUXTL12A8C138004,SOBPNDP12A58A7A1F4,SOVBGVG12AC3DF5325
SOWHFID12A8C133F6B,SOXNMDZ12A6D4FA20D,SOHKCCM12A6D4F6957
SOWCGHO12AB0182164,SOWRCVE12AB0182169,SOQCEXG12A81C23489
SODJDMZ12A8C13D32A,SOSCZHB12A8C13489C,SOCNJPI12A8AE45FD0
SOQJOUF12A6D4FBB4D,SORMNMO12A58A7AE38,SOTJPUO12CF5F879E8
SOMXQBX12A8C1392DB,SOUHBIB12A6D4F8319,SOVJHFQ12A8C13BBF1
SOXDTNU12A6D4FB1A1,SOIYYFI12A6D4FAA9A,SONPRKU12AF72A1001
SOXSAJN12A67ADD65F,SOQKBJP12A67ADCE14,SOJMSEY12A58A7832B
SOOEDUC12AB018CFBF,SONKFHI12AB018CFC8,SOIGZYZ12AAF3B4F06
SOAMSNB12AB018073A,SOLPEZP12A81C1FC4E,SOGXEWW12AB017FFDB
SODXUQL12AB0184FF5,SOGYCHO12AB0184FC4,SOISAKF12A8C13B21B
SOJBLBZ12A8C142EFB,SOPYKQP12AB017F0D9,SONYQUP12AB0187B69
SOUXNHS12A6D2271E3,SODQXKF12A6D4FA698,SOUVWLQ12A8AE47F8E
SOBZIOT12A8C13B49D,SOOPACQ12AAA15D760,SORZQYI12A6701C590
SOLRQYA12AB018D0F1,SOSNQWB12AB0180EDB,SOWGQWX12A58A7CFB6
SOFQFVW12A6D4F7996,SOESIID12AB0183304,SOVMTCR12AAF3B262C
SOQVWBK12AB018A4AC,SOPZYHJ12AB018A4D2,SOFTAHY12A8C13560D
SOWDRCO12A58A792F7,SOFQLHT12A8C141077,SOHDFQA12AAF3B4ADD
SOCDMQN12AB0189572,SOYPRUJ12AB018957D,SOXQMUS12AB0181A00
SOJLYKF12A6D4F7940,SOIQWKL12A6D4F7943,SOZHKGW12A6D4F8967
SODJQBM12A8C1353FF,SOHHETM12A8C13DE22,SOCLPDT12A8C12FCE9
SOPJDZR12A8C1302C9,SOXMIZU12A8C1302AA,SODPIKG12AB01811FD
SOETBLI12A58A75FCF,SOSLADS12AB0184E97,SOCQKTE12AB0182718
SOMUDQE12AB01846D7,SOMCBZU12AB01836F7,SOWIMQH12A8C13BB7C
SOUZMCR12AB018553E,SONWOUM12AB018555E,SOEOBUG12A67020D70
SOLVISA12A8C135C98,SODNDWI12A8C13450F,SOOHLAL12A6D4F7FC3
SOTTDWM12A8C13269C,SODGCAI12A58A78FE6,SORZVQF12A8C140B5A
SOJBYBM12A6D4F892E,SOTTXMZ12A6D4F6DB1,SOYDZBU12AF72A827C
SONJLGF12AC468EC31,SOMDWRM12A8C137077,SOAGIPB12AB0181E21
SORORLM12A8C143E2F,SOPGPIM12A8C143E39,SOJSZDB12A8C13EAD6
SORZMPO12A6D4FB01E,SOGOEXF12AB018A4A5,SORLQVE12AB01878CA
SOOZPUG12A8C132EDD,SOVGBEK12A8C134E04,SOIGZYZ12AAF3B4F06
SOHSZVC12AB0186C01,SODQOHC12AB0186BE1,SOIAVQP12A8C13A813
SORPSAN12A8C1361CE,SOYNFCY12AB0182632,SODRDRJ12A8C14289E
SOJZJOZ12A6D4F67F9,SOGDNAW12A6D4F6804,SOJHBHL12A81C222DB
SOYDRGK12A8AE47E1F,SOQYGXE12A8AE49BE1,SORKMCW12A8C130B4E
SOPLWCS12AB018430E,SOOWNTL12AB0184305,SOULEKL12AB018E4AB
SOJEWUE12A8C1437CD,SOUUOSZ12A8C14378D,SOWBUVU12AB0180787
SOGRYIT12AB0182080,SODSJOX12AB018174C,SOITBRQ12A8C13AB08
SOVHLGN12AB0180FE6,SOKYMUR12AB018729A,SOTSVBB12AC3DF9F77
SOCNWWP12AB0183588,SOCSKNJ12A6701F8AB,SOAMMUI12A8C134877
SOQYZIA12A8C13C5C3,SOYGYGM12A5891E8FD,SOCRHCQ12A58A7C8C6
SOLOHPV12A8C1460C6,SOSIZQF12AB017D74A,SOLYWRG129F0691B7B
SOASIEJ12A8C1462C4,SODICCM12A6D4F63E9,SOUYEWL12A8C133CCD
SOJHJRF12AB018CD1B,SOIFETX12AC4689BC0,SOLQPGC12AF72AA14B
SODLSLZ12A8C142EAF,SOWBQQW12AB01813AA,SOICYTA12A67AD86C3
SOIRJSM12A8C14299D,SOXTBTY12A8C134A43,SOYOYEV12A6701D2B4
SOGMCVY12A8C13584C,SOSUVCW12A8C13580D,SOVGKBD12AAF3B4FFB
SOCXBXM12A58A7B898,SOYUNWG12A67020B47,SODADWD12A8AE47BB9
SOANKVT12AC3DF8070,SOCOVNA12AC3DFB229,SOLUJDC12A8C13EECF
SOGUGUP12AB018588F,SOWVAZA12AB0184150,SONXFRI12AB018726F
SOCYJPN12A8C13AF0E,SOYUCBW12AB0189C9A,SOUHTWB12A8C13BA4D
SOBDYCT12AB0183AF5,SOJZXAM12AB0180ED6,SOKHQAB12A6D4F9B80
SORQCKH12AB017F34C,SOIJDSV12AB017F310,SONWJAZ12AB0181BFC
SOSVMOH12AB018CAD1,SOXEOQW12A58A7DB48,SOONKTB12AC3DFA982
SORNGGE12AB017F20E,SOGXOBU12AB017F220,SOBQKRS12AB0180713
SOKCJCW12A8C141987,SOMIVSA12A8C1419AA,SOWHIPN12AB017C984
SORJHBA12A8C13D1D0,SOEWHWK12A8C14264E,SOFOZRT12AB017F1CA
SOUZETY12A6D4F7C10,SOIDRVY12A8C132F19,SOXHVOF12A58A81591
SOOMAQZ12A58A775C2,SOAHWMN12A8C13DE6D,SOAHDEK12A8C13A82E
SOYORZK12A8C137809,SOUFNBN12A6D4F635C,SOVYKLY12A6310E2B8
SODBJRK12CF5CFC484,SOHKKXU12A67ADA08F,SOXPKVK12A6D4F6DA5
SOETTWT12A58A793AE,SOBWZNO12A58A78002,SOYXTCC12A6D4FC9B5
SOKPPXC12A8C13AACE,SOFTBCN12A8C13AAC1,SOZDOYP12A8C13ABDF
SOLGUTQ12AB0186285,SOZTHOY12AB01859E0,SOISABZ12A58A7C581
SONHUZM12A58A79E2B,SODESIY12A6701FD88,SOTPQFM12AB017AC9E
SOJTAUQ12AC4689DD9,SOIUTCL12AB0188849,SOWOWRF12A8C13BE81
SOTBUBX12AB01848C4,SOSTPFC12B350585AB,SOAXEJI12A6D4FCE3E
SOOVPFM12A6D4FC034,SOKRCWY12A6D4FC02D,SOITZQI12A8C1336CD
SOEGFSO12AB01846B9,SOPBHMH12AB018252F,SOJBXJE12A67ADAE19
SORISAQ12A58A79702,SOCYZXU12A6D4FCEF3,SOBTTPI12A8C1406EF
SOSULYS12A8151CC9D,SOYOBCG12A6701FB4E,SOYXUDL12A582A2695
SODMDCE12A8C14355D,SOPGLEZ12A8C14350E,SOXDXZU12AB0182B19
SOVBXYS12A582912B9,SOJYFHQ12A8C1427BD,SOZLKMV12A8AE45D5E
SOAYVDI12A8C13D816,SORQYAS12A58A7DDE3,SOSCTLE12A8C145E7A
SOPGBUJ12AB018C4B0,SOIEHVS12AB0189FC6,SOWEMDM12AC3DFA56B
SOHJCFL12A8C139694,SOWLFIJ12A8C13B6EE,SOGHNTC12AB0188168
SOHKWNP12AB018A983,SODPUWZ12AB018A9DD,SOSCDXD12AB018708E
SOHYZSL12A81C23547,SOZDDWU12AAFF41AE7,SOGZAAR12AB01849A4
SOLMFFI12AC90715CF,SOCAQZY12AC907545F,SOPKYYY12AB0189DFA
SOEHOST12A8C13689F,SOUVLYG12A6D4F7CD4,SOYGKYC12A8C13BB24
SOZZHJB12AAF3B5B88,SOTZHDP12AB0184F74,SOGTNSA12A8C13CCC0
SOZVJUG12A8C13BF6B,SOCXAOV12AB0181F87,SONPSZE12A6D4F6717
SORYYCT12A8C13FFAE,SOXHJSE12A8C1364FF,SOQDZYQ12A6D4F9B54
SOCRJDM12A8C139311,SOCLAFZ12AF72A6D7F,SONQGKR12A8C133F46
SOHDWVO12A8C13E740,SOBYWCK12A58A7C5C0,SOHIQLC12AB0181381
SOPZYZC12A58A79314,SOFOEGE12A6D4F7C66,SOXQXHC12A8C13AF61
SOPPSDA12AF72A3D97,SOTGYNA12A8C13F3A7,SOWJZAO12A8C144178
SOKVMTE12A6D4FE4AE,SOTXPGV12AB018E1F9,SOQBQWN12AB0186782
SOCXBIM12A8C14070E,SOHVECA12A58A7AC67,SOLZVRN12A6D4F5B0D
SOOLMAR12A58A7D7C6,SOTIQFG12AC9097A3B,SOXVCTF12A8C13C9AD
SOUGUGK12A8C13BD0D,SOPXHVB12A8C139482,SOLDOPK12AB017A9AC
SOSJSNZ12A6D4FA5D2,SOCEJGW12A6D4F9741,SOOCYBE12A58A7928D
SOQECLE12AB017EA84,SOXXGEK12A8C138D30,SOZNGIX12A8C141F48
SOZGMIL12A8C1382F3,SOBRPKX12A8C134ABF,SOIXYSK12A6D4FC17A
SOQWAUE12A58A7998B,SOKRZVB12AB0180165,SOFFNMN12AC468711C
SODNJHI12A6701DBFF,SOAQFSF12AB0183F71,SOAMMGN12AB0185FF9
SOHWNTH12A8C13D9D4,SOQMOFK12AB0182184,SOLQYFH12A6D4FBD4B
SOOODGL12A8AE45654,SOQXMBN12A8AE45C54,SODETSF12AC46876E7
SORYGJT12A8C134ABC,SODZYQD12A6D4FB658,SOVQQHT12A8C141BAA
SOYQKGK12A8C133B5E,SOMBBMF12A8C133B99,SOOQDFR12A6D4F9983
SOUVYQX12AC96182F8,SOBYTZO12AC9075666,SOKNWXK12A58A785FA
SODWWUT12A8C144E09,SOCVGSL12AB0183E96,SOVAAIY12AC4689D7D
SOXBFEC12A6D4F7D49,SOSQTLJ12A8C144735,SORQLMX12A8C133FCD
SOPUCHF12A8C13E536,SOSYWVG12A6D4F87CE,SOKNRIH12A58A7D442
SOVOOWS12AB018256F,SORWTAE12AB0181EB4,SOFJCHC12A8C13AA0E
SONYXUW12A8C13EE49,SOEKRSK12A8C13CFB2,SOCDMQN12AB0189572
SOGLAAO12AB0183A13,SOQZJZZ12A58291D22,SOAWMRL12AC468D70E
SOBFIRL12A6D4FD717,SOYCKDU12A6D4FD715,SOWMFSO12A6D4FDBEF
SOGYGFM12A58A77D96,SOCJJDX12A8C13E745,SOBFAZU12A6D4F7C98
SOKWBVH12A8C1390B2,SOUTPRN12A8C13657E,SOBASZR12AB0188D8E
SOWKNGW12A6D4F78BD,SOOCYBE12A58A7928D,SOCVSSU12A8C13951B
SOPWHPH12A8C13B0F5,SOSAPAJ12A8C13E5D1,SOJQMQP12AF72A1B84
SOFKSXM12A8C141F48,SOABUAX12A8C141F08,SOZQGDR12A8C138F07
SOARQIT12AB018B4CF,SOTBOTH12AB018B4CA,SOUZBXU12AB018F770
SOJXOVT12AB018581C,SOKSBBB12A6D4F653A,SOSNCNL12AB01813ED
SOZMHUB12AB0181210,SOTFQEI12A81C210D6,SOCDQJG12A8C133163
SOUEEKG12A6D4F6857,SOWGACL12A8AE46D50,SOMBKHR12AC9E16EAA
SOPJTJY12A6D4FA8E4,SOGFUHG12A6D4FA19F,SOKKRQT12AC960A165
SOLYLAQ12AB018A0C1,SOMTZGM12AB0187CA0,SODHZCE12A6D4F6A0C
SOILFPR12A6D4FBCBF,SOISVYS12A8C144452,SOSDYXX12AB017AD6B
SOXUYIB12A58A7C736,SOPZLVI12A8C1360BD,SOEZKYM12A8C1408AE
SOOJGLP12A58A78410,SOKAMAI12AB01852F5,SOAFZGF12AB01823ED
SOBZUCH12A8C13DCA0,SOHMIMK12AB018A437,SOXAGXD12AB018D973
SOBQCSC12A8C136A31,SOMUDDO12A8C13AE6D,SOJUPRU12A58A7A5B6
SODXDBZ12A8C137E11,SOYILXK12AB017EDB8,SOPIGOW12A6D4FA72E
SOMWXMU12A8C145901,SOMSBCE12A8C1432B0,SOWDETY12AB0184BB2
SOAGAFW12AB0181E97,SOBZCAE12AB017F002,SOXXNNR12A8C14109A
SOIXNEL12A8C13E37A,SOZBFWB12A8C13E36E,SOUYYMO12AB017B0CA
SORDYPF12A8C1385BC,SOTVWTN12A8C1385CA,SOKRRXA12AC468D4D9
SOWCBAK12A58A7AB10,SOBKTCK12AAF3B1340,SOQBRHG12D02190B40
SOJREMG12A6D4F46CD,SOHGQTF12A58A78394,SOQBDOT12AB018A31B
SOZAKQZ12AB017CAD0,SOKZFZF12AB017CAB3,SOSCSNB12A58A77A94
SOJUPRU12A58A7A5B6,SOCWDKB12A58A786A8,SOCUSIS12AB017EAEC
SOJDEPS12A8C13BC1D,SOJFNQY12A8C13CC49,SOJLKIN12A8C13806C
SOSDZBW12A67AE093B,SOREGJR12A58A80561,SOLOCYU12AB018B549
SOEQZFM12A8C136A21,SOPTQSV12A58A7B5B9,SOSJZHR12A58A7B565
SOYBOEE12AB018A4A7,SORXPTH12AB018A49F,SOUBHSV12AB0184793
SOQYYMB12AB018905D,SOJICXI12A58A7B307,SOVPUUL12A8C1367D1
SOMGADE12A58A799F8,SOUUJXH12A6D4FC72D,SOUSZSC12A6D4FB659
SOBXVEU12AC90758DD,SOQSBFW12A6D4F70AA,SOMUYLX12CF58288C9
SOOAPTC12A8C13E8E0,SOIHSKX12A58A76E1B,SOUNWMD12A67AE01A7
SOBWLVW12A8C13E210,SOFUCKE12A8C135DC9,SOEJPKU12A8C13B5AF
SOFCYNO12A8C1370E9,SONBMKY12AB018A4C4,SOHPGUE12A6D4F30E0
SORCCVC12A8C13DFB5,SOFTLZH12A6701CF9F,SOJQBCG12A8C135E24
SOOSAQR12A6D4FA09A,SOIOHVZ12A6D4F70B8,SODPLYE12AB01898FB
SODXHIZ12A58A7A889,SOFUWDG12A8C142F6D,SOKGDCA12AC9097667
SOMIWJX12AB017C661,SOUVEQI12AAA8C4C37,SORJOMF12AB0186F78
SOFLNBJ12AB017EC59,SOIBVYA12A8AE46F75,SOHNOFV12A8C13A177
SOXFNPW12A8AE457F2,SOKCXSM12AC9075234,SONBUCS12A81C20848
SOKVYHL12AAF3B48A5,SORTBWU12AB017CC09,SOBGWIG12A6D4F6329
SOFONYI12AB017ED28,SOGKCEZ12AB0189524,SOWFBBM12A6D4F8054
SOTHSEY12AB018B999,SOERBTO12AB0188912,SOBCCVG12A8C13804C
SOOSDYP12A6D4FA1E9,SOTQZVJ12A6D4FA161,SOGLFAO12AB017E80D
SOLNNHU12AB018759D,SOYOGJV12AB018BC3D,SOJISLN12A8C135408
SOELZET12A8C136F90,SODQUEG12A8C136E2E,SOGFHXF12A8C136B2A
SODXFCU12A58A78087,SOMRQXT12AB017F9E9,SONNSYT12AF72A0ECC
SOKATUR12A6D4FA32D,SORVXFP12A81C22116,SOJANBZ12A58A77B66
SOMDPEU12A8C145E15,SOQAVEY12A8C145E27,SOLXXOH12A6D4F789E
SOINAPO12A8151B97F,SOCOHKB12A6D4FD6A1,SOUYOQI12A8C134B1D
SOOHLAL12A6D4F7FC3,SOYIEXT12A8C145ACF,SONFKAG12A8C132C03
SOSPHUL12A6D4FCC91,SOWVYXM12AB01872EB,SOAPZIG12A6D4F7920
SOQQYZU12AB01885C6,SOMIRKH12AB0182F65,SOPZWXT12A8C134325
SOVGPHM12A8C143F7A,SOHVIRY12AB017EC8F,SONHURK12A8C131104
SOVGFLW12AB0182864,SOHDFQA12AAF3B4ADD,SOMHVED12CF5F87D8E
SOBBICC12CF5664F6B,SOIIFCD12A8C1399F6,SOYRACV12A8C13C4D8
SOZQJHY12A81C2290F,SONQNNU12A8C142364,SOQBKUV12A8C13EEF8
SOAOCCQ12AB0183F50,SOAOIBZ12AB01815BE,SOXCQKT12AAF3B3858
SOYEEBH12A58A7BA1F,SOLARDY12A8C13D9A5,SOIIVQV12AB0185A57
SOHOVIP12A6D4F9267,SOQXEDM12A63110828,SOVKNKQ12A6D4F9F1D
SOOTURE12A8C13E024,SOPXXOL12A8C13E0FE,SOXNAGH12A8C137F96
SODBXNK12AB0182562,SOLFXHJ12A8C1446B3,SOCYJRK12AB0183EBA
SOXBWOG12A8C138A74,SONZTSM12A6701C6A1,SOJOVBQ12A6D4F96B6
SOLUAEU12A8C1445D7,SOUFBFK12A8C13D668,SOSSDXT12AB0181111
SOWAFAX12AB0186274,SOPXPDH12AB0185D8A,SOEGLYX12A8C145CD7
SOKHNPX12A8C14512E,SOPHMCZ12A81C21C54,SOMAQSU12AB01864E8
SOMHFSD12A8C13496B,SOXKQKC12A8C134975,SOBCOMW12AB01868ED
SOQORHS12A8C13B8BD,SOFAKTP12A8C13D296,SODVPYI12AB017B0D2
SOFOWNA12A6D4F676C,SOOANTD12A81C23427,SOPVAVH12AB0189D67
SOKRLUT12AB01880A9,SOPGKZK12AB018C511,SOVZVNF12A67ADA382
SOCLVWH12AB018E5BB,SOHBLHT12AB018E5B5,SOQQYZU12AB01885C6
SOULUPQ12A67ADF8BC,SOCHXRP12A67ADF8BD,SOEGXTF12A8C13E8FD
SOEEEBW12A8C13A3B3,SOABGDM12A6D4F6E3E,SOLQZDA12A8C13CE5F
SOTOGVB12AB01822A2,SOHNBQV12A8C13BF4D,SOTTBXU12AB0189281
SOUFDQA12AB0189758,SOKWBGF12AC3DFB033,SOARMIW12AF72A51F7
SOPJKWZ12A8C13B409,SOOMCLW12AB018542A,SOUUYXT12AC4689EE9
SOMPBTH12A8AE48A8B,SOONKCD12AB018353D,SOSFDUD12AB01851D9
SOJSJTR12AB0188131,SOOPNJS12AB0181570,SOLZCWF12AB0188E80
SOQWQSK12AB0180210,SORGPNH12AF72AB8C0,SOCHDUO12A67ADCDED
SOCZTSW12A58A78ABB,SONHLVP12A58A77596,SOWLCVC12A8AE4868E
SONOHAU12AB018688D,SOBRIGQ12AB0184EB2,SORXGBX12AB0180AA8
SOLRRKL12A6D4F9A14,SOOBTKZ12A58A7B0B0,SONHUZM12A58A79E2B
SODOYEJ12A8C136B43,SOBWZPF12A8C1414CC,SORFQCM12AC3DF9530
SOGZFIU12A8C134369,SOJXJNV12AB018241F,SOZTRKX12A8C1354A9
SOBKFKW12A8C13B41E,SOBMTJO12AC3DF4BDA,SOBVYTY12A8C1331EF
SOHIILT12A8C140716,SOQKIMQ12A8C133FBE,SOYONKP12AB018AB87
SOGDCEK12AC468BDD7,SOWVYOW12AB018B30B,SOFMGHH12A8C13B5DA
SOHZTFU12A8C144690,SORCJFO12A6BD54EBD,SODERVF12A8C141493
SOULXLO12AB018379D,SOCQLKZ12AB0183796,SOFRNGO12A8C13C240
SOLKJIE12A8C13F56B,SOIVWNC12A8C133ABA,SOEQPKL12A58A7C822
SOOHLQI12A6D4FBD34,SOBCQUJ12A6D4FBD39,SOROEGK12A8AE47259
SOQLNZW12A58A7BF9B,SONVIJK12A8C138EE8,SOOAWZF12AB017BE3B
SOMOLKC12A8C137DD6,SOAVCNL12A8C1439DF,SOUKZGN12D021B24B1
SOMIBPT12AC90718B9,SOUWZHP12AC9071893,SOXBJBB12AB01815E5
SOMXUAV12AB0188A0E,SOQNDKC12AB018893B,SOQFLSY12A58A7B943
SOLDQOV12A6D4F5BBB,SOIQNTY12A6D4F5FE9,SOBXVKN12AF729DA48
SOGJEHQ12CF57023CB,SOIJASI12A58A7D041,SOQOQNQ12A81C21F1B
SOBBPKU12A8C1431A1,SOZTFXG12A8C145EC7,SOCPBES12AF729E3E5
SOPWGTF12A58A7D658,SOYHZWP12A58A7C176,SOJZULW12A58A7D4D5
SOYNCQB12A8C13B5BC,SOEJPKU12A8C13B5AF,SOETKFP12AB0185E6F
SOJMTZF12AB0180549,SOBFPKI12AB0188385,SOFMAWZ12AB017D4A5
SOHKBVO12A58A77B28,SOYKFSN12A8C14421C,SOUWTCD12A8C1376BD
SOZCMGS12A6701F2B4,SOAKJEA12A6701F2BA,SOPPQXA12A8C135084
SOSFFDA12A8C1447C3,SOHEJZA12AB018AB99,SOOUAIR12A67AE22A5
SOUYTJK12A6701CD3D,SOCRYER12A6701CD40,SOIXODI12A6701D9FD
SOWCBBV12AB0182F0D,SOYACST12AB0182EDE,SOJZULW12A58A7D4D5
SOAKFDN12AB018A37A,SOASECA12AB01875F6,SOOSOUJ12A8C13ED62
SOPIKDK12A6D4FBFF4,SOWYROJ12AB0189671,SOROQCO12A8C13D2FE
SOWEBGL12AB018BD72,SOTBUGT12A8C13E4C1,SOYYNRQ12AB0189B36
SOTHCAK12AB0188085,SOSVILE12A6D4F933D,SOHSAOT12AB018558E
SOJTKHY12AB017E1E7,SOVZRTB12A81C23596,SODPJCN12A8C1400F6
SOIOTOT12A58A7D5EF,SOFWTMY12AB0187044,SORKKTY12A8C132F3E
SOAHNZK12A6D4F79A9,SOGOXVK12A6D4F91F9,SOMOZNS12A8C14151B
SONJRBQ12AB018A2EF,SOCBRLH12AB017D553,SOASAPT12AB01836BB
SOVFZWE12A8C14136B,SOMMNUY12A8C141B06,SOEASNK12AB017F9CA
SOUPAIZ12A6D4FAFD1,SOIPPVI12A6D4FB034,SOJCZJK12AC468BDA7
SOSYIBO12A8C137BEE,SOULRCV12A8C137BEC,SOEVOCI12AB018D41E
SOKLUQJ12A6D4F9E48,SOUISUE12A6D4FAEEB,SOHLJUM12AAF3B336B
SOHGAJZ12A8C136BEB,SOBQSBL12A8C1390F2,SOCQUUJ12AB0188702
SOQZOZZ12A6D4F8134,SONSDBD12A8C13CC4B,SOVMOKZ12A8C13D96A
SOEWLTH12A6D4F8E29,SOMZNFA12A6D4F8A2A,SOOAPTC12A8C13E8E0
SOGWARH12AB0186D04,SOXDPQA12AB0181EB0,SOHQNIC12A8C1389F5
SOTQCLA12A6D4FDBEA,SOPTUSH12A8C130967,SOPHXXA12A8C13D240
SOGWOQL12A6D4FBF55,SOCPNTT12A6D4FBF73,SOHAVRS12AB01815D0
SOLSYAL12A8C141D35,SOGGWLF12A8C141D29,SOESAPS12A6D4F6A5B
SOHHJBV12A8C13D59D,SOFILTW12A6D4F9C31,SOFDDBW12AAF3B2E42
SOUECYK12AAF3B3AC7,SOAPQCG12AB017AAAB,SOQLEUS12A67ADC7D7
SOKIBMM12A6D4F9A76,SOBNWEZ12A67ADCFF7,SOBIVSU12AB018166B
SOUDQLH12A8C13CBEA,SOXZODS12A8C13E7E3,SOFTTFX12A8C135483
SOJLNBP12A58A7C0B0,SOPWURE12AB0185307,SOWLCCL12A8C1332EC
SOSJCHV12A6D4F9254,SOOQFOY12AB018A713,SOCTUZI12AB0185632
SOMLUNF12A6D4F9E6E,SOJDUNH12A6D4F9450,SOTILPD12A6D4F814E
SOGJOAP12D02198A71,SOLFQCQ12AB017FE6E,SONZTSS12A8C142D50
SOPGBDJ12A8C142225,SOMIHSU12AB0186AF0,SOYQLLA12A6D4FCCCF
SOLRRKL12A6D4F9A14,SOOBTKZ12A58A7B0B0,SOFEXBX12AB0188FE3
SOIPQWZ12A8C13DFC2,SOWLZPB12AB0183BE9,SORGSDN12A6D4FCA0A
SOOSSLC12AB017DE28,SOXMAVK12A8151CDAB,SOTIPYI12AB0181C8F
SOJNZPK12AC3DF511D,SOMJZOZ12AF72A228D,SOODAKN12A8C141FDA
SOYQRQE12AB0187B52,SOMSBGZ12AB018C4CB,SOWZCNM12A6D4F78CB
SODLEYY12AB0186A58,SOBQBGS12A58A76536,SOYBEXV12A8C13A881
SOEKNKW12AB018980E,SOSSDMO12AB0189818,SOOUUZQ12AAF3B25F4
SOREYVC12A8C133C42,SOOTIAI12A6D4FCBE3,SONIMPI12AB0186C14
SOYCSCN12AB0182ED4,SOTXRBE12AF72A384A,SOUPQPI12A8C131014
SOQELIB12AB017D1BD,SOYOFHN12AB018C1A4,SOOIKRG12AB017C40F
SODQKPX12A6D4F96DE,SOOERFP12A58A7AE50,SORWKWN12A58A7C214
SONJNBK12A8C13ED17,SOKITIC12A8C13FE90,SOPBDZT12AB017AA98
SOVSTKQ12D02191A6F,SOOIOBE12D021B2392,SOJPRQL12AB0188B88
SOJVUGJ12AB0180C0A,SONDXEU12A58A7B3B4,SODTWDE12A58A7C5FB
SOECVUA12AB0184927,SOQNEAP12AB01875BE,SOQZDKB12A58A78F4A
SOEZBGB12A6D4FDE36,SOOVNCH12A6D4FC1A3,SOKSWDA12AB0185DB5
SODQPKK12A58A7B6FF,SOGWFJE12B34F1C0EA,SOMMTKT12A8C13F355
SOFYFQY12A8C13FA9A,SOEBOOB12A8C13FAA6,SOBUMLO12A6D4F694A
SOJQBRU12AC468A690,SOFXWHB12A58A7DFF0,SOEBBDX12A8C142384
SOLOECM12A58A7CB5A,SOYIHFL12A8C13D765,SOFXZNE12AB018012E
SONELOT12A6701F519,SOAMXYQ12AB017C25E,SOPXHVB12A8C139482
SOMJKRF12AAFB57B54,SODPRTV12AB017EBCB,SOSMBWU12AB0188DFC
SOHQHIL12A6D4FA785,SONFSDH12AB017F3AF,SOEQIEK12A6D4F7BFB
SOTPGLX12AB018D9C5,SOBCLZC12AB01851CD,SOIOUIR12AB017ED30
SOTTNRD12A8C13F7B6,SOJBPPM12A6D4FCDD2,SOPFLBY12AB0187DC0
SOHNOJJ12AB017DD74,SOTRGMV12A8C14134E,SOANZOT12AC9072DFD
SOAWJAQ12AB01863E0,SOMBMFL12AB018641C,SOCBFTV12AB017D3E3
SOOBKIK12AF729D502,SOKAJWF12AF72A04C7,SOHYWLZ12A6D4FBB22
SOXNXRS12AB0182062,SORXZCL12AB0182056,SORGSVJ12A8C1365E0
SOWEQGO12AC46892A6,SOUXZXX12AC468C76C,SOEMBVY12A8C1374ED
SOFKVZF12AB0182E9A,SOLITWK12AB017ED5E,SOCBRFS12AB01825FA
SOEMOWB12AC468E37B,SOTESEO12AC9609FD0,SORFTFE12A8C137C27
SOZQSXN12AB018671C,SOBTTKH12AB01866EA,SOEEGGY12AB017E36F
SOBVHGZ12A8AE45DDD,SOUKHLG12A8AE45DD2,SOFHEKD12AB018C223
SOMKHES12A8C137EFC,SORLKWU12A8C137F18,SOBGUEQ12AB0186E2B
SOITTSU12A58A7AE31,SOBZMTC12A6D228259,SONZTJK12A8C146A2A
SOGLVMM12A6D4FA83E,SOUKTAI12AB0187F84,SOMDQSM12A58A7C6D5
SOBGPXV12A8C13CFD6,SOACROQ12AB018134F,SOCGYGW12A67ADD76B
SOYBATV12A8C13FF5B,SOIHELV12AB018684B,SOUZZZO12AB017E403
SOCEMQG12A8C140199,SOYXDHH12A8C1337A7,SOCJFKA12AC909714C
SOVIGAB12A8C132A64,SOUIPGD12AF72A4480,SORGEYA12AB0185CC3
SOVEIGH12AB017D5C5,SOJHFUV12AB0185257,SOFANWG12A58A77985
SOHONLI12AC9DCDF8B,SOVKLPI12AB018826F,SOGIHQJ12A58A75AC9
SOKOBAV12AB0183B10,SOYYQET12A8C137B8B,SOXUEBY12AC46850CB
SOBPKPM12AB017FD64,SOHTCES12AC468865B,SOHDFQA12AAF3B4ADD
SOIKQDK12A8C134BDB,SOMQCXJ12A8C1360DC,SOUPZWV12AB0185A80
SOWHCEB12A8AE476C4,SOBJYXZ12A8AE45FF1,SOBSIJY12AB018B4F1
SOLRWTN12AC90719FF,SOUFWFG12AC9072C7E,SOCKNTB12A8C134994
SORFUOS12AB018475E,SOISMBN12AB0184784,SOZJCRI12AB01801CF
SOFVVWJ12AB0183B6A,SOLUCSP12AB0183B9E,SOQEGSS12A6D4FB05D
SOTBMFV12A58A7DC74,SOYTDBZ12A6D4FA26B,SOGOUPG12A8C1355CE
SOSNUSH12A8C1337DB,SOAEZWJ12A6701DB1F,SOQFYBD12AB0182188
SOKVPVZ12A6D4F7863,SOKVRQO12A58A7C533,SOSPZDP12A6D4F87D9
SOSQQYP12A6D4FC9D8,SOWIYZN12A6D4FE292,SOTVNSF12AC960D9CD
SORYDHE12AF729F26A,SOBSZCS12A8C140835,SOMYVWS12AB0184849
SOLKOKN12A6D4F8B18,SOIIDLJ12A8C13D39D,SOHRHJZ12A8C13A6DC
SOAOLUT12A6D4FA5DF,SOMOEFU12A6D4F94D5,SONQMYP12CF533CFFE
SORRJGX12AC95F0498,SOMZFOA12AB018466D,SOBTMZR12AB0184F7C
SOGNCFI12A58A7D735,SOJGKVU12A6D4F8E81,SORXQRK12AB018F04F
SOUALIC12A6D4F839E,SONSIYV12A6701C9BB,SOCUHMO12A8C13E356
SODYDJK12A58A7B863,SOFFRHB12A58A7C9BB,SOANQFD12A6D4F952B
SOAMPNH12AB0183AE0,SOHSUHV12A8AE484F9,SOOWJFS12AB018D69C
SOJLHTN12A8AE4640D,SOAEWCD12A58A77BAC,SOPNFYY12AB01828D4
SOPDFZI12AC9071674,SOHHSJT12AB0182A18,SOXLKXC12A58A804AB
SOUROPB12A6D4FAC51,SOBHZOV12AF729E943,SOKJDSV12AB0182523
SOZIMFH12A6D4F77B0,SOFPTEY12A58A76AB2,SOMVDNT12A58A796AC
SOYZGYL12AB01838AB,SORSPYU12A6310DBF1,SOAVNKK12AB0181955
SOQNGZZ12A6D4F7F7A,SOWFVLE12AB018012D,SOGWROA12A8C137D0B
SOVHWRD12A6D4F8F87,SOIOQRX12A6D4FB036,SOBGDPS12AB0182074
SOOUQMH12A58A7C633,SOXKUPF12A8C13FA8B,SOQTLAO12A8C143BE9
SOTZHDP12AB0184F74,SOZZHJB12AAF3B5B88,SOZTBPE12AB017B664
SOHSBBS12AB01855CF,SORFQCE12AB01855E5,SOQCIFN12A8C140FC5
SOLSOAL12AB018807A,SOGIKHC12AB018446F,SOYFZYP12A8C1367D5
SODUOZD12AB0186602,SOVBULG12AB0186DAB,SOKCBIU12A8C131E5F
SOTWBOE12AB0188D71,SORJNZB12AB0188DA8,SOXVUMX12AB0187374
SOBLNFS12A8C143575,SONYFNY12AC468F7DB,SOGDEPN12AB018C5C0
SOAMTYS12AB018A44E,SOQIMHU12AB018A76B,SORRDHP12AB017AD11
SOVGABX12AB0187D60,SOVPRBQ12AB0187D4E,SOHSFAV12A8C1429CF
SOSBTGT12A58A7C355,SOZJTPL12AB01862ED,SOWQECV12A8C13304D
SOPAZCT12AB018F79D,SOUZBXU12AB018F770,SOSVTSL12A8C141B4E
SOUCGZB12AB01827CB,SOXWNXD12A8C1449DB,SOPMTAP12AB018098D
SONPHGP12AB0188DAC,SOJYWII12AB018578A,SOBFBEK12AB017FC1B
SOEBZBI12A6D4F8A6C,SOGXEMD12A6D4F9F7C,SOPSUYT12A6D4F93F0
SOUPUIW12AB0181A19,SOCRQZC12AB01819F1,SOBFAZU12A6D4F7C98
SOHBGLL12A58A7CCCB,SOZEERG12AB017B03D,SORMKVJ12AB017E09F
SOSFURN12A58A7AC5F,SOTSBWV12AB018E89C,SOZRIFJ12A67ADA4BE
SOYBQPY12A8C144A7A,SOEHEFW12A8C143C20,SOPITEC12AB0182AE0
SOXZIRA12A67ADEA54,SODRZRU12A67ADEA50,SODJZVG12A8C139CE8
SOLVLUY12A58A7BD24,SORXUZZ12A8AE4798A,SOTSRTH12A6D4FB6CA
SOLBHCO12AB018769A,SOAKUXB12AB018230A,SOUJXTX12A8C13C555
SOLHWIA12A8C1432A7,SOHMGWN12A8C14433B,SOIOETD12A8C13209F
SOGOQGE12AB0182907,SOSNQQX12AF729C44C,SOTNQVV12A6D4FE367
SOEMLBO12A6D4F67BC,SOZPSFK12A8C13AC5C,SOXAJVT12AB0185E68
SOFKZBQ12AB017C1E6,SODNDRZ12AB017C1CE,SOCBAMZ12A81C204E4
SOJDMEC12A67AE0C83,SOMGIRB12A6D4FD49A,SOUNJBD12AB0181BE8
SOCLKXL12AC960DBA9,SOBJCLM12AC3DF4E6B,SOLQXJI12AAA8C6620
SOPQLAY12A6701F918,SOAGUHP12A58A77F2C,SONMQRR12AB018A9A2
SODOQHV12AAF3B32CA,SOFFJEI12AB0182B45,SOIXHUA12AC468A2DB
SOMZFOA12AB018466D,SORRJGX12AC95F0498,SOAOLVC12A8AE47EC1
SOTLCSL12A58A78839,SOEYKUL12A6D4FA58D,SOGKFUF12A8C13F160
SOFKPLB12AC95F0493,SOBMHTY12AC9097B7C,SOCDZMU12A8C13C256
SOXDTNU12A6D4FB1A1,SOIYYFI12A6D4FAA9A,SOBYVWD12AB0185ACD
SOREPTI12AF72A8E3E,SOVSKKG12A81C21A77,SODINWJ12A8C1350AD
SOXACZN12A8C13351C,SOEAZZD12AB017FCE7,SOWULOT12A8C139930
SOQRWBU12AB017CF0C,SOYLNIP12AB017EDAE,SOTEWLQ12A8C138B3F
SOZSBUP12AB0188C41,SOVYPZU12AB0183C62,SOIDUUW12A8C13DF25
SOKBSLW12AB01883CB,SOGXAKG12AB01887A0,SOZRMFL12A6D4F7966
SOMWFVO12A8C134A7F,SOOWBSY12A8C13807B,SOBGFOJ12AB018DE61
SOJPPFI12A8C13EA04,SOKKJAT12A8C13EA15,SOYWHAB12AB0181E73
SOQZGAV12AB0184924,SOQDUIS12AB0184557,SORYIWA12AB0186287
SOZVKJX12AB01837FC,SOESXOR12AB017FD99,SOBOACQ12A8C144476
SOFPWLB12AB018949F,SOXREHD12A58A78C4A,SOFSDNA12A8C132E4B
SORORLM12A8C143E2F,SOPGPIM12A8C143E39,SODOLVO12B0B80B2F4
SOTCYVC12A8C138F87,SOACNQY12A8C137981,SOANLNP12A8C1424FC
SOOPHLF12A8C1332DD,SOMGDOR12A8C133312,SOJPXLR12AB018378B
SOETTYL12A6D4FAD2D,SOPUGLR12A6310E1F0,SOIJJTT12AB0184028
SOPFECR12A8C1384EA,SOEHCSG12A6D4F92C6,SOCHBNH12A6D4F896C
SOSUFCX12AB017A6B3,SODBQXV12AB0182A7B,SOECSTA12AB01894D7
SOIEUOQ12A6D4F5AB9,SOTDKWT12A8C140118,SOBUAYQ12A81C237E6
SOJVFSJ12AB0186AF9,SOTALWV12A8C140917,SORHLOJ12A8C13FC0B
SOROQCO12A8C13D2FE,SOZXMIP12A8C13CE1E,SOYCGRT12AB0188570
SODESNI12AB0187CD5,SOAHOSV12AB0185DA4,SORERTC12A8AE454B3
SOUYIJX12A6D4F96CE,SOJDMUS12AB018259A,SOMAQSU12AB01864E8
SORVBJC12AB017F096,SOXMRMY12A8C141390,SOMOHHA12A81356D12
SOMYIUG12B34F1EB72,SOKTFBG12AB01805FB,SOXFLHV12AC90759C1
SOXNUGJ12A6D4FAAC7,SODRJVV12A8C13437A,SOTHXAC12C41E07042
SOVICFF12AC907284E,SOKOSBG12A58A7A34B,SOIPNRZ12AB01837B8
SOFBIME12AB01898AB,SOBDEHK12AB01869EB,SOMRFVS12A58A78D6A
SOHXBEL12A8C1355E3,SODNJYF12A8C135581,SOKPKMV12A8C14125E
SORFMTN12A6D4F8FAA,SOCVAES12A6D4F8FA4,SOJHMFW12B0B80B79B
SOOQYHX12AB01824D0,SOJYPFW12AB0185F0C,SOYRLYE12A6701F13D
SOYKIUW12A6D4F3A90,SOBPPST12A58A7D581,SOTTGBS12A8C13DF92
SODWMWO12A6D4FB2C4,SOVKCDB12A6D4FB2AB,SOYJEZN12A8C13C575
SOKUMBC12A8C132319,SOOMCSJ12A58A80019,SOIJMIV12A8C133F4B
SOLEKHN12AB017D69C,SOPHMFX12AB0189433,SOOHLYQ12AB01833A8
SOVWHFZ12A8C14489D,SOMYGJH12A8C14114C,SOIUOAU12A8C13EBC3
SOPIURI12AB0183A97,SOPRMPZ12AB0183A77,SORWSJX12A8C13A90B
SOPPYYY12A8C144425,SOPEDVV12A81C216C7,SODRHHD12AB0189F2A
SONOWAC12A67021009,SOOHCKB12A58A7B79D,SOZWHGT12A8AE48980
SOXAZCB12A58A78B28,SOFSHFK12A8C131D5D,SODFCAB12AF729B69A
SOXIDGX12A6D4F7BB9,SOYADVI12D021944C3,SOSUTVG12AB0183C5C
SOBYXQS12A8C13FAF6,SOUJKWM12AC468ACF6,SOOMFBO12A8C13433C
SOLPVOZ12A58A80547,SOJSHKP12AB017FE16,SOIJTKR12A58A7995A
SOEZWYI12AC4686705,SOVKAUG12AC468672A,SOSGMWU12AB0185337
SOIEMAM12AB018A522,SOHWNGI12AB0189E83,SOLRHQL12AB017D838
SOTMQWH12A6D4F516E,SOQXOUX12A6D4F9920,SOGCKKO12AB017ADB2
SOIVTVW12A8C1434BB,SOAYCAR12A8C143485,SOEKPHE12AB018700F
SOVBNAC12A6D4F7D5F,SOJBQAV12A6D4F8F4F,SOUOMWI12A6D4F53EA
SOAAXEV12A6D4FA21C,SOWBBGU12A6D4F8F1D,SOYBDUH12A6D4F9BD4
SOLIGIK12AB017C2EE,SOQGSOP12AB018370B,SOCLWSH12A8C13726B
SOAZGWL12A6D4F7AC2,SOAWKUR12A8C1402E1,SORTEWC12AB017C1BB
SOKVDGA12AB0186B47,SOXBIHG12A6D4FC331,SOGBXOB12AAF3B540F
SONWQGF12AB018719A,SOCRHCQ12A58A7C8C6,SOKWBHH12AB0180365
SOQPBTI12A8C142CB1,SOYSTXA12A6D4FA1F0,SOBSRDV12AB0182614
SOFQCTX12A58A7C148,SOMWUDC12A81C1FA9D,SOBYHLQ12AB0188D22
SOIKAUS12AB018AD93,SOCCSCK12A58A7B859,SOECOKZ12A8C139F44
SOKWUAB12A8C1386FE,SOIHFXZ12A8C13EA83,SOJIRGC12AB0185D31
SOKIKEY12A8C143F57,SODTWDE12A58A7C5FB,SOBDDTR12AAF3B552E
SOAWKUR12A8C1402E1,SOAZGWL12A6D4F7AC2,SOUOVTF12A6701EB4A
SOBBHEY12A8C1367D7,SOXKXUD12A8C135F70,SORBLUS12AB0183CC8
SOOYAAE12AB01892C1,SOMVIUL12AB018A7E8,SOEXTIX12A8AE4946D
SORMORE12A8C133DCA,SONLIAJ12A8C133459,SOPYYMP12AB018BE1D
SOIDQZQ12A8C13C173,SOFKLEX12A6D4FBCC8,SOVXVKR12AB017F9C6
SOITAJG12A8C132B26,SOAGIPB12AB0181E21,SORFDDE12A58A778E1
SOJNUVC12AB017ED52,SOTINWA12AB017F256,SODODDL12A58A7C787
SOHRUYI12A8C134C4D,SORVNPU12A8C134C36,SOSVOVY12A8C139E1B
SOXEJWJ12A6D4F875C,SOKAQRE12A6D4F875D,SOIAPPZ12AB01895D5
SOYDJMF12A58A80EFF,SOWMFSO12A6D4FDBEF,SOFKHJQ12A8C13F09B
SOALIPY12A8C13A94E,SOCYOQG12AAF3B4793,SOABMPG12AC3DF7E67
SONDQVL12A67ADD807,SOVGKUM12A8C13A00C,SONOCAU12AB017C98A
SOVHCBL12AB018D669,SOFWBAG12AB018EED3,SOIXGWN12A8C140554
SOLUPUX12A8C142DD5,SOLCDDD12A8C142DB3,SOVCYVQ12A6D4FAF19
SOBIPBF12AB0184B0C,SOOWFTN12AB0184778,SOVHVWI12A8C13F8B4
SOOXFEI12A8C13FE28,SOFNOOH12A8C13FD69,SOYHCGC12AB018980C
SOYMCFB12AB01804FF,SOTLZXC12AB0181C94,SOUPQPI12A8C131014
SOGJOXY12A8C130B3C,SOKGRTT12A5829117F,SORQHOS12AB0188E16
SOGMYFZ12AC468ACED,SOGDLRA12AC468F00B,SOVTQCF12AB0181DCF
SOTKQGG12A8C13A56D,SOXUDPU12A8C13A59B,SOAWCPI12A6D4F901D
SOYDTGN12A58A77427,SOEWHUG12A8C145650,SOKAYWR12AB0186C06
SOOXYFS12A8C13B06D,SOXGJTM12A8C1450C9,SOHXNSP12AF72A45DD
SOEHILM12A8C13A1E9,SOACUCX12AB018261B,SOJUYUH12A8C1422D3
SOFQCTX12A58A7C148,SOMWUDC12A81C1FA9D,SONXLQQ12AB0184B54
SOQLWQU12A8C13C87E,SOZCARG12A6D4F74D1,SOHUFXL12AB0183AE8
SOCYTMG12A8C132919,SOFLMPT12A8C1346EC,SOWHBSB12A8C1336B7
SOHDXLX12A8AE47465,SOGUEBP12AB0186526,SOEHGTN12A6BD4EAE6
SOKXNTI12AC3DF44AA,SOZVQEN12A81C23B25,SOHHVZM12A8C1379E1
SOEBMWB12A8C139709,SOXMSQI12A8C1396D7,SONLOKW12A8C1347DB
SOCYYPC12A6D4F9507,SOZMOKA12AB018757E,SODHWXG12A6D4F9F87
SOQWBCS12A58A7C2C3,SORWYKD12A58A7C79B,SOWYDBN12AB0185446
SOECYLM12A8C13818D,SOJANFC12A8C1351FA,SOSWVYM12AB0180DD1
SOINZJI12A8C1337A1,SOWCPMQ12A58A78C43,SOANEYC12A6D4F9D10
SOCUGVI12AC468B002,SOGPNMB12A8C141375,SOYZKER12AC960A1B0
SOXQARO12A8C1400CC,SOVRNZX12AB0189FA9,SOIHINQ12AB018495A
SOWCBAK12A58A7AB10,SOBKTCK12AAF3B1340,SOVXTSF12A6D4FAB58
SOCGGPF12A8C13674B,SOPAUUU12AC4688018,SOGNUIX12A670208E1
SOWBUTZ12AB01874C3,SOCQGJZ12AB0189A24,SOEQMKR12AB017E982
SOAWIAD12AB01855B1,SOWHKBF12AB0182F84,SOJYNQE12AB0186EAB
SOMKRRH12A8C13C411,SOJTAQZ12A8C1399A8,SOIACXA12A8C139CB1
SOVAEWG12AC90712AF,SOLEAQW12AB017FAEB,SOXKCUJ12AB018875F
SOQVHOW12AC46885EE,SOOTRCK12AC468DCA4,SODZSUT12A8C13CE33
SOZEPIY12A81C222C5,SOQHAAJ12A8C137221,SOJHUPK12A6D4F69DC
SOEQWDI12A8C13C9DE,SOLZJSW12AB0180826,SOYWKEZ12AB0185F3B
SOUTLPX12A8C133854,SOIUEQG12A8C134F30,SOFPQRF12AC3DF4822
SOWXCTI12AAA15D209,SOONVYU12AB0187F8E,SOLGEVE12A6702158C
SOHDQGG12AB018794E,SOSIJKB12A81C22C19,SOBGYQD12A67ADC8F9
SOQECGM12AAF3B32BA,SORIFWG12AAF3B329B,SOSMUFS12A6D4FA590
SOFFCBZ12A8C144291,SOIRJSM12A8C14299D,SOPJCRH12AB0188ECE
SOSYGHA12AB0186AEC,SOFYIQI12A6D4F8D85,SOIOKCW12AAF3B4C14
SOFFLGS12A8C1446BF,SOFQMOH12AC468D9E2,SOOILMU12AAF3B34EE
SOQVHOW12AC46885EE,SOOTRCK12AC468DCA4,SOUTVSP12AB0185C32
SOSPGMD12AB0180C42,SONTOZF12A8C138296,SOSIJKB12A81C22C19
SOBBUDU12A58A7B62C,SOMRYSS12AB0181905,SONCJLY12AB0187193
SOHPEWS12A58A7A18A,SOVKMRX12A6D4F84ED,SODEXNX12A6701F2D4
SOHGXEQ12AB018252C,SOJRTUB12AB018380E,SOEPTKX12A8C13FEE4
SOEBNEL12A58A7C389,SOGDCUG12A8C13C069,SOQCOYE12AB017DE7B
SOZWYXF12A6D4FA68C,SODPCJH12AB017D31B,SOVDKIH12AB0187301
SOXAWBX12AB0183251,SOPKGIG12AB017BAD8,SOFULFU12A58A77951
SOFMZFX12AB018437A,SOUAFIJ12A58A7CC67,SOGXPPT12A8C141CEA
SONNELS12AB018048F,SOWIAMM12A6D4F8E90,SOMIHLL12AC468C4D0
SOFUBCP12A8C13D5EF,SOLZZPQ12A8C130C70,SOSRWDS12A6D4FB181
SOBPPVZ12AB017D10F,SOMPXRK12AB0185361,SOSZSGF12A67AE21B1
SOURNDF12A6D4F8F4D,SOZOTDM12AF72A0521,SOAPKIC12A6D4FAA4C
SORAUJE12A8C13671E,SOMHYDY12A8C136731,SOTBEQR12A8C13B7CF
SODHRKU12A8C139009,SOZIGEW12AB0183C28,SOBBXXT12A6D4FC984
SOJLLZO12AB0184633,SONWTWU12A8C133E0A,SOUFOHM12AB01854BB
SOLFLSO12AB017F7C1,SOHXXYJ12A67021237,SOOIEEM12A8C1396E7
SOPHCSI12AC468C4A8,SOIIRYF12AAF3B4858,SOEWTVU12A8C137BE1
SOBKFUO12AB0184F8E,SOOKQUR12A8C141746,SOKLZTG12AB0181379
SONVVSO12AB0184A94,SODMBGR12AB018268A,SOTKPTK12AC3DF66B6
SOOEDUC12AB018CFBF,SONKFHI12AB018CFC8,SOSMHZA12A8C140AE6
SOBPRXH12AB01824D8,SOOCFSM12AB018519F,SOBMHTY12AC9097B7C
SOYYSKP12A67021A9E,SOQJDZH12A67AE0CBF,SOWFVMV12A6D4F60F1
SOYBWKS12AC4689817,SONUVKJ12AC4689814,SOSRRIM12A58A7CD21
SOHOPYC12AB0188EFC,SOCJHKC12AB0188F03,SOHXTED12A8C132856
SOPHJOH12A8C13F436,SOBMIYJ12A8C13CC31,SOVDHTP12A8C144636
SOUZPUZ12A8C13D70E,SOBCLHH12A58A79EC1,SOVZQMT12A67ADC841
SOJEJID12AB01804BE,SOQAGWU12AB01804C7,SOAPIHX12AB0184CB1
SOLGXDA12A6701E18A,SOHYKLI12A6D4FE11C,SOTNLBM12AB0185DD2
SONRVNN12AAFF41433,SOEXOFW12A8C143D49,SOUTXNC12A8C1302CC
SORLFUW12A8C142F6B,SOIQBUA12A8C14125F,SOHMMMC12AB0181C42
SOCYVBL12A6D4FD36C,SOYXFNV12AB0182DEA,SOBVYTY12A8C1331EF
SOQTKOD12A8C142D86,SOOHNBC12A8C13A5AA,SOSOKRB12A6D4FBC1D
SOQIRNJ12AB0187772,SONQOIL12A6D4F4D47,SOWJRBT12AB0183B90
SOGNPYN12A6D4F9078,SOJITMV12A6D4F7A00,SODCBCN12AB01818EA
SOVDHCR12A6701F1B3,SOODURK12A81C23362,SOAZQCG12AB01861D1
SOHEYRD12A8C135EBE,SORDABT12A8C130172,SODASBS12AB01821C6
SOYOCQH12AB018D8D0,SOOSXNK12AB017E7BA,SOCVFUF12AB01846D8
SOLOSTC12A8C13B95A,SOSFECA12A58A7ED0F,SOBYXYJ12AB0185C32
SOOYUXQ12AB01876C0,SOWWVOQ12AB018B040,SOCIZML12A6D4FDC13
SOCKKIU12A6D4F6FCF,SOGHCON12A6BD55C37,SOQWZLU12AB0184CAA
SOHZJIH12AB018B3B9,SOYLIKY12AB018DAAB,SOFFFRA12A81C2059A
SOBSGJZ12A8C133C12,SOGPNXC12A8C1369B4,SOZWYXF12A6D4FA68C
SOGOFTB12A8C1428B5,SOCXFJK12A8AE47530,SOIAHLI12AB0181F79
SOHXGSD12A8C14207F,SOTYYAK12A8C14207C,SOQTFZH12AB0188264
SOWSQAF12AB01815F0,SOJCNUR12A8C13C858,SOPHDLA12A8C13B58E
SOQYYPR12AB017E7B0,SOWIFPJ12A6D4F7E0C,SOADMFM12A8C131911
SOBTESE12AB0182934,SOHCFWO12AB018C253,SOHTQIM12A8C1359A8
SOTZHDP12AB0184F74,SOZZHJB12AAF3B5B88,SOHLEMD12A8A9D8199
SOXDJXK12AC9072DDA,SOKZZRA12AB0186BB5,SONDQVL12A67ADD807
SOQOLYF12A8C1378F6,SONEOJS12A8C1378CC,SORHWKV12AC468C14E
SOZBBYI12A8C136EAF,SOQWYDQ12A58A7FFBA,SOSJWQO12AC9070E86
SOPJMRB12A8C1350E3,SOOSFVO12A8C134A85,SOJPPZP12A6D4FB736
SOCJQJN12A6D4F59F0,SOABROK12A6D4F59E5,SOGZCRP12AB0185D39
SOAXRSC12A8C140D49,SOUROLR12AB0188DE8,SOHBBQA12A8C132C82
SOXXXIR12D021B0E1B,SOJHUQN12A6D4F8EDE,SOCTDQP12AB018C367
SOMQGWD12AB0181C8E,SOVFGNO12A8C138A72,SOEEOLO12AB01834B8
SOFDQZR12AB0182A86,SOXZFHQ12AB017F1F8,SOORARD12A8C140250
SOLSYTM12A6D4F5A2F,SOVEJZJ12A58A7E0F0,SOCELKB12A8C1455A2
SOXMCSC12A8C13C0BC,SOVEXCM12A8C13B9F6,SOUMZVI12AB018567C
SOPDCBA12A8C13C5F9,SOIOVXX12A8C13B9FA,SOHMQJI12A8AE481FE
SOXTAOP12A8C13EE91,SOTWISJ12A8C141130,SOYNUGW12A8C13E77F
SOUGQQJ12AC46884C2,SOXXFEW12AB017F2A8,SOTXORC12A58A80CFB
SOYIOJI12AB0185CF0,SOYXTQL12AB01870A3,SOKYMUR12AB018729A
SOHAMOK12A6D4FD082,SOUYWST12A6D4FD08F,SOAXJKO12A6D4F9599
SORNTXZ12AF72A57FD,SOYJJQN12A8C135F6D,SODPVYG12A8C13BF19
SONOVZA12AB017D73C,SOVFRBO12AB017B6F1,SOICBJO12AB01885B8
SOTCWTN12AB017EB37,SOSYORF12A8C13F63A,SOLFSJJ12AB018C446
SOSSNGR12A8C137FB9,SOHVNDA12A8C1382B1,SOODURK12A81C23362
SOKYCTE12AB0185FE3,SOQRIHX12AB0185FCB,SOVLYKP12AC4688A3E
SOQOVNZ12A8C143F73,SONNVNT12AB018371C,SOXEJWJ12A6D4F875C
SOOETXC12A8C142B93,SOBTPMQ12A8AE48A84,SOZTZAT12A8C131177
SONXJAV12AB01836AE,SOFJYHB12AB01836B2,SOZYVXL12A81357359
SOPHZRH12A8C1436EF,SOWOXFL12AB018C4EC,SOHQDZQ12AB0181D82
SODMYSJ12A81C20C88,SOPMSCV12A81C20C82,SOEQFQY12A6D4FBEBD
SOVYRGY12A67020A0D,SOLYLTI12A58A7BD88,SOCUQOD12AB017F9A6
SOQPWWG12AB01830FF,SOUYJAD12AB01816C2,SOGUFCX12AB0183EF7
SOBWBCV12AB01830E3,SODIKKS12AB01830F9,SOLLAXC12A6BD548C6
SONBQWE12AB0189973,SOPRHHN12A8C135E91,SOFTFJQ12AC468723C
SOLVUQB12A6D4F7DF3,SOHTQIM12A8C1359A8,SOWVFVF12AAF3B4683
SOBRSHC12A670201EA,SOMITXQ12B0B808641,SOETWIB12A58A7A90D
SOAADUU12AB0183B6F,SOIQVOE12A6D4F8B0E,SOODSRB12AB0182D3F
SOOGIAX12A8C138669,SOVAKRS12A8C13DC1C,SOWBOCB12A8C13A1E8
SOELYTS12AF72A0460,SOIPRXG12A6D4FCE14,SOJAYEQ12AB017C081
SODSOFW12A8AE47950,SOPPRLV12A8AE47975,SOINDYM12A8C13C453
SODTWEJ12A8C13B0C1,SOLYRHL12AB0180974,SOTQJBV12AB018A0A9
SONQGUL12A81C22C4E,SOTGFET12A81C22C5D,SOJCTES12AB01867CC
SOESXET12A8C13DFA0,SOAYOFO12AF72A4B88,SOXSSXQ12A8C146F8D
SOIEQZL12A6D4FD6C5,SOFQRFW12A8C13E5E4,SOTKPTR12A6D4F87C7
SOOCMQU12AB0189D00,SOLMWRD12AB0189D3A,SOBCVXS12A5892055C
SOFIXLJ12AB017C682,SOLDJAW12AB018A0F5,SOINNGM12A8C132428
SOZVTQM12CF5F88285,SOZYDBD12AF72A30E7,SOUADMU12A81C2110B
SONQTFG12A8C1337FF,SOVYKAI12A8C140C4B,SOYAVOL12A8C14426B
SOWYWXS12AC468889C,SOTSJZT12AC4686F5F,SOSYUFL12AB017D815
SOESAQM12AB01867D4,SOPEJUZ12AB0187260,SOTZJCR12A8C135619
SOZTZAT12A8C131177,SONPNSJ12A8C1339E4,SOHESEE12A6D4FBEA1
SOELXEM12A8C13CDAC,SOLEDUM12AB0187644,SOMESBD12AB0188084
SOUNAAM12A8C13A752,SONYFHJ12A8C13CAB8,SOIERAA12A8C134F90
SOBVEEF12AC3DF4864,SOCVYPP12AC3DF5ADE,SOPYHZU12AF72AA557
SOGZSWO12A8C1470D9,SOFYELB12AB017E4F1,SOYYUBP12A8C13B1FC
SOPWVQJ12A8C137F74,SOLTWIW12A8C13D2B5,SOSPTMX12AB018835F
SOGPIRE12A8C131A25,SOJZJVQ12A81C2320B,SODIWID12A6D4F803A
SOLEFNT12A8C13CDC2,SOUPTBL12A8C13E5E8,SONWQBY12A6D4FA983
SOEKXOW12AB0185588,SODJYJU12AB0185CED,SOQTKSG12AB0182B3D
SOQIYLD12A58A7F31A,SOMCRJA12A8C14321D,SOAYNOM12AB018100D
SODSLRA12A8C13BDD3,SODPYOG12A8C136332,SOOFYPH12A6D4F6CE7
SOAGIPB12AB0181E21,SOITAJG12A8C132B26,SOCFQDK12A6D4F72E5
SOUKFRR12A8C1383E4,SOLTLFA12A8C132CC8,SOYINSW12B0B80BEBD
SODWVKU12A8C141047,SOLNXZU12AF72A2B29,SOCEHLO12AC468731E
SOWXEFQ12AC9E16EAD,SOYNGRQ12AB0186481,SORCWUK12A8C14289D
SOTTIBF12AB017EEAC,SOXCZOL12AB017EEB6,SOZDWZJ12A58A7627D
SOCTWHG12AB0186CF8,SOUDHAN12A8C13D86A,SOCTRVF12AB018559E
SOKTFBG12AB01805FB,SOMYIUG12B34F1EB72,SOHIAGJ12AAFF44358
SOCBRSU12AB017B03B,SOLCQTO12AC3DF99E0,SOQBLLX12A582A2BE0
SOHUAPD12A8AE46F43,SOYDDNH12A8AE4753F,SOOEHZB12AB01878D4
SOMSDUB12AB018BBDC,SOXUUGQ12A6D4FC577,SOULNIB12AB018CC9A
SOWNUXQ12AF72A1A91,SOKSNPP12AB017C33E,SOMJHCA12A6701F2BC
SONBRVB12AB0188F34,SOXWGIK12AB0188F49,SOGVTMZ12A6701FC5E
SOSDDAO12A8C133DCD,SOCLZOC12A8C133DF7,SOUQAYL12A6D4F5924
SOXLYKV12A8C13C436,SOUFBXG12A6D4F8888,SOJQMQP12AF72A1B84
SOEJLOX12AC468AEC3,SOYTPUG12AB0182DFE,SOWDFME12AB018547F
SORBDDV12A6D4FA38F,SOZGLNL12A8C13BBB0,SOFUCKE12A8C135DC9
SOHPLRI12AB017FFE6,SOKGJCH12AB017FFFD,SOASIAJ12AC96187CB
SOEKVHT12AB018D3D0,SOUOXQJ12A58A7E777,SOCDRTL12AB017E541
SOBKXAF12A8C131F3A,SOLUQCB12A8C1323B6,SOPNNOI12A58A77673
SONLMSB12AB0182AC1,SOOMAQZ12A58A775C2,SOSSUDX12A6701F3B3
SOQOEMZ12A6D4F9C52,SODYVBO12AB017C3A5,SOOTRCK12AC468DCA4
SOIGUSP12A8C1410F1,SOBZLTI12A8C141ADF,SOKSNPB12A8C140D1C
SOGFKGU12A8C136785,SOGHPMZ12A58A7E0D3,SOSIUCT12AB0182323
SODDOTQ12A8AE4793B,SODSOFW12A8AE47950,SOLISOZ12A6D4F8D33
SOXYJAJ12A81C22F87,SOCLRZA12A81C22F81,SOVPRWP12AB018B128
SOCUSNQ12A8C138A86,SOYCNWG12A6D4F88A2,SOBJXPK12A81C202A6
SOFFKZS12AB017F194,SOYNEVM12AB018439A,SOLWVYA12AB017FC70
SOINOAV12A8AE48210,SOYABBS12A8C134486,SOTWBLB12A58A7784E
SOVYUVO12A8C13CF24,SOGQCVX12A8C13EB6D,SOTKBLS12AB01818BC
SOVZRDZ12AB0185294,SOROCHB12AB0185298,SOPFBQZ12A8C13B030
SOWGGLJ12A6D4FB1A6,SOWTPSE12A8C13EB70,SOAQZYQ12A58A795B9
SOOMUYV12A8C1409D7,SOBEXVO12AB0180C53,SOEYXLJ12A8C13A8EF
SOZOUQP12A8C1359A9,SOLUMBS12A8C1359CE,SOQECGM12AAF3B32BA
SOOEOCG12AB0182AB6,SOGJOVA12A8C142B9C,SOGQKKP12AB017C887
SOUJQJI12AB0183C80,SOKUWZA12AB017FB9B,SOBDIMZ12A6D4FA221
SOVFQWV12A8C135BD0,SOZRGYM12A8C135BD4,SOPMEDU12AB0185E9D
SOXEBRA12AB0181385,SOUNWMD12A67AE01A7,SOYKDVO12A58A785C9
SOUWQYP12A8C1373F2,SOARFDK12AB01826E6,SOCJOCU12A6D4F9897
SOISYOA12AB0180AB4,SOTKDQN12A67ADA0D1,SOXZFUQ12A58A763DA
SOIGKIJ12AB01859AB,SOUTBTH12AAF3B3362,SOKDFIV12A6D4F9398
SOZYURR12AB0180369,SOXLWPS12AF729D5DA,SOUXZXX12AC468C76C
SOEHQFG12AB01818EC,SOZXQBU12AB0187B8F,SOQDLFG12AB0184108
SOIJAZJ12A8151D43D,SOEWYFK12A8151B9CF,SOLKJIE12A8C13F56B
SONOMSW12AB0186949,SOVLGTU12AB0186955,SOGVIRG12A8C135E90
SOZUHSB12A58A7BBF2,SODWYIX12CF5F8731B,SOQJOGG12A8C13F95F
SOOYZII12A6310D8D9,SOYPDFU12A6310E14C,SOWGLWC12AB0182D77
SOCQITN12AB01832A9,SOLWFIW12AB0183257,SOQRKEK12A8C1335F5
SONEDJK12A8C13CE29,SOONWJB12A8C13CDF1,SOFQGCQ12AB0183609
SOEFRRE12A8C145A7F,SOBBKLC12A8C140E96,SOPDZEH12A8C140BBC
SOWJZAO12A8C144178,SOLQYYJ12A8C13A732,SOYSPFA12AB017DB5E
SOGGDDG12AB018096C,SOCSSYA12AAF3B2350,SOCSSGZ12AB017F146
SOJZQSA12CF58289CB,SOPZOAP12A670203EC,SODHLVB12AB018CB79
SOHLRNO12AB0181184,SOSZPYM12AB0181191,SOFJUOE12AC3DF6293
SOLFIXP12A58A79314,SOBDQXU12A8C140BDC,SOADUPG12AF72A1403
SOOILMU12AAF3B34EE,SOFJDTS12A8C13F7FF,SODEVLC12AB0181F63
SOQKDEG12AB0182613,SOJYJUZ12AB0189542,SOCPSBZ12A6D4F43ED
SONQOFV12A8C13B1E0,SOWUNDC12AF72A087A,SOJBHFT12A58A7D580
SOKAHMK12A8C138EB9,SOHRHJZ12A8C13A6DC,SOYLVIX12AB0186C6E
SOUCHUR12AB018756B,SOGKAGF12AB0187767,SOGMZGW12AB018A98C
SOTGDSC12A8C1365F0,SOBTGBJ12A8C1393AB,SORUKKN12A67021D65
SOYUXBR12A6D4F5651,SOZODRM12AC4687153,SOHLFGQ12AB0186CAD
SOUJRGA12A6310EC37,SOYSCPE12AB0181BBF,SOKAQRE12A6D4F875D
SOUZFIW12AC9075753,SOZFMNW12A6D4FA338,SOBXEJI12A58A79725
SOGGLGJ12A8C13FFAA,SOSAWGH12A6D4FAAF5,SOBVGTG12AB01826A3
SOBTQGA12A6D4F9306,SONZJGK12A6D4FBA14,SOJMXXW12A6D4F9DB3
SOVPERY12A8C133A07,SONUFZP12A58A7CAA8,SOKGHWU12A6D4FB9F8
SOKBSZI12AB018ECB7,SOWNHQB12AB018ECB4,SOVWXLN12A8C130261
SORLIJP12AB0181E5A,SOGFMRQ12AB0180418,SOQPGEM12AB0187476
SOYMRWW12A6D4FAB14,SOKLINL12A8C13447C,SODPLAR12AB0188886
SOVYZIA12A8C136E0D,SOSYPCS12A8C136D12,SOUSJXO12AB017AE26
SOQKCJL12A58A7A74B,SOXLDZX12AB0185710,SONOEDB12AAFF41629
SOABNPC12A8C13A9CC,SOPEJWE12A8C138996,SOCIPQR12A6D4F73DA
SOAIVLN12AB017E523,SOVQAIF12AB017C179,SORVFEV12A8C142815
SORWBQD12A58A7919D,SODKJGW12A8C140BB1,SOKEDEP12AB0183EA8
SOAGXBV12A6D4F70BD,SOFVPZU12AF729CC83,SOLEAQW12AB017FAEB
SOLZVWC12A8AE47095,SONCWGI12A8C1393C4,SOABIXP12A8C135F75
SOEZUKD12A58A7A7CC,SOASIIW12A8C14382F,SONSHCQ12AB01858AC
SOUBVIH12A8C137C89,SOBNILM12A8C13A1EB,SOTFEVO12AB018AFD6
SOANBYB12A58A7F0C5,SOMYRRN12A3F1EA18C,SOOODYW12AB018398A
SOMGCWS12A8C138515,SONJIRS12A8C13A111,SOLOMBO12A6D4F6089
SOHIQQL12A8C141BB0,SODEQTP12AB01808A0,SOMLJGM12A6D4F8C67
SOIFDCU12A8C137054,SONZIHC12A8C137082,SOADEBB12A8C1345D9
SOXYHAQ12A8C139A64,SOBDXNG12A8C139A47,SOFBSQK12AB01888C6
SOBFXLE12AB0183D1A,SORQLMX12A8C133FCD,SOYFEMV12A6D4F7CDE
SOCARMF12A8C13BB6A,SOLLKSW12A8C13BB8A,SOVETWY12AB018574F
SOUEOZE12AB0180E2D,SOMKGTB12AB0180E4A,SORVOIX12AB0183C9A
SORLQLI12A8C1373BB,SOYTSKQ12A8C1373B4,SOVKYCO12A8C13793D
SOQMJCU12AB0185C39,SOAPIHX12AB0184CB1,SOKQXFP12AC3DFABAF
SOWSYRE12A8C136DB7,SOMXWJM12A8AE4801F,SOCNAIB12AB017F4D7
SOFMGHH12A8C13B5DA,SOFLIUW12A8C13B5F5,SOWEQGO12AC46892A6
SOBWGKB12A8C1431E2,SOFFSLO12A8C132CB5,SOBXXVZ12A8C140B34
SOFTNCB12AAA15CFC1,SOCARSN12AB0189577,SOJLROG12A6D4F6525
SOWDVIU12A8C13E8E8,SOJBWDW12A8C13FB51,SOPDVDV12A8AE47AF2
SOHXMMK12A58A7D4BA,SOGJWZG12A58A7C96A,SOESXET12A8C13DFA0
SOKRZXB12A6D4F8D97,SOYDMKC12A6D4F8F37,SOEQCSN12AB0189A35
SOOGMXN12A8C13954F,SOQSYGY12A8C137E0F,SOYUCBW12AB0189C9A
SOAXPSF12A81C221A3,SOBFMRQ12A81C20B80,SOJGCXY12A8C13ED61
SOIRQQV12A58A78D36,SOIIVQV12AB0185A57,SOYWIKB12A8C13CED5
SOGBOCA12A582A2A78,SOGFQTK12AB017DE14,SOUFOGF12A8C13E973
SOUTMMB12A6D4FB5F9,SOIYMXV12AB018B600,SOLQMUT12AC9072C77
SOYFPAK12A8C13DE81,SOOOBQI12A58A7C381,SOFBRDB12AB017F2C2
SOCJVAC12AB018E3CB,SOGUSCK12AB018E52D,SOJCVLT12A58291B95
SOCASBD12A8C1383AA,SOKNHOX12AB017F5AB,SOGZZST12A6D4F6990
SOHAUVX12A6D4F8C76,SOAHUOW12A8C13603B,SOSUOXG12A6D4F8770
SOOICPO12AB018321A,SOBAORS12A6D4F6820,SOZILBD12AB01813CE
SOGNRDZ12AC3DF7EB2,SOGEVQD12AB01868AD,SOIXPAY12A6D4FA533
SOXCWNT12AB01807ED,SORKSCX12AB01807EE,SOIEEGB12A6D4F8C8E
SONOVWA12A67ADA67B,SOCWHPT12A67ADA68D,SOJKAQK12A6D4FA4BB
SOZEYFC12A58A77E0B,SORWSBE12A58A7CA8D,SOTXWQM12A6D4F90E1
SOFDZWR12A8C134C41,SOINZIB12A8C13610B,SOVTGXQ12A6D4FB9CA
SOCPGAN12A6D4F7F17,SOHYNVB12A58A7CACD,SOZYRBU12AB0181196
SOWBFSI12A8C141235,SODAMWB12AB01807D6,SOGJBXJ12A6701FDF4
SOMZSKF12A67021446,SOAJWBY12AC468DBB8,SOTDKFI12AC9618568
SOFBPPY12A58A7C986,SOHYOBE12A8C1378B6,SOUNKDZ12A8C13F9CD
SOFCMUP12A8C133222,SOQQFFE12A8AE49E3A,SOFRQQG12A58A7C9B6
SOBIIGD12AB0182590,SOZPCFK12AB018C0A4,SOONNSO12A8C13E329
SOBMPJA12AB0182FEB,SONLAJA12A8AE45839,SOPGSDI12AB01814F5
SONPLZS12AB0182856,SOCAEIH12AC4688014,SOECRBQ12A8C13B9D9
SOVESSN12A8C138D11,SOOHXDO12AC468D5A6,SOBSQNL12AB01818EB
SOJIIDB12AB017BC10,SOXOTFT12AB01826AB,SOMMAZJ12A8AE48869
SOOEXUJ12A6701E77F,SOWJNKL12A81C21F17,SOWBQQW12AB01813AA
SOKFKKC12AB018AE07,SOAYFOA12AB0188CA3,SOWFUKL12AC9E15E00
SOFDKQV12A58A7D7D1,SOZAATU12A8C1350EF,SOTNRCH12A67ADC8BD
SOKMJVM12AC468D9AF,SOOVPVS12AB018B4EE,SOXJNRB12AB017F23F
SORMEHL12AB0189EEC,SOODSRB12AB0182D3F,SOVAGWU12A58A7DE78
SOOMAML12A58A79E4F,SOAXSYF12A8C14103D,SOJFZJL12A8C13E891
SOLZGRF12AB018824F,SOYJCVS12AB01869B2,SONDNEJ12AB0186FAC
SOMFGRH12A67ADA790,SOQWFDC12AB01825B0,SOHSREZ12A6D4F7C5B
SOGZGTH12A58A7DA25,SOPNXVP12A8C13D552,SOOMIBN12A6D4FEC7D
SOYUAXO12AB01841AD,SODWFNE12AB0185EA0,SOBZVRH12AB017E245
SOZOHLV12A6D4FB9CF,SOPRGBU12A8C1373E5,SOCYRUF12A67020890
SOWJQRR12A6D4F725C,SODXFVY12A6310ECF2,SOJLNBP12A58A7C0B0
SOBPSMK12AAF3B48FF,SOFAIDP12A8C13D4BF,SORSERX12A6310F1E9
SOYJRAN12AB018A181,SOLFSJJ12AB018C446,SOHOIUZ12AC4687424
SOHDVMB12A8C144469,SONNBOV12A8C144477,SONPXHA12AB017D876
SOKMKWP12A8C13519D,SORFLSF12AB01822DF,SOUXNHS12A6D2271E3
SOWTCNG12AB0187386,SOWVLMQ12AB018360C,SOAPKIC12A6D4FAA4C
SOWEIDC12A8C13325B,SOPHRNV12A8C1350F3,SOUVMRZ12A8C141B97
SOMGIRB12A6D4FD49A,SOZENAA12AF729FB2C,SOBBWNW12A8C13C619
SOSMGPE12AB0180797,SOWTZXK12A58A7BA5C,SOAIPWV12A8AE4563D
SOFWLPW12A6D4F29F7,SOMZEOY12A8C143260,SONCXKI12A6D4F8F08
SOJBVVX12A6D4F9510,SOYNDZJ12A6D4F950F,SOWTBHE12A8C142D85
SOJYWII12AB018578A,SONPHGP12AB0188DAC,SOITLYQ12A8C140705
SORZGGP12AB01869CB,SOGROUF12AB01867D8,SOVGQBW12A58A7B783
SONRFRD12A8C1388DA,SOMESTN12A8AE48E8A,SOXSKAH12AB018CA84
SOAVBMD12AAF3B440C,SOAAZDZ12AAF3B40A0,SOVAESK12AB017EB95
SOAYEDD12AF72A5917,SOXUEGX12A8C13C161,SOFQKZV12AB018514A
SOIEJWC12A6D4FA343,SOPNDRI12A6D4F5C50,SOOSOBU12A8C13DFF4
SOLPPNA12AF729ACEC,SOKZYFQ12A6D4FCE96,SOUHYVY12AB0184F4D
SOYFDYC12A6D4F921D,SOKQGOQ12A8C13931A,SOFFLLP12AB018ED52
SOPPQXA12A8C135084,SOEFSSH12A8C1350C3,SOLWXCM12A81C21F3D
SOAZPLB12AB017C7A4,SORENUS12AB017DE55,SOLKOLV12AC3DF5241
SOOEXTY12A6D4F9384,SODZURJ12A6D4F938C,SOGKTPC12AB0188795
SONSTMV12AF72A611C,SONVSQS12A8C133565,SOVGOCG12A58A7A018
SOHTQAS12A6701C7BA,SOPJOQA12CF530E59C,SONCJLY12AB0187193
SOQVZNH12A8C130FDA,SOCXMVV12A58A76D0B,SONPZSJ12A8C1413AB
SOJFVNM12A67AE0320,SOBTKVD12A8C13FB25,SOAXEXV12A6310EEB0
SOJPOQN12A8C1342B5,SOINOAV12A8AE48210,SOTKSNO12A8C14072F
SOLHRDI12AB017A671,SODBQXV12AB0182A7B,SOHPTKV12AB01854BF
SOXHWPZ12A8C141B42,SOLSFZY12A8C141B2A,SOEKDVV12A81C222D6
SOOGQNR12A8C13DA66,SOPJXQG12A6701DAFB,SOQFFRN12AB0183C34
SOFEYCN12AB0182ADB,SOBLFQL12873FD5546,SOCMGWK12A8C138B92
SOBBWAI12A8C139477,SOSAHUO12A6D4FC0E9,SOGZCRP12AB0185D39
SOMHVVV12AB01800F1,SONWZPX12AB017BD12,SOGYTJG12A8C141CDC
SOMLVWN12AB0189B7D,SOIPEMF12AB0187A7A,SOOMELX12A8C1312E2
SOYNLEI12AB018693B,SOVFASO12A58A7B593,SOWFUYA12AAF3B56C5
SOOJMEN12AB017B79F,SOYCJFP12AB017B7C4,SOGEJNC12A8C13F538
SONQTZF12AB0181781,SOIUJEF12A8C13C878,SOHFQNH12A8C13BC8B
SOJGMIW12A58A7C7E1,SOUJRUF12A8C138BA7,SOLNPSC12AB017B9C6
SORHXSH12A6D4F8155,SOKXAFQ12AB01891A2,SOQDUIS12AB0184557
SOTXLGG12AB01870EB,SOEENRS12CF5F88F52,SOEAKNK12AB0186E5B
SOTDEOI12A8C133947,SOXKORX12A8C132A88,SOJLVSP12AB018252B
SODZVLP12AB018D642,SORBCAE12AB018D62C,SOZBYWR12A8C133BC3
SOCZTSW12A58A78ABB,SONHLVP12A58A77596,SOAJDSL12AB018CD11
SOHURCF12A8151CA32,SOHBEOB12A8151BAEB,SOKAJCZ12AB018B056
SORIFWG12AAF3B329B,SOQECGM12AAF3B32BA,SOHWUNZ12A8C136F71
SOWEDAB12A8C1383A9,SOAIAAF12A8C138374,SOOFIYW12A8C138CED
SOKVDCH12AB0180E0E,SOBVRJV12AB01847FC,SOUGKGL12A58A7BA58
SOTPJHE12A8C14143D,SOQFDBB12A8C1392D5,SOQBRHG12D02190B40
SOLFINK12AC468AA1E,SOOYBVD12AC468DF29,SOOBJKG12AC9071687
SOAHZAB12A8C13671C,SOSOGVR12A8C138463,SOYLXJG12AB018197C
SOSIVJK12D021B4772,SOOXOPR12D02193D64,SONZOSK12A6D4F8618
SONZZCC12AB0182334,SOCQVWY12AB01876AE,SODBJRK12CF5CFC484
SOIFYGN12AB018269A,SOPMHRB12A8C135C94,SOHXKAN12AC46872F1
SOGPSLQ12A6D4FCE2E,SOFMBNM12A8C13621A,SOJYWOO12A8C131CA2
SOEWSIO12AB0189586,SOAQCJN12AB018954B,SOAKSCF12A6D4F6D01
SOQYKBE12AC46867EE,SOWRNJC12AB0184DA1,SOQFTAA12A67AD75B4
SOBUEFV12AB017DA24,SORTSTM12A8AE4624E,SOKUWVR12A8C13C512
SOFOURV12A58A7A049,SOHGFMV12A8C13DE45,SOAVYQA12AB017F8C0
SOOTHVI12A8AE478E9,SOQBYGA12A8C140C5D,SONBHJE12AB018C956
SOLKVTJ12A6D4FC610,SOUTNFH12A6D4FC642,SOYPXCJ12A6D4FE525
SOFCEGR12A81C23972,SOKDZCE12A8C134DBF,SOPFECR12A8C1384EA
SOKLBUF12AB0180F11,SOFPYXC12A58A7A4B9,SORQLMX12A8C133FCD
SOKEHAS12AB01852A5,SOPNJID12A6D4FA681,SOXSNVX12AF72A50F2
SOICRJD12AC90970FA,SOPWJCO12AC468944E,SODOPHX12AB01859BB
SOBKFKW12A8C13B41E,SOBMTJO12AC3DF4BDA,SOIZGAE12A8C143A57
SOUHNLU12AC3DF95F3,SOWMISZ12AB018E8FA,SOZKFBS12AAF3B345D
SOXWQWO12A8C13BF20,SOULMYP12A8C143D8B,SOGTZTM12AB018AB8A
SOQISYW12A8C138BAB,SOPIYGY12A8C13839D,SOWDPLF12A8C1354E3
SOAJVCD12A6701D947,SOSIGTV12A58A7B498,SOVVCEK12A6D4F6373
SOAUAOA12AB018776D,SOOLNAT12AB0185FE3,SOAERMK12AF72A2595
SOHKFDD12A8C142D3B,SORQIMO12A8C143553,SOISRKV12AB0180200
SOOVPVS12AB018B4EE,SOKMJVM12AC468D9AF,SOIIILE12A8C1340F4
SORQORF12A6D4F954F,SONQMGY12A8C1419CC,SOBVLUP12A8C140311
SOGCGHD12A8AE481FA,SONHEYR12A8C13D89D,SOGARDI12A8AE45FDA
SOJKMPJ12AB018D99C,SOVLZXM12AB0183966,SOFIURK12A8C134C4F
SOPTOAB12A8C138D06,SOLXZQS12A58A790DA,SONVZZX12A8C14027D
SOSGSTX12A8C137AF2,SOICTIE12A8C135603,SOLRVIG12A8C139FEF
SOSUDLN12A8C136FD5,SOVZPVJ12A8C1397BE,SOEVQOI12AB018B8EA
SOJXJQR12A58A76863,SOEDAOK12AC4688B8A,SOGZRCP12AC960D91D
SOEHGSX12AB0182742,SOYUXBR12A6D4F5651,SOTILPD12A6D4F814E
SOAMPAM12A8C1395EB,SOERKHO12A8C141CD7,SOOOJQP12AB0182239
SOTRIAM12A8C13E18B,SOTHMYL12A8C13BF09,SOBRJMH12AB018B853
SOYDVOE12AB0180ABB,SOJVYGS12AB0180AB8,SOSQSKC12A6D4F6C7F
SOCYHQT12A58A79F35,SOPQKMP12A8C13D3B6,SOZYLBH12AB018818F
SOHYDKD12AC4687498,SORCIKK12AB0184E4D,SOUUVTA12A8C133341
SOIXODI12A6701D9FD,SOSTETI12AB017DF4C,SOTXSGT12AB0187D9F
SOAEAQO12AB0184ACE,SOHEYVW12A8C131DAF,SOEGXAU12AB018EB30
SOKQPNP12AB018DCF8,SOVYMDF12AB0190444,SOFIYHE12A81C212D5
SOQRPIU12A6D4FBBA3,SOFTZPW12A6D4F988B,SOPEQNR12A58A7D232
SOMIDHA12A8C132C67,SOWWQST12A8AE4675B,SOYAHKN12A8C132CE0
SOMTFUD12A8C13E466,SOKDTJR12A8C13E46D,SOWLLDF12AB0189A8E
SOEAZXJ12C41E039C0,SOJLQYU12C41E06FF4,SOLLFHP12A58A77467
SOOBVSX12A8C13754F,SOMWUQI12A8C139457,SOTHCAK12AB0188085
SOCKZQT12AB018AA05,SOBMMQH12AC468ADB7,SOJUGHD12AB0183D45
SOADYMC12A8C132E23,SOHQNOQ12A8C132E19,SOKKSPP12A8C13FB21
SOVBPVY12AC3DF73D0,SORJDLA12AC3DF73BC,SODXHHY12A8C139E9F
SOGKIQU12A8C137E5F,SOQCAPC12AF729EFB9,SOHFCLE12AC3DF6C68
SOWFKXK12AB0189E6D,SOYAWSK12A6D4FA963,SOFNXRO12A8C13ACD2
SOAKFIF12A6D4F7A95,SODJMTU12A6D4F7A98,SOJSYTD12A8C13E5F3
SOCWUXY12A58A7F1E8,SOKLPTD12AC4688044,SOYZIYS12A6D4F5ED5
SOCGRSH12A58A7C8A5,SODCANB12A8C13EB98,SOHHVZZ12A6D4F9848
SOAUNDO12AB017BFF8,SOOPBZY12AB018379D,SOHUUWS12AC3DFA7C1
SOSJHLR12A8C1384CB,SOFENRE12A6D4FAF52,SOTFTCE12A6D4F86CF
SOVCOYL12A8C134FE3,SOLEKCZ12A8C137683,SOSCTLE12A8C145E7A
SOXCMDH12AB017DF4A,SOJWIUI12AB01847CC,SOWBUSK12A6D4FB7AB
SOMTNHX12A8C13A447,SOVRNFO12A8C13A3F9,SOAQIGM12AB0181D99
SOONNSO12A8C13E329,SOFBBLF12A8C13E216,SOATGDV12A8C13E623
SOZBOLJ12AB018B0EC,SOQBGKC12AB0184F05,SOPQUIT12AB01826EA
SOAWSUR12A8C139785,SOAPINS12A8C139C24,SOPEHBB12A8C14309C
SOADCKL12AB0180ED3,SOHRJBJ12AB018783E,SOHEOAO12A6D4FAC4D
SOFIUQW12AC468C3EB,SOFWAXG12AC468C3F8,SOHCJBG12A8C13ECB2
SOKUTVW12A6310D81B,SONDBYI12A6310D81C,SOQBUSL12AB0182917
SOEUNMC12AB01800D0,SOPPHQM12A8C13B056,SOEQINI12A58A7875B
SOVYCFD12AB0187FA1,SOQGIEO12AB018AF4C,SOFQFFY12AB017B4FA
SOYJWMB12AB0182915,SOSSTWR12AB0184312,SOSRIVF12AB017DF0E
SOYQDSF12A8C1342DE,SOAMEJX12A8C1333EA,SOQYRAY12AC3DFAFB0
SONSUZV12AB018914A,SOHLRVJ12A8C13A9A2,SOKCNCS12A6D4F88D6
SOOODKC12AB018462F,SOKWKUQ12AB01868D8,SOCFCCX12A58A7C0F7
SONAITJ12A6D4FA94F,SOSMIDO12A6D4FA959,SOTMODD12AC3DF4C13
SOWOPHD12AAF3B1D9C,SOUMXTM12AAF3B1DB4,SOKQONA12AB01801FE
SOBGSQE12AB018A5D6,SOCZTXC12AB0187047,SOBXHCE12AB018B6AC
SOFOURV12A58A7A049,SOHGFMV12A8C13DE45,SOHISMV12A6702039C
SONOVWA12A67ADA67B,SOUOHOA12A6D4FBCE0,SOOMDVR12AB0182BEB
SOVVRRU12A81C2435C,SOXNSGB12A8C1396F1,SOOVCCZ12A8C134E1C
SOCPTXX12A670216E9,SOFUUCS12A81C23A5D,SOLNDSZ12A58A7FC62
SOKAGET12AB0186BDB,SOVXWDD12A6D4FD2F7,SOWKUAI12AF72A1FC1
SOACEBW12A8C13A5B1,SOVYKAI12A8C140C4B,SOUSUUY12AB01869DB
SOESMFI12AF72AA48C,SONJRUV12AF72A20D7,SOTFFMP12A58A7D25E
SOGDBEV12A6D4F9EAE,SOBRSHC12A670201EA,SOIIEVK12AB018A1B9
SOOBNCY12AB0182457,SORRYWR12A8C140E3C,SOJESWS12AC3DF9CED
SONOMSW12AB0186949,SOVLGTU12AB0186955,SOUGZUC12A8C1397F0
SONKSST12A6D4F7764,SOZTHIH12A6D4F8279,SOCYUZL12A6701FA23
SOHJEKC12AB017FC2E,SOSOGWO12A8C13EED1,SODTNTH12AB0183019
SOEQFDT12A8AE48018,SOOJHFV12A8AE48064,SOATHRP12A8C13407D
SOXFXKG12AC468D6DB,SOINAVT12AC468D6DE,SOIZXMG12A58A7B21C
SORFMTN12A6D4F8FAA,SOCVAES12A6D4F8FA4,SOLXZOF12A8C13D6B8
SOHHKVA12A81C20434,SOJVTNT12A8C13A60C,SOJKAQK12A6D4FA4BB
SOFBBLF12A8C13E216,SOAUOHH12A8C13F316,SOXKGFZ12AB0186E2B
SOJUODR12AC960DAC2,SOMFCTP12AB0183477,SOXQOHL12AB017D69E
SOEGGSQ12AAF3B5A9E,SOFCAEG12AAF3B5AB6,SOQKHPK12AC95F0864
SOSANVY12A8AE484C9,SOBYEEJ12AB01857EC,SOOKXKB12A8C1390B5
SOBYJKY12D02198AFF,SOGREDJ12A58A776C2,SOMULTQ12A67ADE98A
SOIHCHR12A67ADD695,SODKKWP12A67ADD68F,SOMAKFL12AC3DF9FB1
SOKAWZI12A6701F31E,SOTJHCB12A6D4F8ABC,SOGCGAW12A8C13BF27
SOOVRAZ12A8C136239,SOZKNDL12AC468A381,SOYTSPS12A8C137A3B
SOKQMRR12CF530E4C9,SOFOGMR12A8C140FFF,SOBCFLR12A58A7985F
SODGFCO12AB017E96B,SOZRYDR12AB017E995,SOXXNNR12A8C14109A
SONNBOV12A8C144477,SOHDVMB12A8C144469,SONTEEZ12A8C13EC73
SOMUWXQ12D02193456,SODXJOK12D0219889B,SOGQGWB12AB0189B01
SOLWFYL12A8AE47B48,SOKQQDO12A8C13471A,SOUJDKW12A6310EA77
SOCXFJK12A8AE47530,SOGOFTB12A8C1428B5,SOCHARV12AC468943A
SODNDRZ12AB017C1CE,SOFKZBQ12AB017C1E6,SODZZDV12A6310F9AA
SOKYIHV12AB0185185,SOJLUCO12AB0187072,SOZNGIX12A8C141F48
SOIZKON12A8C1433EA,SORGJUX12A8C1439B0,SOCIXSD12A8C138604
SOCGURO12AB01895EB,SOMRTUL12AB01895CE,SOMDXRM12AB018532C
SOILWZV12AB017BBAA,SOJHXCE12A8C139B1E,SOOBOKE12A8C136227
SOBLSAK12A67ADA433,SOHCXLR12A6D4F8A80,SOJXEMA12AAF3B410E
SOMODCT12A8C137EAA,SOMTCFU12A58A7D92D,SOJOYHO12A6D4FD787
SODEQTP12AB01808A0,SOHIQQL12A8C141BB0,SOROUET12AB0187809
SOQUVZG12A6D4FA7D2,SOGEHQW12AF72A46DF,SOKHVGA12A8C13FE84
SOITUZS12A8C13A99C,SOTCFPV12A8C13CE08,SOPKURN12AB01894AC
SOBEASP12A8C138D87,SOAVEQH12AB01852BC,SOUUCHK12A6D4F77B6
SONGDUJ12A8C136D9A,SOCWJBY12A8C136DB2,SOPINXJ12AB0183C9A
SOHOOWK12A8C134609,SOXNYBP12A8C132DC0,SOVKVJM12A6D4F972F
SOLZCIS12A58A7F7FB,SOMRXQB12AB0188783,SODTDPF12AB018694C
SOHPWHH12A58A79664,SOUSCFR12A58A7D3DA,SOAMEWK12AB01846D1
SOKGSWQ12AB0188465,SOKMETY12AB018846C,SOFTFSF12AC468D657
SONUMYT12A8AE47DEE,SOVXVKR12AB017F9C6,SOCHJHN12A6D4FB1B6
SOKLFJH12AB0185DA1,SOFQWMX12AB0185DB8,SOZKCQY12A6D4F5C66
SORTYWG12A8C1444E7,SOKKVBG12A8C1310F3,SOHKCCM12A6D4F6957
SOUBVHZ12A6701F18C,SOOGMLU12AB018889D,SORSTPO12AB017FE28
SOKELFE12A6D4F7911,SOQIZKJ12A6D4F7910,SONCRPK12A8C132226
SOVGYMU12A8C135147,SOXNSGB12A8C1396F1,SOIEBHY12AB0181AB3
SOKRVCB12AB018158A,SOBIFON12AB0181587,SOBJXPK12A81C202A6
SOPTEDP12A8C139E74,SOOTFBM12A6D4FCD69,SOTQYCQ12A58A81624
SORWYKD12A58A7C79B,SOQWBCS12A58A7C2C3,SOCYCFF12AB0188824
SOBHMQL12A67ADE30A,SOCGCVT12A6D4FAF6F,SOSZEJE12AB0185AB4
SOWVIKJ12A8C13CE3C,SONNWOE12A6D4F8272,SOXOKXS12A6D4F8154
SOQQZZZ12A8BED7943,SOIVAEA12A8C1350CB,SOOVCXL12AB0181446
SOTEKVH12AB01840E4,SOZQZCA12AB017EAE2,SOIESTU12A8C1362BC
SOEEWSN12A58A787FB,SOXSPXW12A6D4F9AA3,SOZKPKJ12AB0185B9A
SOXGGDY12AC468BCBD,SOGVPUQ12AC468BCA8,SONPKQG12A8C145AE2
SOCIFJJ12A8C13F98C,SOCKHZY12A8C142F79,SOGCSGY12A6D4FC3F2
SOEJSCP12A6D4F28D2,SOGMDFG12A6D4F28B0,SOOAGAU12AB018ADAF
SOWYTKP12AC9071901,SOHZOBV12AC907190A,SOSDZSG12A58A7CC19
SOHDWKH12AB018424F,SOWCTRR12AB01858F8,SOFMIWT12A8C141EE3
SOMNEHU12A6D4F7FBA,SOYLCXJ12A6D4F5DD3,SOSIGTV12A58A7B498
SOLCDDD12A8C142DB3,SOKYUAK12A8C142DF9,SORFQCE12AB01855E5
SORJKTW12A8C144E14,SOZUKJX12A8C144E16,SOHJOLM12A8C138BD8
SOLNQYB12A8C145895,SOKLXMX12A8C13EC17,SOFDZEG12AC4689BF8
SONCRJB12A58A7A86E,SOOYDRQ12A8C1447D8,SOBVBWX12A8C13E354
SOXKLGM12A58A7D814,SOTDUIP12AB017EDD5,SOZNYHL12A58A7F979
SORKFVE12A81C20A15,SOHKDVU12A8C13BEFE,SOYBULW12A8C13C5E1
SOAAXXH12AB018CAD8,SOXPAKR12AB018AB42,SOBZUCH12A8C13DCA0
SONQIGD12AB0186EB5,SONXDON12AB0187EFD,SOSOMFB12AB017ED02
SOWYWNY12A6D4FC9A8,SOPUVKK12A58A779AA,SOBBDUE12AB0188E83
SOGKLVR12A6BD550C7,SOAOJRS12A8C13C698,SOJFBAR12AB018A9BF
SORNNYA12A58A7D4DC,SOXCQQN12AB0182994,SODMWKI12AF72ACC1A
SOFUUCS12A81C23A5D,SOCPTXX12A670216E9,SOOYFMV12A8C13E2F6
SOJQEMR12AB0186A52,SOYGLZC12A8AE44B98,SOGPUOJ12A6D4FA654
SOYHAFH12A8C13720C,SOOYVVG12A6D4FCB27,SOWWYSD12A8C13BD9B
SOSWYWM12AB018A072,SOSLDUO12A8C13F7E0,SOFSZUD12AC95F0253
SONBWUT12AB01845F1,SOZNAYY12AB01889E7,SOFACDF12AB017E65A
SOLBUCG12A8C133BA1,SOKVIZM12A8C134AB6,SOMZXIG12A8C13F3A8
SOKBBZQ12AB018844E,SOYAJUD12A8C1399FE,SODYPAZ12A6D4FA378
SOQOSVJ12A8C13251F,SOHYSVP12AB0184900,SOFBBXV12A81C21835
SOEZGXO12AB017E330,SOBLMHO12AB01868EA,SOBBICZ12A81C22939
SOJRVVY12AB017B544,SOMVZDB12AB017D8BD,SOAHNZK12A6D4F79A9
SOGDSKU12AB0185A94,SOHOQAP12A58A7AE47,SOKAXGR12A6D4F9285
SOVGMLY12A8C1314BC,SOOVKJZ12A8C133ED9,SODGTNB12A58A7B946
SOKQNQT12A8C134DFC,SOIOUIR12AB017ED30,SOEWNUZ12A8C136547
SOBWBFN12AB018A096,SOKVNAG12AB0188334,SOCXBKP12AB0184260
SONGCRV12AC468AE46,SOEWUBS12A6D4F8DB0,SOPTLQR12AB018F7CD
SOHACYI12AB0186821,SOIONEB12AB0189972,SOZIVZV12A8C132D7E
SOWOAZS12A8C14159D,SOTTZUB12D02197670,SOITBRQ12A8C13AB08
SOLIDWN12A8C1411A5,SOHANQX12A8C13C2C4,SOTRKNE12A8C136EBA
SOVQIJC12A8C141CF6,SONPKIF12AB018164F,SOSAVBB12A8C13D255
SOJQZDF12A58A76CBE,SOIJRJD12A8C13EE8E,SOYHVSZ12AB0183486
SOPTZQK12AB018AE52,SOTOCSE12AF72A71E1,SOWSYOA12A8C1379D3
SOHOXPK12AB018237D,SORVGXN12A8C142CCC,SORLLOK12A6D4F6840
SOYUATG12AB0187986,SODMDKI12AB018796E,SORISAQ12A58A79702
SOFUJJN12AAF3B359D,SOHPGMI12A8C13C6A8,SOSZCWF12AB0188AB5
SOIVZVM12AF72A42C4,SOCCRKJ12A6D4F9178,SOWIKCH12A8C139B84
SOCDWLJ12A8C13B7B0,SOYDWJN12A8C13B7A9,SOZDWZJ12A58A7627D
SOLSDYH12AB0189D44,SOIPTIG12A8C13E99E,SOQJNYX12A8C13A52D
SOQUXJV12A67021253,SORGUCP12A6D4F6954,SOVOAFR12AB018163A
SODYRCT12A8151D6B4,SOMWVBL12AB018C419,SOZXEVI12A8C136421
SOIBBTP12A8C13DA70,SOXVUBM12A58A7DAE2,SOTNBMI12AB0187691
SODRLGM12AB018624F,SOBBQLG12AB018D501,SONJPTF12A8C14535F
SOZPBWN12A58A7C3C4,SOELMDY12A6D4FB18A,SONPKIF12AB018164F
SODHOIO12AB017D99A,SOACICF12AB018AA8B,SOVCQBA12A8C144D14
SOIILNW12AB017DBD6,SOLVAZN12AB017DBAD,SOSQCZP12A8C137F0C
SOBAZVC12AB017BDD6,SOENHQU12AC468AE6B,SORZUVX12AB017BDCB
SOYLDUY12A8C1399F0,SOKSYBK12A6D4FCFFC,SOWHZSQ12AB018CAEC
SOKSINK12A8C13CB9B,SOLGKUS12A8C1436EE,SOHDBTS12AB01804B5
SOWJPYS12A8C13E5DA,SOLWJJQ12A6D4F8F4E,SOHMFAR12A6D227226
SOJGLOH12A8C139F3C,SOGXHEG12AB018653E,SOHFRAI12AB0183D3D
SOIXZRZ12A8C13A2C2,SOPRFIF12AB01867F4,SOEMYXK12A6D4F7D6C
SOQSDYZ12A8C1366CC,SOOQNTM12A8C13BCDA,SOPESRK12A6D4F8B92
SOSCZHB12A8C13489C,SODJDMZ12A8C13D32A,SOBCYBM12AB018E212
SOPITEC12AB0182AE0,SOWXQVK12AB017F0CA,SOBUWCD12A81C21EDA
SOVGBAH12AB018792A,SOYOCQX12AB0187905,SOATCZJ12A8C13A3D6
SODUBHJ12AB018343F,SOUHWRL12AB018ABD1,SOKVDGZ12B0B806732
SOIAAMV12A58A7B8C9,SOSAFWF12A8C1420A1,SOWDVUS12AB01813E7
SONQFQJ12A8C1390B3,SOGAGTE12AB01853A5,SOSBCDM12AB018475B
SOYSIBH12A8C142B7F,SOHAPUN12AC4687C90,SOEOLHU12A6D4F792F
SOHZVRB12A8C139FB7,SOLIRTZ12A8C13B9B1,SOZWHGT12A8AE48980
SOEZUKD12A58A7A7CC,SOASIIW12A8C14382F,SOOMBIO12A58A7DFF9
SOGSOYU12A6D4FB2FB,SODRVYY12A6D4FB2CE,SOGTCPZ12AB017D9F0
SOAYWQH12AB018C97F,SOJBWPP12AAF3B4723,SOKPXAZ12A58A802CF
SOKSINK12A8C13CB9B,SOLGKUS12A8C1436EE,SOIMPUA12AB018EAFD
SODIECZ12AB018A18F,SOBTCRE12AB018A1CF,SOFSSUK12AC468ABF6
SOKQNQT12A8C134DFC,SOIOUIR12AB017ED30,SOGTSLZ12A6D4F8BA7
SONOEDB12AAFF41629,SOIOKCW12AAF3B4C14,SOPUAZS12A81C206F4
SORMFHE12AB018A235,SOGNSDE12AB018A247,SOEHYKB12A8C14264C
SOFDDSM12AB0182DCA,SOAWDBP12A8C144CB2,SOVWJNL12A6701D396
SOZQSXN12AB018671C,SOBTTKH12AB01866EA,SOBBLPB12A6D4F7AC7
SOCPRAT12AC468F212,SOTHQKY12AC468D508,SOKZYFQ12A6D4FCE96
SOFCAEG12AAF3B5AB6,SOEGGSQ12AAF3B5A9E,SOOLRCD12AC468B0FF
SONCNDF12AB018B873,SONJLED12AB018B880,SOFGOGB12A8C13D18E
SOYEYDG12A8C1426F1,SOVHGNU12A8C142FE5,SOSRRIM12A58A7CD21
SOSTYXX12AB01862AC,SOMJBMS12A8C1366A5,SOLVDJF12A6BD50DFF
SOUWOXC12AB018B710,SORVRLL12AB018B709,SOVOZPC12A8C13C6D3
SOGEBYS12AF72A1E9D,SOKVKYW12A8AE46741,SODHZCE12A6D4F6A0C
SOKAHJS12AB017C94A,SOJWUQX12AB018003F,SOXFCKL12A6701E037
SOBRNTL12AB018662F,SOTXAPA12A8C13D8C4,SOZFFJY12A8AE45EAA
SOLBUCG12A8C133BA1,SOKVIZM12A8C134AB6,SOAPHQP12D02191A96
SOHMGLM12AB01846C2,SONBELQ12AB0184070,SOFPMMD12AB017D3B0
SOOJNDD12A6D4F99E5,SORZIBX12CF546516B,SODYPAZ12A6D4FA378
SOSBLXP12AB018529A,SOFKLHI12AB0183745,SOBQVBT12AB018B4EB
SOWAQJY12A6310DA23,SOBHTDE12AF72A7CD3,SOVAKQR12A6701FABB
SODUSSJ12A8C1409A1,SOSDHAM12A8C1387A9,SOJXYUF12AB0188969
SOIIRFQ12AB0184E6D,SOKHUIS12AB0187DD6,SOFZBJR12A8C13C45D
SOSQREX12AB0184C30,SOHHSFW12AB01809FB,SOEFBRP12AF72A0875
SOMGTDZ12AB01816D5,SOVSRRQ12AB01823D7,SOVESSN12A8C138D11
SOVTRMR12A8C142FAF,SOYYNYM12A8C14271B,SORLMRP12A8C14340B
SOXVPBU12A6D4FAD80,SOPCMBU12A6D4FADB1,SOPSVCT12A8C143BDF
SODPDGT12A8C13B7A8,SOUWQQN12A8C13B7B0,SOAVGKZ12A81C1FD16
SOJTHPT12A6D4FAAC9,SOEXJAV12A6D4FAAC5,SOWVIBF12A58A78921
SONVZZX12A8C14027D,SOXMFNF12AB0184BAA,SOZTPFN12A8AE4819E
SOBRLPR12A8C145A3F,SOXPJUI12AB01883C0,SOOQITJ12AB0180F36
SOMVGXD12A3F1EA10C,SOLXAOA12A8C13520A,SOGXSOW12A8C13BE05
SOPWLOQ12AB0186738,SOLTYQT12AB0182CE3,SOWPFXV12A6D4FBD9E
SOXATOP12AB017ACAE,SOMVWOK12AB017D07F,SORSVIS12A58A7ADFD
SOLIVKG12B35058B08,SOSUXVH12B0B807FF7,SOPRJEY12A8C13CD8C
SOMFEFZ12A6D4F6F7C,SOLNNRO12A6D4F6F74,SOLONBT12AB0183F5E
SOPCKXP12A8C14391C,SOIMDBI12B0B806778,SOAKJKD12A8C142446
SOWJAHS12AB01881B5,SONSFPX12AB0186961,SOJPQMB12A8BEE956B
SOHCYND12AF72A3CD9,SOWMQTJ12AB0184323,SONSZYC12A58A7C753
SOCHBNH12A6D4F896C,SOBJYNB12AB017FE27,SOUEUYT12A58A7DB62
SORLTJU12AC468703C,SOVZTVU12AB018E4B8,SOYECRB12A6D4F4BE0
SOMNUEC12A8C13D9D3,SORUZIY12AC4686C65,SOCVPIU12AB017ED74
SOEIPAY12A8C134192,SOTIZUO12A58A7A6CD,SOSUONB12A8C142E83
SOTKRUW12AB017F41C,SOITCJJ12AB018383F,SOPKOBE12A6D4FB7FD
SOIRBSI12A58A7A859,SOAKNXU12A8C13E920,SOKEIEF12A8C13F763
SOSGUCX12AB017C7CA,SOCURKI12A58A7D0F0,SOYLYJD12A8C138766
SODYFCY12AC468A6FB,SOWLOEP12AC960DB6D,SOQSALW12AB01859B4
SOBOGEI12A8C13E92F,SODVOUV12A81C20639,SOWXFFB12AC4689CD0
SODYQME12A6D4F6FB4,SOAIGUM12A6D4F6FCB,SOCCTBY12AB0180AE0
SODHWXG12A6D4F9F87,SOQIBCH12A8C142CE5,SOEWLTH12A6D4F8E29
SOPAIBJ12A8C135DC1,SOMYXDA12A58A7BC2E,SOYYNCO12AB018D96D
SOYZFMG12AB0180334,SOTXPKU12AB018034E,SOPGCOH12A8C139789
SOELMQU12A67AD85E2,SOGGGDX12A8C134251,SOIRMFU12A58A799F7
SOPBPBT12AB01831A5,SOVLEWG12AB0186F00,SOJQOIK12AF72A0AAF
SOFWLUE12A6D4F887C,SOXLYKV12A8C13C436,SOHDPSU12A8AE48FBF
SOAPGMP12AB01811C5,SOPRTVN12AB01811B9,SOHBABZ12AB01818E1
SONIOEX12AB017D541,SORTGBA12AB018A917,SOBXMGJ12A8C13BBBB
SOULLCE12A58A799B6,SOHCDHS12D0219A514,SODMJQQ12CF4E25877
SOACNQY12A8C137981,SOTCYVC12A8C138F87,SONRKEV12AC468AFB3
SOSRXYE12A8C13E41A,SOBPMZI12A8C140B04,SOYBBLF12AB018AE0A
SOPHRUQ12A6D4FAE96,SOYNIGU12AB018A341,SOXNOWL12AB0185673
SOEESJN12AAF3B3096,SOEZNUL12AAF3B3D24,SOSCOET12A67ADE5E0
SOGLHVX12AB018610A,SOHOXXV12A6701BEBF,SODBXSZ12AC3DF9CC8
SOFQZWK12A8C1373E3,SOVFDWR12A8C1373C8,SOFEZJP12A8C13C555
SONRUWP12A8C143EC7,SOEVOPO12AB017F366,SODHAHY12A58A8024A
SOTPDKM12AB01819E4,SOBLUMH12AB0183380,SOTMYRK12AB0182A96
SOXEEVG12AC3DF565D,SOVYUOH12A8C136CEC,SOFWZTE12A8C13FECD
SOBUZKR12AB01855D2,SOONKJF12AB0185C23,SOIBTNH12A8C1356B1
SOIMOAO12A8C138874,SONAVWC12AB01886FA,SOXEYCY12AB0181C2C
SOMPTFO12AC3DF979B,SOBQVSJ12AC3DFA44D,SOQFNLE12A6701F952
SOOCQDX12AB0183B9E,SOWSNEN12A8AE479B6,SOFIGHC12CF5F88883
SOGWBXF12A8C138E48,SOHZDTU12AB0180269,SOCRVFQ12AB0186366
SOHKXVR12A8C142E73,SOORPQR12AB0188425,SOVQIJC12A8C141CF6
SOYOSON12A6D4F662A,SORPKWR12AB0183E01,SORUOPK12A6701F9A1
SONRGNN12A6D4FC97A,SOBZOCR12AB018B8BF,SOGRMSU12AB017C88C
SOLEDHU12AC3DF66DF,SOGTTUS12A8C13612B,SOCSKJK12AB01876A7
SOREMGH12AB017F46F,SOAYRBG12A8C13988F,SOZFWDC12A8C13317B
SOYNZBJ12A8C13B236,SONHXUK12AC9E15B85,SOJQITW12A8C13D589
SOKUCXB12A6D4FAC0C,SOTPWAH12A6D4F67DC,SOGTHVT12A6D4FC435
SOJZNUT12A81C20AAF,SOBVOEO12AB018A0E8,SOUUVTA12A8C133341
SORVZFL12AC46887C0,SOOKWBL12AC46887C8,SOXWFMY12AB01886DF
SOGOURE12A6D4F7247,SOUCDIT12A6D4F7A47,SOZEDRQ12A6D4F71B5
SOOPHLF12A8C1332DD,SOMGDOR12A8C133312,SOAGNOL12AAA8C6CA9
SOBIEZR12AC960DBFE,SOXBRAO12AC960DBDD,SOYKMLL12A81C2073B
SOQCOYE12AB017DE7B,SOVJTGC12AB017D74C,SOURJVC12A8C1396CA
SODVLZX12AB017F106,SOBJSMX12AB017BA4A,SOGOUPG12A8C1355CE
SOWWLVP12A8C138BFB,SODFTEM12AF72A8D40,SOJZOKA12A8C14280F
SOKEAKL12AB018CE28,SORDKQF12A8C13D407,SOAORIB12AC9072D42
SOVXYYO12A8C13B254,SOPQTWV12AC3DF9853,SOJQGJR12AB017FF87
SOGLRLM12A8C132485,SOUKLBK12A8C133345,SOPIVHA12A8C1348B6
SOJHNFT12AB0180000,SOECOHP12AB0186121,SOMCQWG12AB018115F
SOHOOPX12A58A7951E,SOMQUCX12A6D4F89B6,SOOLZEO12A8C13F4B1
SOHKUVB12AB017FBDF,SOTDPZX12AB0180136,SOABHYQ12A8C13D8FF
SOECZIN12AB0183AF4,SOEKFDY12A8C1419A0,SOYPEPK12A8C141727
SOCAPBI12AB017A5A6,SOULBTI12AB017F012,SOUJOLQ12A8AE473C3
SOZETYP12AB01801E2,SOTLWUH12A6D4FA08A,SOPXLEV12AB017A281
SOXODEF12A8C13B056,SOGBKCK12AF72A0051,SORSERX12A6310F1E9
SORZIMZ12A6D4F898B,SOTHFEY12A6D4F898A,SOPCNFX12AB0182295
SOYGVNH12A6D4FC774,SOYYNCO12AB018D96D,SOUOLYL12A6D4FBD4B
SOEMHUI12A8C1444EB,SOWKDIY12A8C1444B8,SOOFWBB12AC468DF67
SODCTWS12AF729B3D6,SOWEBKB12AB01831F5,SOBWZNF12A58A78716
SOXFYLG12AB018ABA1,SOAWNRD12A8AE47575,SOSAADQ12A8C137712
SOKLUBB12AB0182FDA,SOTWVQT12A58A79650,SOMRDYL12AB01801C7
SOLNXZU12AF72A2B29,SODWVKU12A8C141047,SOJVCNT12A8C144377
SOXYWDW12AB018B957,SOXDCJM12AB0183422,SOKPFTD12A8C13D3AC
SOIBGHG12A6D4F7514,SOSNABG12A6D4F7521,SOILWZV12AB017BBAA
SOJYWII12AB018578A,SONPHGP12AB0188DAC,SOBABBA12AC468ADD9
SOCNQHM12A8C1371E6,SOGHYWT12AB0187740,SOFIIST12A8C137132
SONUVKJ12AC4689814,SOYBWKS12AC4689817,SOGOFQO12AB0182755
SOTDLDT12A8C13C5E7,SORVNMY12AF72AB73D,SOBSBCL12A8C136909
SOYUKXG12A58A77837,SOPYXPL12A81C22316,SOSUZTB12AC90970B1
SOTMRFA12AB0181590,SOQEYUG12A8C1427A1,SOCLVXH12AC468DC14
SOFMRUH12A6D4F5BED,SOBBBRT12AC468AA75,SOGSPLG12A8C14271A
SOTAGIH12AB018152A,SOGNDHO12AB017D71F,SOSXFOV12A6D4F5E2C
SOKDDNE12A6D4F9D29,SOGBNGY12A58A7E6E8,SOMXWJM12A8AE4801F
SOJCLFY12AB0188F0E,SOTOGFB12AB018365B,SONFNVG12A8AE47BA6
SOUOOCR12AB0182781,SOJHLKF12A8AE47D4C,SOPPSWG12A8C143171
SOBZDVF12A8C133DB3,SOKNDAI12A6D4FE2B4,SOADNGK12AB017F955
SOXSGQH12A8C1328B2,SOPOFBK12AF729EEBE,SOJXMCM12AC96186D7
SORLYZU12AB017CE89,SOBQSLF12A8C139785,SOYUFEN12AB018BF99
SOLEKPW12AB01863B7,SODOLBY12A8C142C74,SOZJKDM12AB0187531
SOOXVTS12A8C13A884,SOUHJAW12A8C13944F,SOFQTGN12A8C13E0E8
SOLVXXT12A58A7AFCA,SOXZZUV12A58A7CAA9,SOAHBXT12AB0186E1D
SOQYKBE12AC46867EE,SOWRNJC12AB0184DA1,SOPRMBN12AAA8C59AA
SOJDPIL12A8C13B410,SOQCCQZ12A81C1F71C,SOJIDCU12AB017DEF0
SOXPFFC12AF729FD48,SOKZINN12A6310E845,SOPMALO12AB01887C8
SOBGXQD12AB0183221,SOKJLNS12A6D4F4E20,SORMWFU12AB0185891
SOVALOX12AB018607D,SOPFEAW12AB0189A7D,SOHCBTN12A8C134568
SOWZAYD12A6D4FCD05,SOHBFVF12A6D4FCD28,SOQJMIU12AAFF41B2A
SORCHOQ12A8C144BA8,SOISBXD12AC468B616,SOTWSNV12AB0182B88
SOKFNDM12AC907276E,SOIJDPI12AB017BB98,SOSDLPD12A6D4F8702
SOUYMFA12AB0189A53,SOGRWFX12AB0189A18,SOSFJBA12AB0180826
SOPGUKP12A6D4FCE37,SOAZUSH12A58A7A561,SONZHJJ12AB017DF63
SOXULGL12AB0189FF1,SOICEVR12AB018381C,SONCPQC12A58A7D3A7
SOSMNCW12AB018B558,SOYGKHC12AB018B54E,SOVEJZJ12A58A7E0F0
SOLIDLS12A8C139236,SOSLDAC12AC468C039,SOSDFNI12A6D4F92F6
SONBRGN12AB01853E0,SOZGLMD12A81C22867,SOBFFCI12AB017C628
SOFXRSU12A5891FA76,SOKGECD12A8151CAAC,SONMTUS12A8C13C6C1
SOENANC12A8C134906,SOAYRZU12A8C133EBD,SODKHHG12AB018BF80
SOZYRKD12A8C13F13E,SOFATVC12A8C13D114,SOBYGMR12A8C136231
SOOZVPD12AB018A3DF,SOMXUFQ12AF72A0646,SOLRGXU12A8C132FD7
SOABNVJ12A58A7E7FB,SOJAAZY12A8C133849,SOOLVIB12A8C1408E2
SOYDHXP12AB01849D4,SODDLKS12AB01849CB,SOAQZYQ12A58A795B9
SOWXSQT12A6D4FC02E,SOFIMNM12AB017A873,SOXMDLV12A6701E69E
SOFXQOB12A8AE47BE3,SOFFIAA12AB018AA94,SOGZKVR12AC3DF9C39
SOUMINF12AB017F715,SOUAYCR12AB017F70A,SODGFCO12AB017E96B
SOBSGAZ12A8C13A351,SORCVJY12A8C13CB1B,SOAUYHL12AB0182B1F
SOTOTIL12A8C135B23,SORUUVX12A8C141B06,SOJVXLT12AB0186DF5
SOTSRPF12A6D4F648A,SOXYVZI12A6D4F6489,SOJTBGX12A6D4FBA6F
SOWMUWV12A8C132F2B,SOYWNKL12A58A7A694,SOCDDGH12AB01837F6
SOBRHDZ12A6D4F9581,SOHFEGV12A8C142560,SOXKNIV12A8C132248
SOTTKPA12A8C1391C9,SOBOEIR12A6701EF08,SOUSOHK12B34F32BF8
SOYPZMF12A8AE48E4C,SODKQBF12A8AE47BC2,SOXBLFU12A8C1362E4
SOKVWYW12A6D4F8E1D,SOPZVJP12A6D4FA591,SOTUBDR12AB01811F0
SOGESVH12A8C13E9D0,SOKOOHP12A8C13EA17,SOCNIUX12A6D4FBC2E
SOAKJKD12A8C142446,SOMQQLB12A8C13FD2E,SOBPHEA12A8C139471
SOAWSCF12AB01825C7,SOWNUNZ12AB017CCE4,SOLCYYF12A6D4F8B82
SOLPNIC12A8C13EB46,SOFAEVY12A8C13A4A8,SONHEUO12AF72A4792
SOEECDY12A6D4FD926,SOHPGUE12A6D4F30E0,SOSYPCS12A8C136D12
SOMVQJK12A8C13BD32,SOEKOGN12AB018B2DE,SOASBAX12AB017F24A
SOLJGRO12A8C13DCC9,SOJMHFU12A8C13A3CD,SOEUNDE12AB0184491
SOVIOBK12A8C1321F5,SOYEQVK12A58A78DD3,SODINUN12A58A7E4AF
SOJDKSW12A8C13CDDA,SOXKTIB12A8C14474A,SOXWKKO12A58A7B06C
SOLQVEY12AB017E259,SORYNPD12AB0189176,SODASBS12AB01821C6
SODNMOG12A8AE46501,SOXYWHZ12A8C13E9D7,SOPMSCV12A81C20C82
SOXYHIV12A8C13C0D9,SOZCHTH12A8C13F312,SOHQNNX12AB0183077
SOGFWGH12A8C144F4C,SOPCPBI12A8C144FFD,SOKKIPX12AB018E692
SOJAYDC12A6D4FA328,SOKATUR12A6D4FA32D,SOLAIBE12A6D22281B
SOLVCLH12A58A7A269,SOOFFZV12AB0187610,SOVNTDY12AB018ABB0
SOYMCFB12AB01804FF,SOTLZXC12AB0181C94,SOQCGBU12A8C13338A
SOTTIBF12AB017EEAC,SOXCZOL12AB017EEB6,SOKLWFQ12A8C13FBAC
SOFYAKR12AB01886BA,SOAIYJY12AC4689687,SOBZCRA12AC4688776
SOCDWIP12AB0185D48,SOYMXCV12AAF3B2765,SOCTLEL12A8AE4930D
SOYRZEC12A6D4F8935,SOFKRRF12AB01877F4,SOXUPSB12A81C22EE4
SOKDTJR12A8C13E46D,SOMTFUD12A8C13E466,SOLWRPN12A8C140DEB
SONQFSE12A5891F93F,SOHCFOM12A58A7CFF4,SOUKKCT12A8C13A8A8
SOBANXX12A8C1388F9,SONNRSI12A8C1388E5,SOOQZUO12AB018133A
SOFEIEF12A6D4F7908,SOYOMSB12A6D4F786F,SOOQNZA12A67ADF3E8
SOOPVJH12AB017D31F,SODVIRB12AB017D300,SOUPTKW12A8C1375BF
SOBHUSP12AAFF424F4,SOJYQKA12AB017C3F6,SOOZUWX12A6D4FB879
SOJYPCX12A8C144422,SOFUPQV12A8C141BD7,SOOPGES12A8C1428E7
SOHEJFY12AB017F744,SOAMBEO12A6D4F8644,SOJJAKJ12A6D4F951B
SOSCTIY12A8C137AC9,SOSFDSM12A58A7F892,SOUFNRV12AB018131D
SOOYONL12A6D4F6150,SORBIOW12A8C13A8C8,SODEPOO12AB018583D
SOGLGWT12AB0181924,SOHAMBU12AB018231A,SOZJBVQ12A8C1423B6
SOULRSQ12AB01826FF,SOQFNMH12AB0181061,SOARTHE12A8C134F1C
SOULEKL12AB018E4AB,SONFKAG12A8C132C03,SOYGQBM12A58A7B5C9
SOVZVNF12A67ADA382,SOYIWNY12AC3DF96FC,SOLLDJW12A58A7AAAB
SOAPZIG12A6D4F7920,SOHHJYE12CF530E53A,SOSQHBY12A6701EC6F
SOMRZNS12AF72AADC5,SONPAWS12A6D4F9605,SOVHGIY12AF72A38A1
SODZCBA12AB01830A6,SOCQGSC12AF72A7AA7,SOLLRRJ12AB01889BF
SORUILS12AB01806D3,SOULHBU12AB0180C41,SOLENFZ12A8C138760
SOYFXTK12AAF3B4B29,SOQNVTX12AAF3B13D0,SONAARK12AB017AF1F
SOPWEXZ12A8C133C70,SOZBORW12A8C137C44,SOCWRWG12AB018B69F
SONBGZJ12AB0181EFE,SOYAMPJ12AB0181F15,SOZMUCI12A81C221FE
SOSUAEA12A8C141C21,SONIDMG12A8C141C30,SOXMCSC12A8C13C0BC
SOUKIUD12A81C223ED,SOWDBPL12A8C14327D,SODBFYR12A8C142653
SORZNJU12A6D4F8A17,SOVGDOA12A6D4F96A8,SOJNQAK12A8C13FDA8
SOVPKNN12A8C130D15,SOXAEJL12A8C13CB8C,SOUPDYM12A8C13FFDF
SOHNEVA12A8C1426D2,SOCQLCX12A8C13ED28,SOPJIQE12AF72A442F
SOLTHKX12AAF3B598D,SOHFIDA12AB018872F,SOABHSF12AB0182977
SOGDLRA12AC468F00B,SOGMYFZ12AC468ACED,SODVCWN12A8C135DF6
SOACZGF12AB0187559,SOSWBVZ12AB0183EC8,SOOQDSE12AC468B61B
SOJWKFY12A6D4F6949,SOEMJSX12A6D4F910F,SOLJMJO12AB0182977
SOYQVZC12AB018D519,SOURWXW12AB017EEC7,SOKBGOG12A8C1357E2
SOPDVGH12A58A7D4DF,SORFDKB12A6D4F469F,SOWJRBT12AB0183B90
SOPSQXW12AB0185BAE,SOCCIIB12AB0185BBF,SONSDBM12A8C141DEB
SONVLLU12AB018639D,SOAVZWL12AB01815B3,SORDSSF12A6D4FBC43
SOEMNZS12AC4686BF8,SONXHGK12A8C141541,SOLSYTM12A6D4F5A2F
SOTXNUU12AB0180F32,SOAUIGI12AB0182C1B,SOASNQV12A8AE48819
SOXOCMB12AB017B90C,SOZJGAG12A8C13BD0D,SOGIILV12AB01837BF
SOYWUIM12AB01851F1,SOZFKKI12AB018602A,SODGXNA12AB0189CD7
SOUMWSY12AB01869E9,SOUSUUY12AB01869DB,SOXTXVU12A81C2397D
SONNLTR12AB017F809,SOQLZFG12AB017E737,SOUPFRE12AB017F965
SOJBLTC12A8C139C37,SOJZJOZ12A6D4F67F9,SODYNLW12AB01899CD
SOGTLSN12A67020739,SONPGHE12A8C13C36A,SOOLNAT12AB0185FE3
SORZHJO12A8C1338F3,SOIHARY12A8C1338E8,SOOREQB12A8C140CE4
SOPZFNT12AB018D695,SODYBKB12AB0187780,SOUBMCB12A8C14329C
SOOODGL12A8AE45654,SOQXMBN12A8AE45C54,SOZIMLB12AF72AD1CD
SOIOVAN12AAF3B50A7,SOFENOH12AB01815F3,SOLCIRZ12AB0182DA4
SOCGYGW12A67ADD76B,SOCFHZP12A8C13DA21,SOMXFDQ12A6D4F9E25
SOOQITJ12AB0180F36,SOLOVSW12AB0180F4A,SOICKLS12A8C136DB6
SOHOXPK12AB018237D,SORVGXN12A8C142CCC,SOCDJUG12A58A80F6E
SOJMAAQ12AB018393B,SOPOPZY12AAFF43222,SOMLKVB12AB018940C
SOKFHLV12AB0187A2F,SORZBEO12A8C142A98,SOIFDOV12AC468AA58
SOBCVXS12A5892055C,SOMLZER12A8C134C00,SOSQLWD12A58A7FA53
SOCLPQH12A8C13EF34,SOCHCGY12A8C13B029,SOLULXP12A8C13F80C
SOAKUXB12AB018230A,SOLBHCO12AB018769A,SOHKJNI12AB0180965
SOQOMDI12A8C145976,SOHOCPY12AF72A18EA,SOZUVKP12AB017DACD
SOBQVCQ12AB018DC8E,SOGHGKW12AB0187985,SOEFEHL12AB0183861
SOFVYGA12AB017D57E,SONQBZP12AB0182AE3,SOQCDMB12A8C132DEF
SODYZSD12A8C13FC46,SOXZFPY12A6D4F5D7A,SOHFPZN12B0B807B4F
SOYVXXE12A81C23333,SOGJCHJ12AC468B32F,SOOMUYV12A8C1409D7
SOIIYRN12AB01823B8,SOURIZG12AB01823D0,SOWPKYW12A8C144810
SOKDDFT12A8C140F93,SOZQKIF12AF72A1137,SOYAYOT12A6D4FBA20
SOPKOET12AB018FD52,SODYDMP12A8C1355BC,SOUCEDX12A8C139FC1
SODOVAT12A6D4FDA80,SOOAEDQ12A8C1421F8,SOGMDFG12A6D4F28B0
SOLHBDK12AB01845A6,SOIMZSD12A58A7A022,SOFGOUH12A8C13A250
SOEIFCB12AB01849D7,SOCRPBE12AC907523A,SORVLZW12AB0181CDA
SOMIRHS12A8C13CEB8,SOVGNBT12AB018294D,SONHHQN12A8C13DAF4
SOPVJSR12A8C13AFA1,SOXQXHC12A8C13AF61,SODZDZT12AB018413E
SODIQMY12A8AE4670F,SOMVWWT12A58A7AE05,SOVEPOK12AB0183601
SOQFDBB12A8C1392D5,SOTPJHE12A8C14143D,SONUAMN12AB017C683
SOBUUBX12AB0182BA1,SOSSDBM12AB0182B93,SOOIULW12AAF3B54BA
SOFDMUU12A6D4F609C,SOVCOKU12A6D4F6096,SORAQWN12A8C13CEFD
SOSRORR12A8C14149F,SOSSUTV12AB01861AE,SOWSXCK12A6D4FA87E
SOVCETF12AB0189F3A,SORTOFS12AB018D805,SOHHKVA12A81C20434
SOGTROT12A67020FF3,SOMCMRN12AC3DF400A,SOXEHQI12A8C1386BE
SOYQOTZ12A6D4FCD86,SODORVB12AB0181F05,SOTPIYT12A6D4F6A4E
SOZSLWX12AB017D5B7,SOWZOXF12AB017CF70,SOTYWME12AB017EE15
SOYGVVW12A8C1350F6,SOFGVMB12A8C139FBC,SODBGJP12AB018CA12
SOTAEIP12A6D4F76A5,SODJFJT12A6D4F67EB,SODDEGE12A6D4FA5E2
SOAOLVC12A8AE47EC1,SOSDXSS12A8AE481CC,SONPDMJ12A6D4F976B
SOOOCMS12A8C1413F3,SOEFIPZ12AB01836DE,SOOFFYJ12AAF3B2A40
SOSPZDP12A6D4F87D9,SOKUWVR12A8C13C512,SOHMOLH12A8C141C40
SOUMUDO12A67ADE9A5,SOJHNYL12A67ADD743,SOOCMQU12AB0189D00
SOOGVFC12AB017AB40,SOBHHUS12A58A78589,SOWMXFF12A8C13AF87
SOIWJLE12A81C2245B,SOVWRPH12AB0185667,SOLYDHP12A8C1322F0
SOWHWDA12AB0187A89,SOYNMUG12AB017FB36,SOASBAX12AB017F24A
SOLLSWW12A8C1433F5,SORFHUL12A6D4F685E,SORNVIG12A8C13FC07
SOBLFIB12A6310EC6F,SOGZVTK12A6701BE5B,SOGUWSN12AB01862B7
SOITAJG12A8C132B26,SOAGIPB12AB0181E21,SOJTIZK12AB018512D
SOQWQSK12AB0180210,SOGFXKP12AB0180E00,SOMGIRB12A6D4FD49A
SOBRYEI12AB0187DE5,SOLTRLX12AB0183A0E,SOKQMJB12AB017B7D6
SOIJDPI12AB017BB98,SOKFNDM12AC907276E,SOWKXVF12A6D4FB051
SOIYKBB12A8C143004,SOHCKOO12A8C139EF8,SOSACSU12A8C145261
SOULEKL12AB018E4AB,SOCXHJZ12A8C132BF5,SOAYRJM12AB01867AE
SOOAEDQ12A8C1421F8,SOICRVU12A6D4FDA78,SOUFKWI12A81C234BE
SOPPKWG12A8AE45472,SOMIFKY12A6D4F9EA7,SOVJOYD12AB0181AFC
SORQGPC12AB01859EA,SOYUGSB12AB01865FA,SORKLMV12A8C13BDEF
SOQZISQ12AC4689482,SODSYTS12A58A7AA07,SOVHCBL12AB018D669
SOWZJZE12A8AE488D4,SOTZLVH12AAA15EE08,SOZGLNL12A8C13BBB0
SOBIWDK12AB017DAA8,SONNDIP12A8C143368,SOTLMZH12A6D4FB420
SOYZHTW12A58A7DAD9,SOFTXIE12AB017AEB1,SOWRHAJ12AB0188D51
SOQDSWJ12AB017FF4A,SOWLPBI12AB017F271,SOBQWEU12AC3DF98A5
SOLVEAC12AAF3B2DC2,SOGLEWL12AB01842CB,SOSNVMF12AB0187845
SOCARSN12AB0189577,SOFTNCB12AAA15CFC1,SOANCXA12AB01868B4
SODRNMN12AB018A3E9,SOHTPNA12A8C140461,SOZPBQD12AB018341B
SOVPLKK12AB0183DB9,SOJRSDF12AB0183DC1,SOWDEDM12AB0188DBC
SOJJKWK12A8C133FF6,SOBVMCI12AB018B47D,SOMXECJ12A8C13E7CE
SODBXDN12AB018194E,SOGBUZX12AB0188569,SOJFBVW12AB018008C
SOGARDI12A8AE45FDA,SOTKDMG12A8AE4956E,SOTUKVB12AB0181477
SOLRNDK12A6D4F6654,SOIMSGJ12AB017C9CD,SOJHMYB12A6702041F
SOHEFKW12A8C142707,SOKPKMV12A8C14125E,SOIDOSC12AB017D6B3
SOMAYRT12AB018EB54,SOLKJHQ12A8C142B93,SOWDTQZ12A8C145446
SOFTJHT12AB0180955,SOVFFVM12AB0186705,SOBRSQO12AB017F8E7
SOCQOHR12A8C13E88D,SOLBRLY12AB0186798,SOHLXPY12A8C1319B6
SOTGJUJ12A8C1430A8,SONTVFH12A8C1430C7,SOGJWUM12A58A80FC8
SOBWMYN12A6D4F5E31,SOPGQJD12A8C13BC4F,SOOGDMS12A6D4FAA03
SOAIEMM12AB017EC98,SOMCPKY12AB0184197,SOKHRGL12AB018ADAC
SOICUVX12A8C1425A7,SOFESEZ12AC468BD28,SODWYVU12A81C22F2B
SOQJXUX12A8C136526,SOHPJFU12A8C13680A,SOGLYUC12AB0187E67
SOAKFDP12AB018A09D,SOLKTXT12AB018A096,SOWHTEQ12AB018405E
SOQHUFB12AB01885F3,SOKYPXO12AB01853BD,SOPPEXO12AC3DF9E7A
SOMKQIG12A8C135DE3,SOYBDUH12A6D4F9BD4,SONMMKB12AB018764A
SOLSYKP12AB017F0B8,SOGNLLZ12AB017F096,SOYFEFV12AB017E1BD
SOBZCAE12AB017F002,SOAGAFW12AB0181E97,SOIIOMT12A8C13D898
SONPBXV12AB018C45D,SOCSBNR12A8C141443,SOWJRBT12AB0183B90
SOBWTFW12AB0186662,SOTPTUK12AB0186CE0,SOOHAEF12A8C1442B8
SOIYVAE12AB01827B2,SOKOHIA12AB01866E1,SOAIFNO12AB0184E2D
SOMSAFZ12AB0187255,SOASHMR12AB0188F58,SOZFUHO12AC95F070B
SOVFVNB12AC9DCF208,SOBRCMM12AB018DEC4,SOVNRFU12A8C141288
SOAWTJD12A6D4F4BB4,SOANUHW12A8C137587,SOQKDST12AB017E321
SOVYFUP12A8AE4735A,SOYXUEP12A6701C316,SOUZSPS12A58A7927A
SOGPLRO12A8C14431E,SOQEUAE12B0B80617B,SOLNCHC12A6D4FA7AD
SOSPCEK12A8C13E372,SOCCBQJ12A6D4F9F65,SORKUQF12AB017CA34
SOMLDHL12AC4688765,SODBMSF12A8C135DFD,SOCDRKE12A8C13BF47
SOTKYKL12A8AE45B28,SOLSPAF12AB0188DD4,SONPKXS12A8C136CF8
SOIHLEJ12A6D223BC0,SOZYKNB12AB01819FD,SOULHZX12A67020A62
SONSVMN12AB018241E,SORIPFB12A8C1396D2,SOMLSWA12AB0188A03
SOCELDQ12AB0180F85,SOJLAES12AB0184A06,SOBBHTU12A6D4F511E
SONNQPW12A6D4FAB57,SOWDQHL12A6D4FAE8F,SODTKDC12AF729A69A
SOEOUEB12AB018186F,SOINUNK12AB0185B93,SOBKWLX12AC4687387
SONIGPD12AB018A512,SOHFDOM12AB01877DB,SOIKWCP12A6D4FC9F0
SOEPMHF12A8C136C50,SOOYQOZ12A8C13A9DB,SOWVFWL12A6701FBE2
SOQCWVH12AB0185DA5,SOQOEYV12AB0185DEF,SOAZYYF12A58A783C3
SOYWXKY12A6D4FB1A4,SOQGQEU12A8C139BDB,SOTNKAF12A8C1358C0
SOCNJIB12A58A7899B,SOKOQDY12AB01882AB,SOLKWDF12A8C13F3F6
SOXDJZW12AB0189F53,SOQRXFJ12AC9097D44,SODNUZL12AB017B1E8
SOQLHRZ12A8C13D6DF,SOJSPIT12AB0184B9A,SOLBSAN12A6D4FA19A
SOGTHVT12A6D4FC435,SOWPTXM12AF729D122,SOMLBVU12A8C138F33
SOVXTIS12AB017C9FB,SOUXPMN12AB018CFDD,SODGQFY12A8C140A0B
SOCWDKB12A58A786A8,SOJUPRU12A58A7A5B6,SOSGZVK12AB0185D6F
SOJBKJT12AB018DDEC,SOCPZUH12A8C139C8A,SOQIGMG12A8C1351F5
SOCBHZK12AB0180631,SOEOQIK12AB0180654,SOIUJEF12A8C13C878
SOURCLO12AC468A7AC,SOORZVX12AC468E5D9,SORWDHL12A8C14450E
SOMFYSO12A8AE469F2,SOWLUDP12A8AE47FCF,SODYWMF12A8C134555
SOEVRFM12A6D4F87AB,SOUZSHB12A6D4F839E,SOPJVJY12A8C143410
SODYDCC12A58A800D7,SORSVIS12A58A7ADFD,SOPQUZL12A8C13E6B8
SOHGOGL12AB017E863,SOOTQKH12A8C1417B5,SOWVIHN12AC9E16E7F
SOKDDJT12AB017C4B7,SOPMZIK12AB017DEFE,SOKEHAS12AB01852A5
SOKRQLC12A58A7C930,SOOMCLW12AB018542A,SORCSRT12A8C13477B
SOVZJCG12A58A79527,SOMHGID12A8C14295F,SOONWJB12A8C13CDF1
SOTJPOT12A8C13A645,SOEACLW12A58A79DF0,SOQAHLN12A8C13F853
SONHLVP12A58A77596,SOCZTSW12A58A78ABB,SOLIMAP12A8AE493DE
SOKGTTA12A8C137D83,SOAVEJI12A8C137D78,SOTARBL12A8C1362A6
SOGDSKU12AB0185A94,SOHOQAP12A58A7AE47,SONHNDP12A58A7CE10
SOCVQNC12A8C13EE00,SOLQLLD12AB01895A3,SOKBSBO12A6D4F9C2E
SOEFXBZ12A58A791BB,SODCBHH12A6D4F76CC,SOTTAEJ12AB017EC2B
SOJAOZA12A8C13D4E9,SOEBAUR12A8C1320FA,SOZWTCR12A58A7BA31
SOLJEOD12A8C13AB76,SOXKYZB12AC46886AA,SORUJSE12A8C13D1E5
SOAZBML12A8C139DEC,SOQUBPW12A8C139E38,SOAKFIF12A6D4F7A95
SOOMFYX12AB018B552,SOOXVVD12A6D4FB3F9,SOBWXEQ12AC960A067
SOIXQNU12AB018B675,SOQJOUM12AB017B6FD,SOABXON12AB0187956
SOYVCJU12A67AD8617,SOQHOWL12CF5F8743F,SOPTPNM12A8C136AD3
SOHQRXW12AB018B171,SOUSVMP12A6310D839,SOXMDLV12A6701E69E
SOTHJQW12AC46895BF,SOMSQXV12AC46895C5,SOHBSTB12A6D4FAE27
SOMTSYW12AC468E7B3,SOTYTJJ12A81C223B1,SODJBZW12A8C142A58
SOPXBSC12AC468B02F,SOBYJOR12AC4688B12,SONNRTE12A58A79D2D
SOAFZFN12A8C140224,SODVOZU12A8C133801,SOOBAQF12A8C1355AE
SOCDCJO12AB018906F,SOORMRT12A8C145665,SOLVHHJ12AC4689793
SOVWXLN12A8C130261,SOEMULF12AB0183DF9,SOWGQWX12A58A7CFB6
SORMPSY12AC468A455,SOIFZOI12A8C13B056,SOONPLI12A58A7BE3F
SONYRZV12AB018AF70,SOAZSIZ12AB018AF81,SOYZFMG12AB0180334
SOYKAJL12AB018C161,SODHGVJ12A8C13E292,SOCWPVV12AC90725AD
SOQYBGK12A8C137A84,SOGYAWU12A8C13B316,SOBTZLS12A81C23775
SOFDSDX12A6D4FAD2C,SOSHZAM12A6D4FAD23,SOOFTGY12AB0185C5D
SOMWUDC12A81C1FA9D,SOFQCTX12A58A7C148,SOFPKCV12A8C13A592
SOUDHVE12AB01828C2,SORPACP12AB017DFDB,SOOFESB12A8C133038
SOYYQET12A8C137B8B,SOKOBAV12AB0183B10,SOYXYUN12AB018AB98
SOANCKK12A6D4F9C27,SODPLSQ12AB01875CA,SOBEKYN12C0DCFEE01
SOGFMCG12AC468E4F1,SORSIBU12AC468E2E3,SOCQTVX12A81C1FA3F
SOCJFKA12AC909714C,SOTHBEP12A8C13084F,SONOTHB12A8C13EFFF
SONOVWA12A67ADA67B,SOFVUCR12A6D4FBCE4,SOICORB12A8C13A3E2
SOYXLST12A8C143BD6,SOBIRRX12AAF3B5605,SOSUDVQ12AB01870AE
SOOFFET12AB0181D0D,SOFMQDK12AF729D3C8,SOEFMIT12AB018DCB4
SOBSGJZ12A8C133C12,SOGPNXC12A8C1369B4,SOGLBSN12A8C134A19
SOJLDJL12A81C238A0,SOWWYSD12A8C13BD9B,SOIGFJT12A6D4F6195
SOHSRGI12AB0182F14,SOQDGBF12AB018D98E,SOPJBFC12A81C216AA
SOYSVCJ12A6D4F91D2,SOEKSGJ12A67AE227E,SONJZMT12AB018299D
SOUAFOQ12A6D4FA501,SOBDFVK12A8C13A862,SOVMWZY12A8C13E78E
SOBBWLA12AB018747F,SORTTRO12D02194FAF,SOUEEDA12AC3DF474F
SOUZAFX12AC961841F,SOLCJBY12AC9097A4F,SOJJCSO12AB0187FF5
SORCPSR12A8C13E228,SOGXSOW12A8C13BE05,SOEMCDO12A8C143D78
SOBLFQL12873FD5546,SOFEYCN12AB0182ADB,SOFELVB12AB018CC8C
SOSUHZG12A6D4FA48C,SODBQUK12A8C1422D1,SOBHYZD12AC3DF6138
SOMIIFE12A6BD53717,SOFJNYP12A6BD53716,SOWWQOE12A8C13FFBA
SOWHBSB12A8C1336B7,SORUWYB12A8C1336E9,SOYBYIJ12AB017E01E
SOQSYGY12A8C137E0F,SOZMXUV12AF72A507A,SOGSSOW12AB0189E3E
SOCRNQU12AB0182615,SOFAKGM12A6D4F8954,SOIKYAB12A6D4F8040
SOANPOL12AB0187E64,SOASMIK12AB01844F1,SOWDPLF12A8C1354E3
SOQDYZT12AB0189344,SODFRMJ12A8AE4617F,SOJEWUE12A8C1437CD
SOJEZZM12A8C138B29,SOCZWES12A8C13E15E,SOCWCBN12AB018383C
SOWPNIC12A8C13C449,SOGCWSP12A8C13C577,SOEPJXE12A8AE47FF5
SOQKVWE12A6D4FB9EE,SOUFBKL12A8C13C2B5,SOFIFVH12A8C140BCE
SODESIY12A6701FD88,SONHUZM12A58A79E2B,SOXYOZX12A6701F933
SOUDAHM12A58A7B19A,SOITFJA12AB01824A9,SOXIZQL12A58A7ED8D
SOSAGXR12AB018B3F5,SOZBKRQ12AB018C426,SOBOXGD12AB0182C17
SOXEBRP12A8C144763,SOYUYYJ12AB0181D7B,SOARSZY12A8C140F20
SOJRPXM12AB0186ED0,SOXMKID12AB0186688,SOIDHBX12A58A7D70F
SOFTCGG12AAA15FB9D,SOOFWPY12AAF3B5DB4,SORBCHC12A8C13A6C8
SORJLVC12AF72A0D15,SOHQVWU12AAF3B3186,SODZJIJ12A58A7EDBD
SOCDHVN12AB0184CC2,SOAEBMM12A8AE47FD0,SOXDQCR12A81C22332
SOVHLGN12AB0180FE6,SOKYMUR12AB018729A,SOQERZL12AC468E80C
SOHNZKO12AB0182300,SOLBHCO12AB018769A,SOJNQAK12A8C13FDA8
SOPCBJR12AB0181E67,SORVYHA12AB017EC9F,SOMAAXL12A8C13A9E4
SOWJVLL12AB0184563,SORDJHM12AB01847D1,SOSOKDL12AF729F196
SOKBMJH12AB018A323,SOJREPO12A81C2334D,SOSWGIR12AB018899A
SOALPVX12AB018E586,SOCGWLQ12A8C13998E,SOMWQUJ12A58A7970F
SOHCYND12AF72A3CD9,SOWMQTJ12AB0184323,SOHEOYX12A6D4FD1EC
SOMDIIQ12AB0184BBC,SOXZKHL12AB0184BB5,SODUBHJ12AB018343F
SOZGSVC12A8AE49D61,SOOYLVT12A6D4FA108,SOLPWLP12AB01888EE
SOCNCGL127D9786D66,SOJCBAM12A6701FD04,SOKRQQB12A8AE486E6
SOJMOIF12A8C14397B,SOIRJHK12A67020A7B,SOTYZTQ12AB017F829
SOAXICS12A8C13CFB4,SOEOYGS12A8C13A6AF,SOSRBGM12AB0180510
SOSPUDU12A8C13AFB6,SOBRMWF12A8C13AF8C,SOASVZI12A6701F427
SOCDJVS12A6D4FA246,SOBJLBQ12A8C13F883,SOJWIRI12AB01841A7
SOASOOG12AB017DC57,SOWBOCB12A8C13A1E8,SOCYOLW12A8C133BF7
SOJNGMK12A81C1FDB7,SOUSLOQ12A8C13458B,SOBVOZH12AB0187245
SOPOQFU12A6D4F8C5F,SOVFAIZ12A6D4F6A70,SOGZPDR12AC9618462
SOJQGJR12AB017FF87,SOQBETA12CF5702399,SOTGSAI12AB0186328
SOPCLTH12A8C13C20C,SOPCXBY12A8C145FB7,SOALTJL12AF72A65B7
SOXNPCQ12AB01800F1,SONLYXX12AB0180119,SOJDGBG12AB017F5E5
SONFNDB12AB0182A4E,SOOAXRP12AB0184567,SOSWUSC12A8C142F39
SOHXNSP12AF72A45DD,SOFXQHE12A58A8102D,SOIGELY12AAF3B544B
SOTRBEK12A58A7D496,SOOYWID12A6D4F794F,SOWJGGT12A6D4F7677
SOSSTGB12AB018AD7D,SOWVAPR12AB018AD7F,SODLDIV12A6D4F9B96
SOJWIUI12AB01847CC,SOXCMDH12AB017DF4A,SOHYWLZ12A6D4FBB22
SOGVCJI12AB018153F,SOUBGLT12AB018F7D4,SOACSHJ12A8C13EB52
SOHGEVO12AB018438B,SODRDSP12AB018CC93,SOGBIXS12AB0179BA4
SOGRSCQ12A8C1367FE,SOSMUXL12A8C136808,SOBZUUN12A58A7EE7F
SOSWMJA12A8C139F8D,SOGHHAT12A8C13A2D0,SOSLDEG12AB01843E9
SOYVRRA12AB018A33E,SOBWPOH12AB018A32F,SOGRZFG12A8C135B63
SOCVTLP12AB017DBDE,SOOXRTW12A6D4FDCB3,SOUFXRV12AB01815C3
SOIUSBD12A8C1345E3,SOCXELH12A8C1343FD,SOBILQX12A58A7D6F7
SOJTUVH12A8AE4692D,SOUFOUD12A8C1350CC,SOQKQBA12AB017E410
SOCAPBI12AB017A5A6,SOULBTI12AB017F012,SOVARHV12A8C13BF52
SOEACYT12A8C13365A,SOCXPFF12AB01837D9,SORQJEA12A6D4F7F40
SOGCTKK12AB0180659,SOHJKZE12AB0189BB9,SOTJXIH12A6D228208
SOTFZEZ12A6D4F79CF,SOJHRLU12A6701EB67,SOLCUEX12A8AE44AA5
SOIBMDU12AB018607D,SOKFJRG12AB018608C,SOAXTKZ12AB017ED2F
SONYFVK12AB018A16F,SOUSKNG12AB018A15F,SOXTKFW12A6D4FC66D
SOUNHDZ12A8C1425A3,SOEORQM12A8C143E6A,SOJLUYM12AB0187D08
SOEJLOX12AC468AEC3,SOPMJGP12AB0182DEB,SOEQXZW12AC468A81A
SOJJDBM12A8C144BC0,SOSCRON12AAF3B26EB,SOXMIZU12A8C1302AA
SOEFGQQ12AC468A4C9,SOAGKQF12AC468A4BC,SOXYOZX12A6701F933
SOFTQEY12A8C13B3B5,SOWGQWX12A58A7CFB6,SOFLKLL12AC468B353
SOKUZJB12A6D4F4981,SODMWKI12AF72ACC1A,SOXTTCW12A8C1331EF
SOFSDJY12AAF3B4381,SOAEUQV12AB01813F8,SOQJYZT12A8C13796E
SOFNTHT12A58A7D462,SOAVNYB12AB0182731,SOYWESB12A8C1412F3
SOGDEPN12AB018C5C0,SOYRCSM12AB0181154,SOXMRMY12A8C141390
SODGGKP12AAA8C6B42,SOXPGWG12AAA8C6B4D,SOFJDOY12A8C13542D
SOAUFQM12A8C13C97E,SOIJTYG12AB017F24D,SOYZIYS12A6D4F5ED5
SOFPSUJ12A6D4FA20A,SOTQOTX12A6D4FC5C6,SOIMFZR12AB017F041
SOUJJSR12AB0181348,SOIQTLZ12A6D4FB18F,SOTYSQF12A8C13E0AA
SOWRHSP12A58A77A73,SOPILLC12A81C1FA01,SOSSOZK12AF72A0F5C
SOLEPED12AB01830FD,SOCBFCA12AB0186C04,SOQVAIC12AB018760D
SOMOGEB12AB01839FE,SOQOEUV12A6D4F9487,SOEECGU12A58A7CF67
SOYMHOU12A8C1309A8,SOGKUFS12A8C13EAE1,SOKZYUA12A8AE46A25
SOZKTRD12A8C141612,SOPMMOV12AB018A044,SOTXIEA12A6D4F96D7
SOYLDUY12A8C1399F0,SOKSYBK12A6D4FCFFC,SORBIHT12AC3DF8544
SOKADJU12A6D4FCFCF,SOFSRND12A6D4FCFEF,SOXKJVC12AB0186C03
SOFDKQV12A58A7D7D1,SOZAATU12A8C1350EF,SOVUEJT12A8AE464FE
SOPLMIA12A8C1335E1,SOGGDDL12A8C13847E,SOACNEJ12A6D4F6AB6
SOXGWYJ12A8C13C6C2,SOANXBM12A8AE46772,SOLUUOH12AB0189769
SOXQYTO12AB017B147,SOECFCW12AB017B179,SODBYFM12A8C13F6BA
SOFDOQF12A67ADD049,SOZTGIY12A8AE47722,SOUSSMS12A8C1325C5
SOFMWXT12AB0187F26,SONVQMO12A58A7AC4C,SORUEWT12A6D4FB33D
SOYERFU12A8AE48FD6,SOHZTTU12AB0188323,SOOIWZJ12AB01811E0
SOVXRTG12AC468A7C2,SOSYXIB12AB017D41D,SODIMOV12AAF3B49ED
SOEUKKC12AB0183633,SOBYJPU12A6D4F85AF,SOKYSVZ12A8C141D7C
SOEKAPH12A8C13DCAA,SOQRWBX12AC3DF52D2,SOAHRLX12A58A7C372
SOUUIGR12AB01810E4,SOCQTDY12AB017D66F,SOBMXKO12A8C138F28
SOOSDEN12AC3DF9C61,SOBMUGL12A58A7B67D,SOQWKEU12A8C134186
SOQOQQY12A8C13BA01,SOYPGBK12A6D4FC1FD,SOWXNIK12A6D4FC068
SOCQGSC12AF72A7AA7,SODZCBA12AB01830A6,SOZATKV12A8C139818
SOZALKW12A8C133715,SOYWPDQ12A8C131481,SOYSYXN12A8C14192A
SOINUNK12AB0185B93,SOEOUEB12AB018186F,SOPNMUV12AB0181D44
SOJFBAR12AB018A9BF,SOSRKTU12AB01899BE,SOKARQT12A58A78B7B
SOXNSSY12A6D4F9728,SONWZEA12A6D4F9724,SOKPWFH12A6702056E
SOMFYIV12A58A7F0B5,SONGITI12AF72A2AF5,SORQQZM12AB01839C0
SOYIFHG12AB01869DF,SODHTQJ12AB018CC46,SORSHOJ12A8C1397A8
SOMUYSF12AAF3B3B7D,SOSPBRQ12A8C13A28B,SOQNZOS12A6D4F8E7C
SOHHDHH12AF729FE64,SOSMYAZ12A8C142A22,SOIHBHO12AAF3B3EA2
SOJMBNF12AC9071368,SOMIHLL12AC468C4D0,SOGAOCI12A8C13DF95
SOGATWY12AB017A9A8,SODKBOC12AB018A548,SOCKBAF12A58A7A429
SOBLYQX12A8C1362E8,SOQEOUB12AB01859E8,SOJWAGX12A6D4FB5EB
SOSNZVL12AB017CD61,SOPYLWU12AB017F4F0,SONHNFV12A6D4F67CC
SOBYZPD12A8C1375B7,SOKBTXE12AB018B675,SOEFLPE12A8C1336CC
SOLUPER12A8C1374DF,SOBCGLX12A8C1374F5,SOQDYZT12AB0189344
SOADOMO12A8C133D30,SOBDUBF12A8C135186,SOFAFZA12A58A78F8D
SOHRIKL12AB0186468,SODVGJB12AB018644C,SOZFWDC12A8C13317B
SOGBVCL12AB0187F83,SOCMHVU12A8C13A274,SOPXLAR12A8C131D3C
SONDPQL12A8C134D18,SODAUVL12A8C13D184,SODUMLE12AB0187C46
SOKVJWB12AB018017C,SOJXSQA12AC3DF97D8,SOVFAQG12AB01812D9
SOEPOHV12A6D4F9309,SOPQQML12A6D4F90BA,SOIFTDG12A8AE479B3
SOUVRGZ12A58A77F90,SOWPIEE12AB0188A9D,SOFIDEM12AB017AE01
SOAAMGY12D021B38BD,SOTJUXX12AB0180E7F,SOUSDPS12A6D4F9F19
SOCFHZP12A8C13DA21,SOKKKAQ12AB0180FAD,SOHUUPU12A58A8125C
SOIESTU12A8C1362BC,SOPKAKY12A8C1362B3,SOQORHS12A8C13B8BD
SOFJEDJ12AB017E96C,SOKRAUG12A8C13F796,SORKKTY12A8C132F3E
SOPCLVB12A6D4F74DA,SOAYJBA12A81C22DE3,SOAFPOS12AB018A47B
SOAOMUV12AB018B851,SODVIBY12AB0186823,SOIIRFQ12AB0184E6D
SOEDSFB12AB018678D,SOGSPRZ12AB0182944,SOBASRC12A6D4F95CE
SOQTWZZ12AC468966F,SOCUJLU12AC46896C5,SOEVGMZ12A8C1421B5
SOGRTNX12A58A783B5,SOSGKCB12A6D4FBF6D,SOVDUXF12A6D4F8990
SOSDWRI12A8C1443CB,SOUVGPX12A8C13CE77,SOTWJOS12AB0182C28
SOKXQGF12A8C142C60,SOIJXAO12A8C142C19,SOCVOAD12A6D4F6C8B
SODEMFQ12AC4687FBF,SOLNQZI12AB017A5B8,SOPLGAE12A58A7CBB8
SOLHMLU12AB0182B5D,SOHOOVR12AB017D630,SORTSTM12A8AE4624E
SOUDHVE12AB01828C2,SORPACP12AB017DFDB,SOITXNB12A8C144ECD
SOGCGDE12A8C140B00,SOYXYQW12A6D4FC5E5,SOZJPHO12A58A77991
SORLLOK12A6D4F6840,SOOFXJJ12A6D4F686C,SOITLHT12A58A7CB84
SOUHBZF12AB01895E4,SOBIMIO12AB01895CE,SOEPLCK12A8C13192E
SOQIXCA12AB017DAC2,SOVFZXR12A6D4F74DC,SONDPLZ12A8C13270C
SONMPGO12A8AE482CA,SOJSHKP12AB017FE16,SOIWKKU12AB0180EF2
SOSHCDJ12A8C13B94C,SOGWGEO12A8C13B311,SOXJJSN12AB018746F
SOPUTMX12A8C1421EB,SOMGTBS12AB0188381,SOMMQWT12A58A80B50
SOFYMIX12AAF3B3D4B,SOSFKJV12AB0182509,SOCEBEL12A8C136352
SODUZHA12A6D4FAF3F,SOJMRED12AB018045A,SONVWVN12AB0184D18
SOLNIYQ12AB0189AFD,SONUSJD12A58A7845F,SOIKGBS12AB0180C4B
SOZGSXE12AB0185C68,SOJZULW12A58A7D4D5,SOYBUDI12AB017AEF5
SOBHTKX12AB01881B6,SOMYKRP12AB018E011,SOTZRNR12AB01851A5
SOMZCVH12AB0182B8E,SOAFIPD12A8C13A261,SOHDSXP12A58A7E7E9
SOCWUXY12A58A7F1E8,SOKLPTD12AC4688044,SOPUQXH12AC960A22C
SODVXHP12AB018F55A,SOKEMYL12AB018B3D0,SOZAGYZ12A58A791EF
SOABHNE12AB0181084,SOZCXLJ12AB017FE57,SOPJFKV12A58A77F08
SOBURFF12A8C14222D,SOZPLSR12A6D4F7763,SOCQFMI12AB017C18A
SOJMDQE12A6D4F7B3A,SONLETV12A6D4F7B3C,SOXVDMF12A8C138925
SOINHKC12AB01836E0,SOASGOU12A6D4FBAED,SOEKLNK12A58A7839A
SOAOQZZ12AB018E59A,SOXAAEC12AC90710AE,SOVMQFC12A8C13BF7F
SOHPDWA12A8C1368E2,SOQYCDP12A8C1419ED,SOSYWVG12A6D4F87CE
SOPNJID12A6D4FA681,SOKEHAS12AB01852A5,SOLPJPM12A8C141BDE
SOFJNIJ12AB0185F59,SORLXKO12A6D4FB965,SOFGAHF12A6D4F6AAE
SOWXPVJ12A8C135EC7,SOCRDWN12A8C137CB6,SOXLVKX12A6310E1C9
SOGKYRE12AB0180EFA,SONJSQC12AB0180EF7,SOTDTOK12A6310EF6E
SOUZBBP12A8C132507,SOHIDKD12AB018263F,SOXJPNH12A6D4F952F
SOMCGFJ12A8C132EEE,SOBWJSQ12A8C133CDD,SOAJOPW12A6D4FCDD8
SOUHBZF12AB01895E4,SOBIMIO12AB01895CE,SONLOKW12A8C1347DB
SOIIOMT12A8C13D898,SOAAZTG12A8C13B0C0,SOLFMQG12A6D4F9C06
SOZAATU12A8C1350EF,SOFDKQV12A58A7D7D1,SOXREIR12AB0181E9D
SOIFJQY12AB018970F,SONCUFJ12A67AE2285,SOQFKJB12AB017F64D
SOBQNCD12AC46899B0,SOKDHZT12AC468EE95,SOLGPPJ12CF56650B4
SOTOFHD12A58A76E86,SOXDUIC12A6D4FA5DD,SOPQFID12A8AE48735
SOGPFJI12A8C1408FE,SONOLCT12A8C13EC30,SOMZSKF12A67021446
SOIIOYV12A8C133F85,SOUYYAO12A8C13849A,SOYVDVQ12AB0185FD1
SOAQMBC12A8C145525,SOMJZIT12A8C138BDE,SOWRKIA12AC9070E4A
SOWMMLA12AAFF436AD,SOMYJNH12AAFF4366E,SOJLBGO12A8AE48608
SOPCCVI12AB018F37C,SOMZUJH12AB018F38B,SOFDEMJ12A8C13410C
SOPCPBI12A8C144FFD,SOGFWGH12A8C144F4C,SOLNOBT12A6D4FBC7C
SORZPAE12AAFF434B9,SOJGCYU12AF729B995,SOWKBEA12AB0180A0A
SOSLDUO12A8C13F7E0,SOSWYWM12AB018A072,SOLGING12AB0182723
SOOMAWX12A67ADD107,SOSXNOO12A67ADD100,SOOOWUL12AB0182785
SOSDNOU12A8C13998D,SOTDRFF12A8C13997C,SOBKNXK12A6D4F76BE
SOFSYOE12A8AE45B5E,SOZDHDA12AB018A96E,SOGEWEB12A8C137D94
SODOEGL12A8C13C797,SOLKWFY12AB01872E3,SOQDTSH12A6D4F9A5B
SOMIBMR12AB0186952,SOIHETP12A8C13FBC3,SOQFNMH12AB0181061
SOIJXXM12A8C1416D6,SOSJWRY12A8C1416DB,SOZOUQP12A8C1359A9
SORIDFE12AB018595E,SOGMMCF12AB0185968,SOFGIXZ12A81C20786
SOIVDKY12A8C140269,SOHNZVU12A8C13DF2F,SOCALHG12A8C13EBBF
SOXIMZN12AB0187207,SOUEBGL12AB0187863,SOENIDD12AB01855A8
SOKVVDU12A8C144691,SOBVJUZ12A8C14468E,SOYSFRR12A8C143DD9
SOZANDJ12A8C138EAD,SOCIFIF12A8C1378E5,SOQDTSH12A6D4F9A5B
SORYKNV12A8C140702,SOAPOYC12A6D4FBB27,SOXWEIU12AC46871E6
SOOKFEN12AB0183285,SOEZVEO12AB01811CA,SOFNNDS12A8C138268
SOQMHQG12A8C140E37,SOLKNOY12A8C140869,SOIDYQE12A8C138C90
SOHYNVB12A58A7CACD,SOTEHAK12A8C1365BD,SODEQTP12AB01808A0
SOKHTDS12A8C132987,SOLYPIN12A58A7B02B,SOPRGBU12A8C1373E5
SOBYTZO12AC9075666,SOUVYQX12AC96182F8,SORFVTH12A58A7D001
SOVVCEK12A6D4F6373,SOUYYQU12AB01878D2,SOZMYYX12A6D4F805A
SOXYTJV12A6D4FAF73,SOUYVXD12A6D4FABAC,SOHYLOT12A8C13F8A6
SONRGVP12A8A9D85C9,SOTWHYS12AB0187FF2,SOWWHQN12A8AE46EB4
SODTBQJ12AB018BE8E,SOPCUKD12AB018B431,SOCYZPH12A58A7DC7A
SOYQEXW12AC3DF7272,SOWOITZ12AC3DF47B8,SOVFASO12A58A7B593
SOKRJHZ12AB018321A,SOJRQGH12AB01814D3,SOESIPG12AC468BDEB
SOMEJCN12A8C135F20,SOKOWHC12A8C135F1A,SOHYNVN12AB018BC9F
SOWLNSM12A6D4F975E,SOHBQFZ12A6D4F66D5,SONTEEZ12A8C13EC73
SOZJBWW12A8C13D43A,SOEODMJ12A8C13D416,SOMVHUG12A8C13828A
SOBZBMT12A8C137F86,SODYTCM12AB018565D,SOCQGSC12AF72A7AA7
SOHDWYM12A8151AF55,SONBWUH12A8C1421BB,SOBOUDZ12AB0183472
SORWPOH12A6D4FBC6C,SOPMOPR12A6D4FBC72,SOOIHFU12AB017E465
SOUPUNK12A58A7AE60,SOGFGOM12AB017E1F0,SOQSDLX12D02199293
SOABWCW12A8C141884,SOITHDV12A6D4F5D0D,SOAYXCJ12AB0183822
SOADTCD12A8C1425CC,SOMDFYM12A8C133E63,SOLBSAN12A6D4FA19A
SOJDROX12A58A7E969,SOROEBL12A6701E09A,SOBGCLK12AB01822F2
SOOZTXC12AB0189F98,SONZTEP12A81C23276,SODMROC12A8C1443E7
SOMXJZR12AB017EB6F,SOBEUMD12AB018A9BC,SOIPGUM12AB017BBCA
SOPWHPH12A8C13B0F5,SOSAPAJ12A8C13E5D1,SOPPHVP12A6D4FB874
SORNIIC12A8C13DA44,SOTYUGD12A8C13F5CE,SOIMGHD12AB0187CD9
SOQQXOZ12AB01809E4,SOMMAMA12A8C13F9E7,SOCYRBD12AB017E7B7
SOXFJDA12AB018A684,SOHGNKI12A8C13D1A0,SOFCAEG12AAF3B5AB6
SOXHRSQ12A6D4F99FB,SOQWJKS12AB018EF6F,SOBHGZM12A8C1331CC
SOYOZLG12A6D4FA242,SOQZCHK12A6D4FAA01,SOSNECW12A58A7A8CB
SOJXMCM12AC96186D7,SOGICMJ12A81C1F73D,SOOPCBW12A6D4F8EEF
SOFHBWV12AB0180326,SOGUMDK12A8C144E29,SOSFHDU12A6D4FBD27
SOFVQBC12A8C13F1AF,SOEGXTF12A8C13E8FD,SOVJOYD12AB0181AFC
SOOBFFA12A8AE48012,SOIURUK12AB0186030,SOHDNMC12A6701F4EB
SONOJYZ12A6D4FBFD3,SONLBSL12AB0182848,SOLGAPB12A8C13EA19
SOMBOYL12A8C13B46A,SOBDKQB12A58A7A3AF,SOGWTVB12AB018D104
SOTVSQV12AB018767D,SOWHIHY12AB018B64A,SOSAWUA12A58A79867
SOYWFWL12A6D4FE07D,SOQVCQK12A6D4FD32F,SONRYVE12AB0183FAD
SORLMRP12A8C14340B,SORZQEV12A8C142ED0,SOXCWTT12AC9075756
SOUPFRE12AB017F965,SOUTOFU12AB018337A,SOURVZD12AAF3B3A20
SOEPOHV12A6D4F9309,SOHZGOY12A81C2077D,SOMZTZA12A6D4F5571
SOZOQZC12AB017F669,SOSUZQG12A8C13809B,SONIHIE12AC4689496
SOKOSDA12AB018EC15,SOCFQCA12AB0184F68,SOFNSBJ12AB0180694
SOLKJIE12A8C13F56B,SOIVWNC12A8C133ABA,SOJRBHP12A8C142E04
SOZGITV12A8C13814E,SOFEPSF12A6310D8B8,SOGVRWD12AB017CAD4
SOJCZQX12A8C13CF03,SOFDKJB12A8C1423CB,SOMEYFE12AB018BA5B
SODTQUS12AC9072C0E,SORBQBO12AC468BFF4,SOCXUCK12A58A77D34
SOCSXKQ12A6D4F95A0,SOFCEGR12A81C23972,SOSRBGM12AB0180510
SOFZHXD12A6D4FA2C2,SODICWU12AB01872DC,SOZCHSU12AB0185BEA
SOUFKSE12A8AE46DCD,SOUCFDL12A8C1386DE,SOVWHFR12AB0186C47
SOMSNAK12AB018140C,SOAFPOS12AB018A47B,SOXHVOF12A58A81591
SOQXRLI12AB0182670,SOIVWKB12AC468E1B5,SOLUVUK12A8C135F2E
SOXZIRA12A67ADEA54,SODRZRU12A67ADEA50,SORJLCJ12AB0188E9E
SOZPUPO12AAF3B3146,SOHWOTE12A8C13B827,SOITKGP12A58A75D98
SOZLKCB12A6D4F789E,SOZNXMN12A8C1439A9,SOFRYYA12A8AE47A2D
SONPRDK12A58A7AFE4,SOZBQMB12AB0182CCD,SOIQBIO12A5891E6AC
SOTWBOS12AB0184DF6,SOHHDHH12AF729FE64,SOGNRDZ12AC3DF7EB2
SOXVDMF12A8C138925,SOXFBBD12AB017A6BA,SOFZZQS12AB0186DC8
SOVOLRP12AB018B6A1,SONJBPU12AB0180558,SOIHGCV12B0B80B6CC
SOURIUZ12A6D4FAB80,SOWOOQR12AB01830EE,SOMTHBZ12AB0184DD7
SOIDFJR12A6D4F7EB0,SOMHDZS12A58A7ACB3,SOIMULA12AB0181A62
SOGOUPG12A8C1355CE,SOIRUCW12AC4689314,SOZDUAW12A8C135B29
SOXOYFD12AAF3B37B0,SOBIOWZ12AB0183735,SOGCGDZ12AB01844CC
SOGWIIH12A8C137323,SOGJQKY12A58A77A8D,SOZZWEF12AB0183A0D
SOBQAOG12AB01865DC,SORSJND12AB01865F8,SOACNEJ12A6D4F6AB6
SOFBZBJ12AB0182E97,SOUPZWV12AB0185A80,SOOMQUZ12A8C142142
SOVETWY12AB018574F,SOWQSTS12AB0184437,SOUDHTP12AB0183403
SODOQHV12AAF3B32CA,SOFFJEI12AB0182B45,SOITUPO12AB0181E10
SONZPWS12AB017F06D,SOMKAIZ12AB01806D4,SOCBHZK12AB0180631
SOUXVLM12A6D4F6E8C,SOONVZR12A6D4F6E8E,SOOHWTU12AB018500F
SOMZSKF12A67021446,SOGKQHW12AB017A941,SOEOXMR12AB017D8A8
SOUCCCH12A8C144593,SOFFPIM12A8C14455B,SOHKVJO12AB0187ADF
SONNBOV12A8C144477,SOHDVMB12A8C144469,SONWQFC12CF56626E2
SOHOMIY12AAF3B36D3,SOOQWSJ12AB017B8AD,SOTFMSV12A8C142C13
SOAFLZM12A8C132A2D,SOGKJJX12A8C1329FF,SOTYPYR12AB018426F
SOIWNTK12AB01862CA,SOBUJRI12AB018AFB2,SOPCJSP12AB0186ACE
SOIEDLA12AB0187C68,SOFWRFX12AB01874C4,SOCRNQU12AB0182615
SOKAFZZ12AB01868F4,SORLZXE12AB018BA3E,SORZVAB12AB017F819
SOFIIST12A8C137132,SOAMDQZ12A58A7C8CB,SODFRMJ12A8AE4617F
SOEHILM12A8C13A1E9,SODNYGE12AB017E4B5,SOKJHTG12AB0182CAC
SODVWZI12A6D4F5562,SOVVRWX12A6D4FD2BA,SOIYMPC12AB0183793
SOTURHB12AB018691B,SOAHCUU12A6D4F93B2,SOVJQYF12AB0185B36
SOXGOOZ12AB018357C,SOKDSEE12AB0183591,SOJXCFT12AAF3B46A9
SOHWYSN12A8C13D988,SOGFEEP12A58A7AC9B,SOVJQUI12A58A7935E
SOGVFRB12AF72A45D1,SOGGTOB12A8C13ACC5,SOKUZJB12A6D4F4981
SOJWUQX12AB018003F,SOKAHJS12AB017C94A,SOZYURR12AB0180369
SOMLZXI12D021943C8,SOZBOTJ12D0219A276,SOTZJCR12A8C135619
SONILSQ12AAFF42BD6,SOKTFSC12AAFF42BD1,SOSNOYL12AB0185BE6
SORDRUK12A6D4F789C,SOUITES12A5891ED78,SOUMDNC12A8C141A42
SORFQCE12AB01855E5,SOHSBBS12AB01855CF,SOJGNJV12A58A7ED7C
SONZVQG12A58A7B80A,SORRNZJ12A8C13DFE8,SOOPVVO12A8C13F50E
SOGHAME12A8C143CEA,SORPBLU12AB017F8F5,SONQTUH12AF72A47A7
SOSHFYI12AB017E057,SOBCIGV12AAF3B326D,SORXMMR12A6D4FBCF7
SOLSYTM12A6D4F5A2F,SOVEJZJ12A58A7E0F0,SOUMVGU12D021B232A
SOMNMLC12A8C144272,SOHCENZ12A8C13AC85,SODQWRC12A8C13D19B
SORPIQW12AB0179EA1,SOROXGS12AB0180D21,SODIIVR12AB0185952
SOLLWXM12A8C1332FA,SOJEKRF12A8C133CC3,SOVJFTQ12A8C13D7EB
SOOYUXQ12AB01876C0,SOYLKVT12AB0187698,SOBXWTI12A8C14104A
SOHRDQN12AC4686D7F,SOBUNNL12A8AE46D86,SOGTQEI12AB018A2AC
SOVGMRN12A6D4FB09A,SORDSSF12A6D4FBC43,SOUCHUR12AB018756B
SOVSGPL12A6D4F96E3,SOXAJBE12A6D4F80FC,SODEQFD12A58A7EB95
SOOUAKQ12AF72A9116,SOORFBN12AB01888E1,SOKDCSL12A8C13B736
SOQAGWU12AB01804C7,SOJEJID12AB01804BE,SOHMDWX12A6D4F778A
SOKDUHV12A6D4FC256,SOEPTKX12A8C13FEE4,SOJCPRJ12A8C13AFF0
SOJKDYJ12A8C133F6C,SOYJPRK12A8C134CFC,SOHENBJ12A8C1387C6
SOGEOYP12A6D4FBE7E,SOUYSVX12A8C140E2C,SOWEBKB12AB01831F5
SOSGDPB12A670200CD,SOKGFNW12A6D4F8E24,SOYGZCP12AB0186ECB
SOJCYQL12A58A79A3B,SOTTEAF12AB018680A,SOYKYCW12AB017EDA8
SOLKOKN12A6D4F8B18,SOKAIPV12A6D4FAB49,SONASZJ12AB0184B51
SOCMBRK12AC468B39A,SOFJHBU12AB018325D,SOMWWLB12A8C145F33
SOUMIHM12A8C140B85,SOGLUCH12AF72A992C,SOROOIT12AB017D731
SODEVLC12AB0181F63,SOEMYLB12AB0182CFA,SOPLMNH12A8C141B93
SOOPXDX12AB018D9E3,SOBKZYZ12AB0186303,SOTRAIA12A8AE47465
SOGGWYX12A8C140F38,SOUZEGO12A58A7E6AF,SODAIFM12A8C1319C2
SOEAHBY12AC3DF5AA8,SOUVNVG12AC3DF47AD,SOFRITM12A81C20954
SOVRJPR12A6D4FA378,SODKKAG12A8C13C8E4,SOBNLDO12AB0188CC3
SOCALCI12A8C13BFF5,SOWKYRL12A8C13C012,SOCVFVY12A8C13960F
SOCZUKJ12A8C144F6D,SOVQLCH12A58A77E91,SOYTWBS12A8C1318A1
SOQOTOE12A67ADF727,SOAVEJI12A8C137D78,SOBOBRP12D021B32E2
SOKLGWP12AB0185FDD,SOHRFDQ12AB0183614,SOMVVIX12A6D4F4544
SOFACDF12AB017E65A,SOBRWJL12AB017E67C,SODRIEO12A8C13D1E2
SOBTCRE12AB018A1CF,SOGLYUC12AB0187E67,SOCMXZZ12A8C142F70
SOGIUKI12A8C139F0A,SOKESNV12A8C139F86,SOBYENU12A8C13471F
SOIEZHG12A8C13A189,SOGQMKW12AC4689B13,SORKPMJ12A8C143B4B
SOSZMFP12AAF3B5692,SODCBCN12AB01818EA,SOJRSGK12A8C13CBB5
SOFHGPK12D021B3902,SOWIBAI12AB01863E6,SOQHDHM12A8C145F54
SOSGINH12AB0185A9F,SOJTYOG12AB018689C,SOSPIFL12A6D4FC479
SOEZKCH12A8C13B81A,SOEYWVN12A8C13E5F8,SOJBWDW12A8C13FB51
SOZAQOG12A8C140005,SOSXXDC12AB017DCC0,SOVSUFD12AF72A160D
SONYFNY12AC468F7DB,SOBLNFS12A8C143575,SOSFIRC12A8C134091
SOYLQGX12A6D4FB7FB,SOPKOBE12A6D4FB7FD,SOUALRF12A6D4F79D6
SOXSCLK12A8C1355DF,SOENWLG12A58A7C6B7,SOJRXWW12A8C13D7DB
SOOAISV12A8C143ACA,SOUBNYW12A8C1460C3,SOKKBKM12AF729F976
SOOTKOP12A8C140D18,SOJFLYC12A8C13E5C0,SOZDOYP12A8C13ABDF
SOBYCNK12AB0186192,SOXCTVU12AB0189C2D,SOUQHKY12A8C144511
SOSVCWK12AB017FF36,SOZTHOY12AB01859E0,SOSERTL12A8C138CDA
SOMBLEC12A6D4F5761,SOQSXAT12A6D4F5760,SOBNXAE12A8C13D6FF
SOBOUQL12AB0181364,SODTCPC12A6D4F812A,SOODAJI12A6D4FB0C8
SOCXRIF12A6D4F96B3,SOOBRRL12A6D4F96B4,SOAQQNW12A8C135131
SODWZGN12A8C142A38,SOTFKBC12A8C13189D,SORREGF12A8C13DC23
SOUKLIL12A58A7B7B7,SOQVCUR12AC46861CD,SOTVAFQ12A81C22D3B
SOMAFMA12AB0182DB4,SOZBDWA12A6D4F7777,SOBCYAX12A6D4FA5CA
SOCKUXZ12A8C1366E4,SOISPSP12A8C1360BB,SOJGQCZ12AB0185380
SOAQIWX12A8C13C9AB,SOPOEHR12A8C13D801,SONLJGK12AB01822EA
SOIZRPR12AB0180BF1,SOHAXAJ12AB0187327,SOIANZH12A8C138AA0
SOJWDRR12A8C139652,SOLNBJH12A8C13964E,SOMXPTA12A81C22BBF
SONAARK12AB017AF1F,SODKOQO12AB017E555,SOSYFOC12A8AE4606A
SOBKWLX12AC4687387,SONPUQG12AC468AC1F,SOFXRES12C41E06FF3
SOLSVGM12A8C144203,SOCDRLV12A8C143950,SONLETV12A6D4F7B3C
SOXUPNY12A6D4F7117,SODOSAN12A6D4F4990,SOUBUPE12AC468933D
SOXPNFR12A6D4F9FE3,SOSJDGU12AF72A1855,SOGRWFX12AB0189A18
SOQDVJK12D021996B4,SOGMESY12A67020F25,SOBKHZE12A6D4F56EB
SOQARGY12A6D4FB800,SOSJCHV12A6D4F9254,SODTMJR12A8C13814A
SOMBHGM12A8C136B22,SOAPDFF12A8C136862,SOHKPVG12AB017F36A
SOUIKCB12A8C141EDF,SOILMLQ12A8C140919,SOZUZJN12AC960A480
SOKARQT12A58A78B7B,SOKHPLD12A6D4FA191,SOVFASO12A58A7B593
SOGSWPJ12A6701D4F1,SOYUFYW12A8C1395FE,SOIHSKX12A58A76E1B
SOEXTIX12A8AE4946D,SOBMUYO12AB0183BAC,SOLBRZV12A8C13177C
SOVAIXW12AB0184398,SOUOJUC12AB017CF7E,SOZFHFF12A6701E914
SOSCTKN12A8C144553,SOCWTCG12A8C1444E1,SONJZHS12A8C141DAF
SOPHRNV12A8C1350F3,SOWEIDC12A8C13325B,SOKAWZI12A6701F31E
SOFHJYI12AB018703A,SOEPVBB12A8AE44E5D,SOVRELP12AB0185A7A
SOOMAWR12A6D4F8D11,SOSDFNI12A6D4F92F6,SOHSKTI12A8C13C791
SOPHGQQ12AB01800CD,SOOWJYW12AB01800A0,SOJFLSM12A58A79F83
SOUOQRC12A8C13FB98,SOMDKAX12A8C13F1E7,SOABSRE12A8C1355F3
SOITAEB12AB01857BF,SOBSCHN12AB018305E,SOINLVO12A67020D31
SOUFPAM12AB018E632,SOTNKRT12AB01872EE,SORQVKJ12A6D4F8F22
SONYEUO12A6D4F9C8C,SOGDMKC12A6D4F9C89,SOYNTVB12AF72A4811
SOWMQDQ12AB0180E25,SOJHSHX12A8C13A461,SOGNDRY12AC9075738
SORRWEK12A8C134643,SORRKPH12A8C131B8A,SOBTTPI12A8C1406EF
SOPQAKC12AB017D155,SOMBCWA12AB018AE2B,SOXWFMY12AB01886DF
SOEKFLB12A8C138C5B,SODUYQC12A58A7F259,SOLAYZX12AC9075243
SORZEFB12AB017ED3C,SOMGGGZ12A8AE4605E,SOIEPOY12AB018652E
SOVLYKP12AC4688A3E,SOLVHPW12A58A75E72,SOHXMHY12A67ADAC02
SOXUEBY12AC46850CB,SOXDPGS12A8C13E193,SOFHRKG12A6D4F8A90
SOACAKP12AB018638D,SOHRSFR12AB018502D,SOQFLSY12A58A7B943
SOZMELK12A8C143532,SOLMXIE12A8C1429A8,SOQEEGM12A8C13C4EF
SODGFCO12AB017E96B,SOZRYDR12AB017E995,SOVRJQI12AB0183C6B
SORZMPO12A6D4FB01E,SOIRFWA12AB018470B,SOKLZTC12A8C141362
SOSYPCS12A8C136D12,SOVYZIA12A8C136E0D,SOAXEJI12A6D4FCE3E
SORBAIT12AB0181E24,SOECSTA12AB01894D7,SOLHMIO12A67ADE684
SOPZCTW12AB018554E,SOVEQTQ12AB018DC21,SOZQTOH12A8C13AEE7
SOEVQOI12AB018B8EA,SOQWLEB12AB018CF53,SOGJOXY12A8C130B3C
SOLLXGC12AB017F3E0,SOUTBHJ12AB017F3D4,SOSRIVF12AB017DF0E
SOBXDCF12A6701FAFC,SOGJJMI12A8C133442,SOAMRER12A8C1363ED
SOQXRZU12AB0187028,SOHOWXW12A6D4F8B39,SOFYLXK12A6D4F89B1
SOKCFIA12A67AD742A,SOCWECF12A6D4F95A8,SOAVXSK12AB0180A3A
SOVZTNO12A8C13D0BB,SOUMATF12AB0188326,SOHDWVO12A8C13E740
SOONRDP12A8C13AC86,SOSXBGH12A8C13AE23,SOSJWEM12A6701F538
SONFFMA12AB01891CB,SOPZOIK12AB01891B9,SOKTSKT12A8C142D07
SOHSRMW12AB018DD37,SOCQFMI12AB017C18A,SOVIEMH12A6D4F94E1
SOHEDMW12AF72A28F0,SOABEAH12AB01817B2,SOVPZLH12A8C14239B
SOCHZEX12A81C20AC5,SOVSCSI12A81C20ACD,SOSEQWD12A81C21F43
SOVCOKU12A6D4F6096,SOFDMUU12A6D4F609C,SOKKXHY12A6D4F9B76
SOEXPEG12A8C140F3F,SOTMUMQ12A8C139CCD,SOJSZNW12AB01865E3
SOHKEHA12CF54651A0,SOHGCLC12CF530E573,SOUYHSX12AB018642C
SOEGTGH12A6D4F7DF4,SODXFVY12A6310ECF2,SOWJABQ12A8C136880
SOEFMIT12AB018DCB4,SOSNSJI12AB018C09B,SOLPZTM12AF729F69C
SOGYWIB12A8C144194,SODIDZI12A8C14417E,SOJGCXY12A8C13ED61
SOCOQSE12A8C13D17B,SOKMPNW12A8C141496,SORCWFS12A8C141697
SOZBFUF12A6701FB7C,SOZFTBL12A6702083D,SOHYKNY12A8C1437B3
SOQIDYH12A6D4F79EA,SONUSLF12A6D4F7769,SOCELDQ12AB0180F85
SOYGQBM12A58A7B5C9,SOTYCDS12AB017CDB2,SODUZWL12AB0183CD8
SOMHOXV12A8C133796,SOZSCRE12A8C13AD3F,SOGVQKE12A8C141409
SOLMBLD12AB018AB90,SOOWBMN12AB018550D,SOSFKQH12A8C133907
SOJRXWW12A8C13D7DB,SOUYPJB12A8C1419CC,SORSDJI12A6D4F98FD
SOWJTGT12AB0182F3A,SOVYBOI12AB017A54C,SOJSCKN12A6310E30D
SOEYCRR12A8C134A85,SOABSHH12A58A7B857,SOZXMHC12CF5F887EC
SOGOYAT12AC3DF7A36,SORZFWY12A6D4F7A0E,SOVBGMA12A58A7A8A8
SOSWRUU12A6D4FD134,SOXBSPP12A6D4FE4C8,SOFZBXX12AB0181731
SOTHSQF12AAF3B247A,SOHDFQA12AAF3B4ADD,SOHFPCP12A8C142328
SOPMKMD12A67020BD9,SOYSLBQ12A8C143F44,SOSBNQU12A670214D7
SOYQFPU12AC4684F46,SORTYOZ12AC3DF6E14,SORDJHM12AB01847D1
SOPUNTY12AB0184A92,SOLZKHB12AB018A070,SOAIJFI12AB0188387
SOLRMYW12AB0188DBC,SOISNFU12AB017FF50,SOAHOBN12AB01835BF
SOIONGZ12AB0187B26,SOITXNB12A8C144ECD,SORUPAW12A8C134375
SOWBYRX12A8C141560,SOUALRF12A6D4F79D6,SOEHEYS12AB0181F19
SOARSZY12A8C140F20,SOFMGQU12AB0185087,SOTVSNZ12A8C13DA01
SOMTVNW12A8C13D87A,SOXUFXX12A8C13ACA9,SOZFZZE12AB018B561
SOMUUNK12AB0183AEE,SOTJWBE12AB017BBDE,SOEMCDO12A8C143D78
SOPLCDD12A8C13599C,SOHSQVS12A8C1369F2,SOCXHJZ12A8C132BF5
SOOZWTI12A8C13FD9C,SOXEYCY12AB0181C2C,SOITSYY12A8C13C842
SOMZGMH12A8C138C3A,SONKOBF12A81C20597,SOLNBJH12A8C13964E
SOOLITV12AB018B57E,SOBEUMD12AB018A9BC,SOWDGVW12A8C13B9B7
SOUWQYP12A8C1373F2,SOARFDK12AB01826E6,SOLSYJA12AB018810D
SOQYFGO12A58A797D5,SOXVYYS12A8C1334E4,SOEAZZD12AB017FCE7
SOLYFBQ12A8C13E176,SOOQODB12A8C13D264,SOOIAPL12AB018C4FE
SOHKEPR12AB018C9C9,SOQSSFX12A8C13424A,SOTVJZA12A8AE47061
SOFSHEZ12A8C1335C5,SOTREPU12A8C136022,SONSZYC12A58A7C753
SOLVHPW12A58A75E72,SOVLYKP12AC4688A3E,SOSQREX12AB0184C30
SOUNHDZ12A8C1425A3,SOEORQM12A8C143E6A,SOATLDC12AB018706F
SOLWISB12A8C13C9BB,SOCWMLZ12A81C23071,SOUFDGY12AB0186883
SOMKDEL12A58A7A756,SOPKOML12AB0183F13,SOJHZIK12A6D4FA191
SOBZAVU12A8C141EA9,SOINLEG12AB01847D0,SOUJRLY12A8C138BD4
SOMUVGO12A58A7B448,SOQJTKI12A6D4F776A,SOFZLWJ12AB0186B4C
SOKEHAS12AB01852A5,SOPNJID12A6D4FA681,SODKLVL12AC9E13F77
SOXAEBD12A8C13522D,SOZPNVK12AAFF4249A,SORKFZC12AB017D785
SOKZVFO12A8C136AE7,SOTNAWQ12AB01870F4,SONUAMN12AB017C683
SOIMTNU12A6D4FB23E,SOIBQED12A6D4F7D61,SOJSVXY12AC46891D9
SOHIILT12A8C140716,SOOMAWX12A67ADD107,SOLMPMK12AC468B131
SOCDLVW12AB018371F,SOINBCU12A6D4F94C0,SOKMJQR12A8AE45ACB
SOOLPPN12A58A7BDD4,SOIGVEY12A8C136481,SORPRUS12AB01868C0
SOYEYDG12A8C1426F1,SOLSKOH12AC4686767,SOORSEW12A8C1375CB
SOMLTII12A6D4F7297,SOXMKLN12A8C144073,SOIGKEG12AC960D9BB
SOQNBGQ12AB018362A,SOHUIAN12AB0184437,SOYKAKE12AB0185CA8
SOGPAZU12AB0184FC5,SOIEMLS12AB0180F34,SOSBOQW12AF72A0EB1
SOJSSDR12A8C142EE5,SOYVWTC12A8C135865,SOHNPUH12A8C13CF1A
SOXBEYM12AC4689A64,SODAOIX12A67AD84DA,SOOBIQQ12AB0185365
SOHWUWA12A8C1325AE,SOSXAMA12A8C133298,SOFYNQX12AB018B8E1
SOUDJLX12AB0181ECE,SOJDGAU12AB0181EB5,SOGOGWU12A8C13F587
SOOITWD12A8C1396F5,SOBCPSW12A8C13BCB7,SOKOWHC12A8C135F1A
SOMIWET12A8C13EDBD,SOZNFIN12A8C13EDBA,SOMAKMC12A8C13378A
SOMORKL12A6D4F926B,SOMNUUB12A58A7926A,SOBMJEK12AB017E066
SOLFBGC12A8C13565A,SOMWEOX12A58A80D39,SOFUJJN12AAF3B359D
SOHKKXU12A67ADA08F,SOIJEWM12A67ADA08D,SOXGWKU12A8C13DF6A
SONIRFM12A8C1355A3,SOTMUMQ12A8C139CCD,SOSAWGH12A6D4FAAF5
SOZMOUC12AB0180369,SOUAKUX12AB01829C4,SORWYKD12A58A7C79B
SOUCHUR12AB018756B,SOGKAGF12AB0187767,SOGOJLO12A8C146D8B
SOAAHZS12A8C143A21,SODRZXF12A6D4F89FE,SOQLHRZ12A8C13D6DF
SORYRDS12AB017FFB7,SOATOIB12AB017FFAA,SOFJFPQ12A6D4F5BBE
SOHQPEV12AB0187F7B,SOLQIER12AC468D91E,SOECYLM12A8C13818D
SOLQVEY12AB017E259,SORYNPD12AB0189176,SOGXEAN12A6D4FC8C6
SODEIVI12A8C13266D,SOWGWCP12A6D4F860D,SOMIRKH12AB0182F65
SOVZZVR12A6D4FCD85,SOQKVZH12A6D4FC11C,SOFYCJD12AB018718F
SOCDZSE12AB018C6DB,SOXOULZ12AB018B181,SOFKGIR12AB0186969
SOAQFSF12AB0183F71,SODNJHI12A6701DBFF,SOVNOTL12A8C131D22
SOARDGF12CF5665050,SOBKIGU12AB018B95C,SOPPGSG12A6D4FC403
SONTNWM12A6D4F8C5B,SOUSOKC12A6D4F7E12,SOTFCFF12A8C142E4F
SOFDVAR12A8C138BEA,SODOACE12A6D4F32A2,SOQOEMZ12A6D4F9C52
SOKJOUH12A8C13CB03,SOTCDGX12AB0182E02,SOWEDIT12A8C13E533
SOTUZID12AB01801BE,SOWXIES12A8C134C01,SOBDZUO12A8C140C6A
SOMQHOU12A6D4F6B12,SOKMUAE12A58A7BEF4,SOIKGBS12AB0180C4B
SOEZRTB12AB0180C5D,SOTJVBT12AB0180C4F,SOWRUPX12AB0187857
SOQAJNL12A67AE1136,SOOAAWM12CF5702403,SOUIQYW12A6D4FB5B7
SOLEDKK12AB018EB5D,SOEGXAU12AB018EB30,SOBSIYO12AC46866DD
SOJCTOW12A8C13E1ED,SOHTSBX12A8C13CF26,SOOLLJI12A58A7676B
SOBMITR12D02198E26,SOKPPPH12D021978E5,SOUDHVE12AB01828C2
SOBSEXG12AB0180DD4,SOZHWVN12AB017FAA2,SODQHAJ12AB01826E7
SOSGUAJ12A8C1455A1,SOXKRGK12A6701BF6F,SOOQRDY12A8C13A8DF
SOAIOHX12AB017E5E8,SOKEFYJ12AB0187472,SOVWHFR12AB0186C47
SOCPKHP12AB017E118,SOVDHAF12AB017EC06,SOITKPG12AB018BB58
SOIIENY12AB017F6B5,SOWHIPN12AB017C984,SOBNLJB12AB01822DE
SOMZTKY12A8C136C1E,SOMNZNU12A8C143D63,SOJYWOD12AB018371A
SORWVEZ12A8C13C031,SOPIHNL12A8C13B28D,SOIXWTG12AB01875CC
SOGXSVP12AB0180F96,SOFCEPD12AB0181E07,SOQJNYR12A58A7D507
SOPLZYS12A8AE48DE6,SOZMVGJ12A8AE4565D,SOVKPVL12AB01860F3
SOIGZYZ12AAF3B4F06,SOTBFDV12AAF3B2B4E,SOXUANH12A58A7DD14
SOTKXNR12A8C13ED67,SOPXSKA12A8C14044B,SOUXPRP12A6701E3EF
SOWIEEH12AC468C6C1,SOZTDIN12AB018AAD1,SOHUHXU12A8C138196
SOEGIBX12A8AE48C53,SOSLZJM12A58A7CF4E,SOFNHMW12AAF3B2A27
SOATANS12A8C13F8C9,SOWOTXA12A8C13F903,SOLKMMD12A6D4FBCF0
SOIMTOV12A8C135A36,SOAXABK12A8C13C76F,SOIGYRQ12AC46897E2
SOSZLHJ12AB017EB6D,SOVAESK12AB017EB95,SONYPJJ12A6D4F9EC5
SOKNRLD12AB018496B,SORPVAU12A58A76DFF,SOJLEOL12A81C21838
SOSACTG12A8C144B2B,SOAXHCC12A8C14330F,SOBMUYO12AB0183BAC
SOWWBGS12AB017BB4D,SOVPRUW12AB017ADB7,SOLIRCO12A81C22B98
SORYMFT12A8C131F60,SOVYGNP12AAF3B2FB7,SONFEIT12AAF3B1F97
SOWKDIY12A8C1444B8,SOEMHUI12A8C1444EB,SOCSEYN12A6D4F8178
SOGVKRE12AB018296E,SOHMAOS12A8C134A75,SOTAQRM12A58A7A36A
SOPFMYE12AB0187BFD,SOHVLUL12AB0187C00,SOWVWEH12A8AE48529
SOFODDW12AB0182616,SOSBYVZ12A6D4FBBF2,SOBQJCE12AB0183BB3
SOITVQW12A58A7D657,SOKEJSK12AAA15D95A,SOOJAOG12AAA15E9B2
SODHTHF12AB0184F53,SOMMAMA12A8C13F9E7,SOHCDBQ12A8C13D2FF
SOFWXQO12A8C130A8F,SOLGZEL12A8C132615,SOGQEXS12AB01885BA
SODPUWZ12AB018A9DD,SOHKWNP12AB018A983,SOTHFEY12A6D4F898A
SOZNTZO12A8C13AA7E,SOILWZV12AB017BBAA,SOLSWAV12A8C141F80
SOGHCFG12A8C13B254,SORJOMF12AB0186F78,SOBWPMI12AB0187FD7
SOAXEVR12A8C13FF61,SOESNZL12AB0187566,SORJEMK12AB01896DB
SOFZNXJ12D02198864,SOTYFIH12D0219BD95,SOSXXDC12AB017DCC0
SOFDFIK12AC4687E40,SOZINDK12AC3DFB2CB,SOFHNYA12A8C143302
SOXNZYY12A6702029D,SOCPHRB12A6D4FD246,SONYXAF12A81C205A8
SOBIGSI12AC3DF44BC,SOEZXEW12AC3DF44E8,SOSELVM12AB0185E74
SOLIXJQ12A6D4F8C4D,SOKDRBV12AB0188E85,SOQATOP12A6D4FAC89
SOIHBHO12AAF3B3EA2,SOLGYJO12A6BD55664,SOCDABA12AB018AA60
SOFKLHI12AB0183745,SOYUBPW12AB017E030,SORWZDB12A6D4F9290
SOAGZSY12AB01875BB,SORHRTI12A6D4F71E1,SOAONUX12A6D4F8462
SOIKWRR12AC3DF9853,SOXUMIO12AB01817EB,SOTRPOF12A8C13B958
SOWZIDO12A58A796B8,SOBVJHC12A8C13646A,SOVRJQI12AB0183C6B
SORTGBA12AB018A917,SONIOEX12AB017D541,SOIXSTJ12A6310D9C7
SOQJZSD12A58A7B143,SOSOPKK12A8C133DC9,SOWMQTJ12AB0184323
SOFQCTX12A58A7C148,SOMWUDC12A81C1FA9D,SOFONYI12AB017ED28
SOGWBQJ12A8C13AEC2,SODDVMC12A6D4F9777,SOBIOWZ12AB0183735
SOOXYFS12A8C13B06D,SOXGJTM12A8C1450C9,SOGKWBX12A8C142EA4
SOOMXPV12AB01820F8,SOMKLAI12AB018423A,SODJQJW12A58A7B154
SOCVMCW12A8C139A48,SOPUAZK12A8C13B8A9,SOXSNFD12A8C135DAC
SOTWJNY12AB018B214,SOKAQQI12AB0189752,SOYYMRJ12A8C1338BB
SOFVPZU12AF729CC83,SOMBKBP12AC468D7E2,SOVCXTS12A8C144928
SOKSZUR12AB0180AE3,SONMCAX12AB017DB61,SOQDBNE12AB01852A7
SOFBETS12AB018BE24,SOXUVWM12AB018BE30,SOBIFKX12AB018523F
SOLKVLQ12A8C13675B,SOUSKYH12A8C134308,SONPYGT12A6D4F8187
SOUQOMR12A6D4FF0A6,SOSEPFB12AC3DF7F65,SOBTBBG12A58A7E65B
SOKQEBT12AB017F328,SOEZEMH12AB017F317,SOSEMQW12AB01805A6
SOKDSEE12AB0183591,SOXGOOZ12AB018357C,SOIUNJH12AB0180160
SOBQIYR12A8C13A4F5,SOYFOBA12A8C14284D,SOHACEQ12A8C132139
SOZAMZG12A8C137339,SOGJQKY12A58A77A8D,SOWQBVB12AB017BA34
SOFVDBE12A6701DE22,SOWTLWF12A81C2204F,SOYKAIZ12A6D4F97B2
SOPNECA12A58A7DD42,SOWDBUH12A8C138B73,SOFYXIZ12AB018269A
SOMLRBT12AB0186071,SOXXYXY12AB01851E5,SOWRBWT12AB018B81E
SOZNTRG12A8C13C6D1,SOBNXPX12A8C13CB09,SOYKEID12A6D4FA436
SOPHSXS12A8C13C01F,SOOKHCW12A8C136560,SOGQPOB12AB0183756
SOGOWCW12AB018BBE1,SOXEBRP12A8C144763,SOUVGMG12AB0186668
SOIDIWD12A8C13B9EE,SOLBSMP12AB0189F49,SOIOTGM12AC3DF6B6D
SOSWTVM12AB01834EF,SOLWRPN12A8C140DEB,SOZFMLR12A58A7C2A7
SOKMAVU12A6D4F667A,SOVWSYP12A8AE45C00,SOBMDMC12AB0186042
SOKVDGZ12B0B806732,SOPNVIG12A8C144A8C,SOBMITR12D02198E26
SOFIIUT12A6D4F993D,SOACIWL12AB0183FC2,SOHUDBV12A8C1363B4
SOSHHSC12A6D4F96FE,SOSUZGD12AB0186274,SOCYTFB12AB017F7CE
SOODAXI12CF530E593,SORVSFF12A8C1371CF,SODXMIR12D021B218E
SOTJXLJ12A58A7C882,SOYLAQA12A58A7C35F,SOVVVXB12A8C142585
SOUSRFO12AB0183605,SOQNBGQ12AB018362A,SOIGOXA12A8C143C25
SOMLIKM12AB01805E3,SOUHPEV12AB018AB4C,SOGVBFP12A81C227F6
SOGJYIE12A6D4F8C61,SOYILKZ12A8C13BA75,SOOVSJA12A58A76FF9
SOHIGLA12A8C1437D4,SOBIMIO12AB01895CE,SOSBVXQ12A8C13D66C
SOQNDKC12AB018893B,SOEMLQO12AB01808B6,SOFIXJK12AB018FFEA
SOVJFTQ12A8C13D7EB,SOTNSUO12A6D4FBAEC,SOHVMTR12AB018285F
SODPAQH12AC4688C62,SORPOLL12AC4688C49,SONGTAZ12A6BD55CB0
SOSTTEG12AC3DF402E,SOUAIJT12AC95F077E,SOSUNSR12A6D4FADE2
SOIWRGF12A8C1384C5,SOXTCXD12AB0183E39,SORJEUT12A58A78B6F
SOQWDSR12AB01850B6,SOPXOYP12AB01883DE,SOAEGIH12A6D4F8B51
SOGWIIH12A8C137323,SOGJQKY12A58A77A8D,SOCJQVA12A8C1388DD
SOZZFAG129F0694855,SOGHMPJ12A6D4FCA65,SORBXSD12AB0183225
SONJUYI12AAF3B29BA,SOQIRAR12AB017FEA1,SOBXFLQ12A6D4F3578
SOQESCO12A8C14431E,SOOOCMS12A8C1413F3,SOJDKQV12A6D4FAF0E
SOAKCQD12AB0189812,SOCBQCC12A6D4FEAAD,SOKSMPO12A8C141A6B
SOUHZDY12A67ADE9AD,SOCKQVH12A67ADE99F,SOWXWOS12A8C143605
SOQLOSS12A6D4FE185,SOLOAIM12A6D4FBBE5,SODGSCA12A8C13F157
SOKEKOM12AB0188623,SODPBAK12A8C136BE8,SOOFYHL12A8C1392B2
SOYYKIS12AB018BC58,SOWZBLL12AB018B75D,SOFVMNV12AB017D9A2
SONYHCB12AB0180A8A,SOEIMHH12AB0180A6B,SOGMLLJ12A8AE46BA4
SOVFQWV12A8C135BD0,SOZRGYM12A8C135BD4,SOCKAYA12AB018CC78
SOFTYIA12AB0183B67,SOEBMOR12AB018E580,SOSKCLB12D0219911B
SOVXYCJ12A6D4FA4FB,SOCQOUY12A8C142344,SOSMELN12AB018EC4E
SOEWJIY12AB017CEE7,SOSSSPG12AB017CED2,SOKGKRW12A8C1451D0
SOMVZDB12AB017D8BD,SOJRVVY12AB017B544,SOWJQTB12A8C136DF4
SOHVKMD12AB01822AA,SOOJNRO12AB0182298,SODMWLE12AB018DEA8
SOPSMDA12A8C1346A0,SOPYXZY12A58A7D13B,SOAMTYS12AB018A44E
SOJGTKX12AB0188C94,SOMTRKO12A8C134D55,SOANEAM12AB0184CC7
SOEEWSN12A58A787FB,SOXSPXW12A6D4F9AA3,SOMZUJH12AB018F38B
SONBRVB12AB0188F34,SOXWGIK12AB0188F49,SOOZPVQ12A58A7E3B2
SOPDODI12A8C13B53C,SORVKAX12A8C1343AA,SOWTZNU12AB017EADB
SOPYBBW12A6D4F8901,SOGIKTD12A6D4F88F5,SOTKNLA12AB01826E7
SONETAN12A58A7ACEB,SORMWFU12AB0185891,SONDBYI12A6310D81C
SOXMHES12A6D4F9F19,SOXANJL12A8C145F75,SOEBNEL12A58A7C389
SOCFQDK12A6D4F72E5,SOVBIVF12A8C13CA23,SOKCLTG12A8C138F44
SOVMWZY12A8C13E78E,SOCPVUT12A81357309,SOBVVKP12AB018015C
SOTDFJC12A8C139235,SOVFFFD12A8C136888,SOFGOGB12A8C13D18E
SOVXXPR12A8C13EC71,SOCFVNT12A8C13DF36,SOIUGWU12A8C13C2EF
SONJBPU12AB0180558,SOVOLRP12AB018B6A1,SOFNXUH12A8C13F06B
SOXSFEO12AB0188D4A,SOYCJTN12AB0188D65,SOYPZUU12A8C132B05
SOAIQBP12AB01899F4,SOCYZTH12AF72A6CCF,SOIQVOE12A6D4F8B0E
SOXVCTF12A8C13C9AD,SOLBSKX12A8C13FA00,SOVRIRM12A8C13B476
SOHQPEV12AB0187F7B,SOLQIER12AC468D91E,SOYTARL12AC9097F28
SOWJJQT12A8AE48441,SOJBWCC12A8AE4620F,SOLCSEG12A6D4F9390
SOGRHVP12AAF3B5529,SOLYPIE12AAF3B5524,SOHOWXW12A6D4F8B39
SOHAEBL12A8C1417BF,SOUCRLD12AF72A98C5,SOEORQM12A8C143E6A
SOMMPRA12AB0188206,SONSNIW12AB0188247,SOWTLWF12A81C2204F
SOMNMWR12A8C13761E,SOWUFYG12AB018794C,SOUWNGR12AF72A2C2D
SOAHQTP12AB017C1EB,SOGJQBM12AB0185716,SORGURM12AC468A759
SOFVWIT12A8AE46400,SOLWYHN12A8C141F53,SOTDQBP12A8C144ABF
SOQCQNU12A8C138694,SOXWZTG12A8C13AF7C,SOOMQRC12A8C140619
SOKSAGC12A8151C64A,SOMWVBL12AB018C419,SOADUPG12AF72A1403
SOIBVYA12A8AE46F75,SOFLNBJ12AB017EC59,SODIYCR12A6D4F841F
SOJXJQR12A58A76863,SOATUTQ12AB0189222,SOSWXBF12A58A78B99
SOAXUII12A6D4FAFC7,SOMEOAK12AC468E983,SOODTYG12A6D4FD341
SOIDVKP12A8C13A8A2,SOTXDYB12A8C13A8D4,SOXXYXY12AB01851E5
SOBOVBQ12AB0182FB2,SOBZRJO12AB018690E,SORQGTR12A8C1350F5
SOVSCNQ12AB017C430,SOXKTFS12AB017E17E,SOGDDBQ12A8C140740
SOISSOL12A8C13915E,SOLSFUP12AB0185DCF,SOFLKHX12A6701C32A
SOAXFZE12AB0184643,SOAJYCS12AB0185778,SOPDPAH12A8C138318
SOCDZSE12AB018C6DB,SOXOULZ12AB018B181,SOIDGWS12A8C13F0CF
SOTOTRE12AB017E4C0,SOGSHXI12AB018140E,SOTKVSJ12A6D4F98D4
SOZBKRQ12AB018C426,SOHADPV12AB018B431,SOGDREN12AB018BE6C
SOKVJWB12AB018017C,SOJXSQA12AC3DF97D8,SOUJLUL12AB0183CDC
SOANAAF12A8C14434C,SOGADNI12A8C143CC8,SOSHZAM12A6D4FAD23
SOSEQNN12AB018409A,SOQSLWS12A8C133FF6,SOEHYKB12A8C14264C
SOTKQGG12A8C13A56D,SOXUDPU12A8C13A59B,SOXBJBB12AB01815E5
SOROADL12A58A7C995,SOTSNQM12AB0183738,SOYJTIE12AB0188AAE
SODNTGJ12A8C140B95,SOTVISC12A8C140B43,SOHOOXT12A67ADA073
SOCWHPT12A67ADA68D,SOFVUCR12A6D4FBCE4,SOEOUEB12AB018186F
SOLQMNV12AB017F16B,SOXWVHD12AB017F15E,SOHEQWN12AB0183127
SOTTTKF12AC4688A58,SOKJWQT12AC4688A3F,SOBVPII12A8AE4574D
SOFVBEK12A58A7D40C,SOQEUAE12B0B80617B,SOOVIBO12A6D4F72E5
SOOHAFT12A8AE47FC0,SOOYUHQ12A8AE47FAD,SOELMDY12A6D4FB18A
SOQXEEW12AB017FB7C,SOUVACV12AB017B194,SOTNUWW12A8C1414E6
SOXYARV12A8C1368C8,SOJQNWK12AB0183758,SOUITES12A5891ED78
SOEJFJT12A81C20E34,SOENSIR12A81C210BC,SOZXMHC12CF5F887EC
SOOBNCY12AB0182457,SORRYWR12A8C140E3C,SOMZMFI12AB0187E66
SOAFYBR12A8C1452F5,SOJOQGN12A8C142B8F,SOZGPGM12A58A7BC42
SOHTRVJ12A8C132667,SOBZXPL12A8C1326A2,SOUPFRE12AB017F965
SOSBERP12AB018BB57,SOVZEES12AB018BB41,SOWFLUS12A58A7A62C
SOUJNKE12A8C1374E0,SOKQAWU12A8AE47217,SOMSMYI12A58A7C1EA
SOJMQQX12AB0185046,SOIPZYI12A8C139CD9,SOKTCKL12AB0185EEB
SOSLUKU12A8C138117,SOFCJMX12A8C1363F3,SOPUNQS12A8C13F689
SOMGDOR12A8C133312,SOOPHLF12A8C1332DD,SORHXSH12A6D4F8155
SOVFRBO12AB017B6F1,SONOVZA12AB017D73C,SOEWJHU12A8C141BCD
SOUFWVM12A6D4FA196,SOLBSAN12A6D4FA19A,SODUYOC12A67ADC8ED
SOWKEFC12A6D4FB2BE,SODWMWO12A6D4FB2C4,SOYACQH12AB01865E2
SOJKMPJ12AB018D99C,SOVLZXM12AB0183966,SOIOPZN12A81C22E4E
SOCPEKZ12A8C1358BB,SOTNKAF12A8C1358C0,SOHHRIY12A8C13E698
SOZQWUN12A8C13C02E,SOFGIIQ12A8C1404FF,SOFVSDW12A6701D96E
SOFYCJD12AB018718F,SOJJVJA12AF72A7A10,SOVUIJV12AB0183C97
SOCGWAJ12A8C136369,SOCEBEL12A8C136352,SOLUWXL12A8C13FB1B
SOENDXX12AB018BDB2,SOPKNAP12AB0188FE4,SONPUFK12AB0185790
SOCEKIR12AB0180C18,SOVPXSS12AB017DADF,SOADRFO12A67021A40
SOWEIDC12A8C13325B,SOPHRNV12A8C1350F3,SOIBVYA12A8AE46F75
SOXTIQL12A8C135544,SOQGQIM12A8C13554B,SODBLZB12AAF3B4A1E
SOSZTJQ12AB018EF85,SOTYRXA12A5891F98D,SOBBTBP12AB017CC42
SOSRYPC12AB0183BD6,SOQLEFV12AB0183BBD,SOVIEHU12A81C234C3
SONDICB12A6D4F8230,SOBZOTA12A6D4F8234,SOBGOJT12AB0182E96
SOQMPKC12A8AE49270,SOWOOXX12AB0183305,SOYGLAR12AB0180AEE
SOPTZQK12AB018AE52,SOZODIS12AB018E348,SOPIMBA12A8C13BEA2
SORGLIG12AB018A8A9,SOYAKLM12AB01844B8,SOFHNYR12AB0188347
SODHGZH12A8AE46EA2,SOOSWLV12AB018757E,SOLZOFZ12A8AE46339
SOMQDUC12AB017D23D,SODWULX12AB017D808,SOCCBXZ12AB01835A0
SONQVJV12A8C132754,SOMKNNU12A8C1448A1,SOWKFNZ12AB018263B
SOKJVAO12A8C1407D8,SOYKGBK12AC4689872,SOQPGGJ12A8C13ABEB
SOAUXQN12AB018D2F6,SOOTFBM12A6D4FCD69,SONICET12A58A7F290
SOSUZGD12AB0186274,SOSHHSC12A6D4F96FE,SOXWEXG12A8C141522
SOWZGNI12AAA8C59B1,SOBWDPL12AAA8C5AB5,SOUJRLY12A8C138BD4
SOASNLL12AB018129B,SOBJIKU12A8C13ECD6,SOMXMTB12A8C145406
SOLVMYS12AB017C758,SOLQNNC12A8AE45A84,SOQKVIL12A58A7C1D6
SOETQOF12A8C14494B,SOEANAP12AB017F765,SOYJWLC12A6D4F9E71
SODNCCK12AB017D50D,SOSONLD12AB017D500,SOEHMYF12A6701F42B
SOGLBSN12A8C134A19,SOCDGKN12A8C1349E2,SOPAIBJ12A8C135DC1
SOFHRZR12A8C1325C1,SOGYMQD12A8C145714,SOBKEXX12A58A7D6EB
SOJMLAI12A8C145AF8,SOENGGT12D02191F31,SOBERHB12A8C144395
SOECKYU12A6D4F96EA,SOBXYJA12A6D4F967E,SOSDCPD12AB0189F96
SOGVGUP12AC468CAE1,SOGDQIE12AB01892C0,SOPIUFO12A8C1438DD
SOVBVGP12AB018481C,SOTTBXU12AB0189281,SOIQOAV12A8C138B91
SOCXMFL12A8C137901,SOCFBNF12AB018849A,SOEMGLA12A58A8094C
SOBHGZM12A8C1331CC,SORMCNI12A8C1322CB,SORQUCA12A8C143CCB
SOINJHA12A8C134C60,SOWLJJU12A81C2224B,SOLMKFY12AB018758D
SONYSPP12AB018A399,SOIDGZM12A8AE46FE5,SOWDKXG12AB0182FC6
SOJWQZD12A58A79588,SOSUMBT12AAF3B2FA0,SOBDZUO12A8C140C6A
SOCTRPQ12AB01807EC,SOMBANW12AF72A71D2,SOGHBAR12A8C13E813
SOOMUNN12A8C13B998,SOAOPBV12A8C13C4FA,SOENHFL12A81C2362B
SOSWVYM12AB0180DD1,SOUTLLJ12AB0180DAD,SOLCFAU12A8C141408
SOSJCHV12A6D4F9254,SOQARGY12A6D4FB800,SOCUECF12A8C13C8DC
SOUVAZT12AB017C119,SOQTFZH12AB0188264,SOYKTQM12AC468D0F9
SOBZCDI12A6D4F78CC,SOZEOUY12A67ADD446,SOQEOOS12A8C141042
SOFZSEG12AB01848E6,SOPGETA12A8C13FDE5,SOJSDJK12AB0184475
SOHSIJE12A58A7B424,SODSYJS12AB0188032,SOMNMWR12A8C13761E
SODYZSD12A8C13FC46,SOXZFPY12A6D4F5D7A,SORCOEM12A6D4FB3C2
SOJCTES12AB01867CC,SOYQDMK12A58A799E3,SOJPFUA12A6D4F9A04
SOIUBUZ12AB017C4C9,SOKKVRZ12AB017C4DA,SOODGZS12AB01891E9
SOQDNJN12AB0186202,SORQDPP12AB017C9BE,SOYVPHW12A58A79FD9
SODXHHY12A8C139E9F,SONXFET12A8C139EAF,SOEQUFB12AB0180B9B
SOFHJYI12AB018703A,SOHWWVS12A8C13DB10,SOMRFYQ12A8C1325B2
SOSSSPG12AB017CED2,SOEWJIY12AB017CEE7,SOHPJFU12A8C13680A
SOYEEWC12AC468D12F,SOCHARK12AC468A169,SORSEUE12AB0183D3D
SOMCBZU12AB01836F7,SOGMUVU12AB0182028,SOHHMFQ12A58A7694C
SOVKXBT12AB0182F41,SOBPIDN12AB0182F32,SONTEFB12A8C144DBC
SOQGRVM12AB0184897,SOJWAXL12AB0182DA5,SOBBBRR12A81C21903
SOKQJQA12AB0180C0E,SOTKIPP12A58A78579,SOWGTXG12A8AE48C4C
SOVWJNL12A6701D396,SOXQSVG12A6D4F9908,SOHOPYC12AB0188EFC
SOPIDRC12A67ADA4BB,SOFRKFN12A6D4F796A,SOPLSJK12A6D4FA8C3
SOQAARV12A8C1386BD,SOAVIDV12A8C13A6E1,SOCMGQO12A58A78A3A
SOOZVPD12AB018A3DF,SOTRJTA12AB0180A36,SOLXMQH12A6D4F81F4
SOCAFJD12A8C137E40,SOMTLJS12A6D4F85A3,SOVEKOC12AB0187262
SOWPNDT12A8C145BB6,SOQDQTD12A8C145BE5,SOTNLTR12AB01813CA
SOASKLK12AF72AD539,SOAJCQX12A8C138D6A,SONGKFO12AB0183713
SOGTVTI12A8C13BCBD,SOFNVZD12A8C138009,SOUXQGI12A8C1327A8
SOEUZAC12AB018C2B0,SOXAXWG12A81C20D97,SONZYRS12A8C141A13
SOYHZWP12A58A7C176,SOMKDSL12A8A9D5A19,SORXTQZ12AB0184D53
SOQHHRM12A58A7F405,SOBPPSJ12A8C133DBD,SOGGDFZ12A8C13CE8C
SODSRJV12A8C141978,SOXHQEI12A8C13B48A,SOFPPPB12AB018BB18
SOCXMFU12A8C1374D8,SOXTXUC12A8C1374CB,SOOLDZZ12A8C131FCB
SOCQITN12AB01832A9,SOLWFIW12AB0183257,SOEMOYX12AC9DCC5BC
SOIMAKW12AB01887BF,SOAVOLU12AB01817A3,SOTTBUT12A8C13856B
SOAMMQP12AB0186A0F,SOXRPTI12AB01803FE,SOGSGBW12A6D4F7150
SOAFFAD12A8C130310,SOQYYZH12A6701DB2C,SOOVXQD12AB0185A0D
SOYHNYZ12A81C204F0,SOWNCGX12A58A7916F,SOWSUAA12A6D4F5F22
SOHNRGI12A8C13ED2B,SOCQLCX12A8C13ED28,SOACJLB12AC3DF6D43
SOUUMMY12A8C13A529,SOQVKQN12A8C13B95A,SOVVCEK12A6D4F6373
SOOVPFM12A6D4FC034,SOKRCWY12A6D4FC02D,SOOWZDX12A8C13EAFE
SOXNGGE12A6D4F5F7B,SOMCDGO12A6D4F5F75,SOFCJMX12A8C1363F3
SODCANB12A8C13EB98,SOCGRSH12A58A7C8A5,SONLYGH12AB0188429
SOKJPZX12A8AE45D50,SOSCKDQ12A81C22BA4,SOYKEID12A6D4FA436
SOIHNCO12AB01863AD,SOZLKQO12A67020ACE,SOBPTJJ12A8C1347B4
SONILSQ12AAFF42BD6,SOKTFSC12AAFF42BD1,SOAFQPF12A6D4F829B
SOLARDY12A8C13D9A5,SOYEEBH12A58A7BA1F,SOWIIZC12AB017C36E
SONMFQF12A6D4F8BDD,SOMTHKJ12A6D4F5417,SOKJPAY12A8C13D42F
SOMKTRO12AB017DE4D,SOKEOPP12AB017F799,SOGQQJS12A8C137F10
SOFYKCC12AB017FBFA,SOIWJBM12AB017C96E,SOTGZBX12AB017C973
SOQJLBV12A58A78A30,SOLZXTF12A81C1FF0E,SOZXMDN12A8C13B6F1
SOOTKOP12A8C140D18,SOJFLYC12A8C13E5C0,SOOVCCZ12A8C134E1C
SOKQMJB12AB017B7D6,SOFBRBD12A81C20A46,SOIUREE12AB01846ED
SOBQEYD12A6D4FA9E5,SOSBTQV12A6D4FA9B8,SOPLSJK12A6D4FA8C3
SONNXJI12A58A7AD05,SOAXBAE12A6D4F79C3,SOQBPMO12A8C139C9F
SOPRCNA12A8C1368D7,SOTCOCJ12A58A75900,SOGJZFX12AB018D01A
SOWCQMB12A8C141825,SOLGWJT12A8C14181B,SONRRKA12A8C141EC4
SOWOWRF12A8C13BE81,SOJOEZM12A8C137372,SOLENFZ12A8C138760
SOQDTEZ12A8C13D5EB,SOMJEXF12A8C13D5FB,SOTNQBH12A8C135F80
SOTKAFN12A8C136138,SOICHPE12A8C132625,SOGQMKW12AC4689B13
SOOSDYP12A6D4FA1E9,SOTQZVJ12A6D4FA161,SOBZQHN12AB017C65B
SOBVHGZ12A8AE45DDD,SOUKHLG12A8AE45DD2,SOUTGOL12A8C140C44
SOSFKJV12AB0182509,SOFYMIX12AAF3B3D4B,SOMPXRK12AB0185361
SOTPFBX12AB0184CDB,SONPLDZ12A6D4FA810,SOQSXNC12A8C133130
SOSPOED12A8C130D7F,SOYVLWG12A8C1333F0,SOJQEOR12B0B80675A
SOPEJHQ12AC468AFA4,SONRKEV12AC468AFB3,SOJVUGJ12AB0180C0A
SOOELYY12A670200F2,SOCPTTU12AB018CB7E,SOAWJAQ12AB01863E0
SOBWUJV12A8C13C99D,SODKHQC12AB018A3E0,SOABCEU12A8C132027
SOVYDFP12AB018CAD3,SORTAIB12AF729F4FC,SOBFAZU12A6D4F7C98
SOAYNOM12AB018100D,SOGTJEX12AB017DE65,SOSHFYI12AB017E057
SOGUFFP12A8C13FE41,SOXIWDR12AF72A5E4E,SOFITEG12A8C142280
SOOFPDT12A58A778DD,SOFWVCZ12A8C1462BF,SOXCWNT12AB01807ED
SOWQSOB12A6D4FB441,SORRDHP12AB017AD11,SOUCFDL12A8C1386DE
SOAGZQQ12A8C1424A5,SOPAEAT12A8C1424AB,SOQXOXK12A81C219E6
SOOJTDS12AB01809CE,SONPLDG12AB01809D4,SOPCPBI12A8C144FFD
SOOZPQI12AB01852BF,SORXNQU12AC9097DA5,SOSSPND12AB0185B1D
SOUSFAJ12A8C143683,SOWBUVU12AB0180787,SOWRNJC12AB0184DA1
SOAAMGY12D021B38BD,SOTJUXX12AB0180E7F,SOPKYYY12AB0189DFA
SONLZDT12A8C1451FE,SOCFFCL12A6BD4F925,SOCQYRC12A67ADB469
SOKLBUF12AB0180F11,SOFPYXC12A58A7A4B9,SOTHCWB12AB0183E55
SONRKMB12A8C133645,SOOMCXE12AB018C807,SOJABGE12AF729FC2A
SOCFHYP12AB01810C3,SOQQBXB12AB017EB04,SOOVCVO12AB018012E
SOSVWIE12A8C143BD4,SOVSKKV12AB018AB65,SOUKFJY12AC468878C
SOQMMLD12AB017F3CC,SOXBYBG12A8C13BBAB,SOLCUSN12A8C141F91
SOLAIEL12AC468DFFA,SOZTBPE12AB017B664,SORMTTV12A8AE47B0D
SORDAUM12AB01859AE,SODDIIF12AB01859A3,SOLJRFT12A8C144187
SOOXNTN12A8C13D0B1,SOGNAHM12A8C13C9B2,SOUFBKL12A8C13C2B5
SOYOPFR12AB0184A9A,SOKVESG12AB0183733,SOSCTHS12A67AD931B
SOJKDYJ12A8C133F6C,SOYJPRK12A8C134CFC,SOIBSLK12A8C133A5D
SOHDAQM12AB0182D95,SOSTTDU12A8C13E27E,SOCHFLG12AB0188124
SOMTEUV12A8C14088B,SOATXGG12A8C13F092,SOXVIXV12A8C133753
SOTBFDV12AAF3B2B4E,SOIGZYZ12AAF3B4F06,SOFPSUJ12A6D4FA20A
SOSSNUO12A8C13D0A7,SOQQGVJ12A6D4F82DF,SOXHLQL12AB018C404
SOJYNQE12AB0186EAB,SOOCYRU12A8C132403,SOTVQCP12AB0188121
SOBYHLQ12AB0188D22,SOANXTW12A67AE05BD,SOIFQYW12A8AE45B55
SOCQUUJ12AB0188702,SOVBFNG12AB018EB92,SOQWQSK12AB0180210
SODDUCR12A58A7756F,SOMDOPM12AB0181990,SOCYOQG12AAF3B4793
SOURKWN12A8AE4969C,SOFXZAW12A67ADC90E,SOUUMJQ12AB0188716
SOIDVKP12A8C13A8A2,SOLKMNQ12A8C13A890,SOGZSWO12A8C1470D9
SOQJMIU12AAFF41B2A,SOVOGTK12AAFF42AFF,SONOLCT12A8C13EC30
SOFDUWV12A8C140DFE,SOBPHAM12AB01850B2,SOFCNRE12AB01864E3
SOBJMNP12A8AE47F45,SOBBOHG12A8C1385CF,SODMMCK12AB018C9D0
SOZXEVI12A8C136421,SODSPSB12AB0182F96,SONUZIK12AB018AA73
SOARHGL12A8C13AF37,SOKYHRY12AB0181D58,SOQGSOP12AB018370B
SOWPDDK12A8C13FE6E,SOVXLYV12A8C13053D,SOIDWNE12A6D4F5642
SODEKHA12A8C139B93,SOXKENN12A8C13AF34,SOHKPEC12A8AE4628B
SOLVCLH12A58A7A269,SOWYMNJ12A81C23345,SOCDXDZ12A58A79D41
SOREJDL12A6D4F9886,SOVKNKQ12A6D4F9F1D,SOJAYVR12A8C13EAC9
SOJKAQK12A6D4FA4BB,SOTHZMU12A6D4FA4BF,SOOMXKQ12AB0180B1E
SOJWHGH12A8C13A18A,SOLUVUK12A8C135F2E,SOHKVJO12AB0187ADF
SOIVDKY12A8C140269,SOUJQHC12AB017D6B7,SOQLNEY12B0B8062FA
SOFBZPM12A8C143A83,SOIXGAR12A8C1453A9,SOQSSIH12A6D4F4445
SOCSYLS12AB0183C68,SOAXRML12AB0188E6C,SOIXKYM12A8C14339E
SOPCEHF12AB0188A66,SOSMTZD12A8C143887,SOPVAVH12AB0189D67
SORGEGW12AB017AC5C,SOBIEXW12AB017B909,SOCVPIU12AB017ED74
SOUUVFU12AB017D8E7,SOMBQJN12AB0183DA2,SORJMLP12AB01877E4
SOYBNTA12A8C13AD9E,SOFASCD12A8C13AD97,SOVGQBW12A58A7B783
SOIGXJJ12AB018D2DF,SOWPWYV12AB0187DB2,SOEURVD12A8C131DE4
SORPMDJ12AAF3B3F8E,SOIAMCP12AAF3B2F72,SOCHFDP12A6D4FAED8
SOAOEZX12A58A7D214,SOFRNUI12A58A7DB7E,SORABMD12A8C136672
SOSQUGO12A8C135EAF,SOXOIVB12A8C1377F9,SOTFBZE12A58A7A64C
SOMXFPU12A58A7D192,SOFGFPA12A8AE46889,SOHPSIK12A8C14646B
SORSHOJ12A8C1397A8,SOTELYF12A58A7E91A,SOAILAR12AB018D941
SOEYIDG12AC3DFB50E,SOKTHTT12A58A7BF6D,SOVAQCL12A8C136B07
SOKXGOH12A8C142032,SOGZMNE12A8C14202E,SOWPKEY12AAF3B2BE8
SOLNLIC12AB0184BAA,SOPCJZP12AB0180D31,SOXGKAW12A58A79222
SOTCCVA12AC468F972,SOCCONN12AC9E177E7,SONPHGP12AB0188DAC
SOXMSZV12A8C132C88,SOHBBQA12A8C132C82,SOGIAKH12AB0184D05
SOSHTHB12A6701D330,SORAAVO12A6701D32D,SOVUZEN12A58A7D133
SOSNPSP12AB017C8BE,SOMQYHV12AB017B134,SOCWPIN12A8C13FBE3
SOQOTOE12A67ADF727,SOAVEJI12A8C137D78,SOVPVZV12AAF3B2C3B
SODFBJW12A6D4FA184,SOASFBQ12A6D4FA17E,SOZHDIA12A58A80F93
SOYKQDJ12AB017F6DB,SONPAKF12AB017AF3F,SOFPIOO12A6D4F8363
SOKUQTD12AB0186577,SOMCBPS12A8BED74BF,SOCRYER12A6701CD40
SOQDMCF12A58A7DBF7,SODDPIA12A6D4F7485,SOWGGLJ12A6D4FB1A6
SOXBLQY12AB01804EE,SOLGQCB12AB017BD1C,SOPHBXZ12AB0185258
SONRELL12AB0183C2A,SOFIMMP12AB0189036,SOGERLS12AB0188F5C
SOOWALD12A58A7D04F,SOGAWIK12AB0185989,SOCQAEO12AB01825BC
SOJDZTD12A8C1417DB,SOUSDYU12A8AE46CF1,SOGZQHO12AB0184921
SOGBAXN12AB018A3D5,SOQCKTS12AB01840D5,SOIJSCJ12AB01893BB
SOERVZK12A3F1EB833,SOFHGCS12A6D4F7E74,SOCYPYM12A8C133A7A
SOQYYZH12A6701DB2C,SOCCQAW12A6701DB28,SOBLTBC12A6D4F94F3
SORPKWR12AB0183E01,SOYOSON12A6D4F662A,SOWWDNM12A6D4FAC5A
SOBSVYV12AB0187654,SOAUQOI12AB018763D,SOYOMLG12A81C22067
SOUSDPS12A6D4F9F19,SOOTFNM12A8C1440B8,SOEKFDY12A8C1419A0
SOQJOUM12AB017B6FD,SOIXQNU12AB018B675,SOPTUCE12A58A7AF35
SOFNSNQ12AB01833D2,SOZPMSM12AB018A95F,SOSSOZK12AF72A0F5C
SOQZEWQ12A58A7D980,SOCPJMV12AB018A01F,SOAFJWE12AB01837B3
SOKRLBZ12A6D4FA81D,SOVDMDH12A8C1389EA,SOQQXZF12AB01805D8
SOSDDTD12A8C137F17,SOKRYMT12A8C137F3A,SODHXXN12AC46899D2
SOGHTLP12AB0187CE8,SOIMGHD12AB0187CD9,SOBZOCR12AB018B8BF
SOEORQM12A8C143E6A,SOUNHDZ12A8C1425A3,SOCCBRA12AAF3B3647
SOSZLHJ12AB017EB6D,SOVAESK12AB017EB95,SOSQSVF12AB01807DD
SOMJLXT12AC4686B8B,SOOEBBQ12A8C1431A0,SOUIJEE12A81C21173
SOJQHIL12AB018AF45,SOHWQJS12AC90971E0,SOYORMO12A8C135428
SOPAWAM12AB0182995,SOTQUBL12AB01849EB,SODJIVU12AB018B699
SODMBGR12AB018268A,SONVVSO12AB0184A94,SOUAFIJ12A58A7CC67
SOAHROC12A8C13E91D,SOPMHRB12A8C135C94,SOHYLWL12A8C13518D
SONBIEL12AB018234B,SOZFJLR12A6D4FB512,SOJXHAS12AB017F81E
SORXKNG12A8AE46196,SOJYSOQ12A8AE47381,SOBACYS12A8C13D6A4
SOKFEDX12A6D4F7860,SOWFLQL12A6D4F7F8D,SOMUOHY12AB0182BE6
SOSDOOQ12A58A7BAC2,SOEJUGY12AB01825FD,SOQLWQT12A3F1ED117
SOCNJIB12A58A7899B,SOKOQDY12AB01882AB,SOHQUAF12A6D4FBD74
SOZQKIF12AF72A1137,SOKDDFT12A8C140F93,SONLQOH12AC468BC40
SOVBULG12AB0186DAB,SODUOZD12AB0186602,SOTNYEO12A6D4F98C3
SOWZJZE12A8AE488D4,SOTZLVH12AAA15EE08,SODOEGL12A8C13C797
SONPAKF12AB017AF3F,SOWMVAA12AB018A35A,SOYSUPX12A8C1402C8
SOXENAF12A8C1324A9,SOQCESZ12A6D4F7D65,SOYEUUY12AB018FE98
SOYSVCJ12A6D4F91D2,SOWEUOO12A6D4F6D0C,SODGALY12A8C13D0E4
SOSBOAR12A6D4F7C84,SOZCIFV12A58A7A7C6,SOPTEDP12A8C139E74
SOBWVGX12AB017BD87,SOEEESC12AB01835B1,SOZPOFG12A8C145EB8
SOHBQFZ12A6D4F66D5,SOWLNSM12A6D4F975E,SOYDABQ12AB01873FD
SOHINZD12A8C140092,SOJPSOK12AB0186878,SOAZPLB12AB017C7A4
SODEPKV12A6D4F734B,SOPFVOD12AB0186899,SOCKLXK12A8C139424
SOTWDHO12CF5F8824B,SOGQEVI12CF54651C8,SOBIVXW12CF5F892F6
SOEKSGJ12A67AE227E,SOYSVCJ12A6D4F91D2,SOWGACL12A8AE46D50
SOCCJDL12A8C13E0E8,SOCLKIG12A8C1338C2,SOFCXZJ12AB0185D3E
SOOTUSP12D021B13FC,SOHOXHT12A8AE46B00,SOZMYRG12AC468AEF4
SOAZDBQ12A8C14065D,SOJJUSJ12A8C140653,SOMYLPU12AB018663E
SONIRLO12AB018DD74,SOMCIAD12AB018C82C,SOOHIUW12AB018077F
SOJFNHN12A6D4F9D78,SOWKSCJ12A6D4F9D7A,SOIZHAT12A58A7A0FB
SODQCAM12A6D4F47A2,SOYRBLI12A6D4F4823,SOABXON12AB0187956
SODYVBO12AB017C3A5,SOQOEMZ12A6D4F9C52,SORPYYA12A8C135B7F
SOHQPUR12AB018A2AB,SOKVYDA12AB017ECCA,SOXTBTY12A8C134A43
SOOKLZT12A6D4F58B7,SOOJVGN12A8C135C44,SOBGNHG12A8AE472C2
SOFNSRN12A6D4F51B3,SOKUMPJ12A8C1418B6,SOSFFDA12A8C1447C3
SOAEZWJ12A6701DB1F,SOSNUSH12A8C1337DB,SORZQEV12A8C142ED0
SOJVGOQ12AC90979E8,SOOLMAR12A58A7D7C6,SOCMXGV12A6D4F855E
SOODGXG12A58A792C7,SOAJNGU12AB0185B1D,SOLRYSO12A67ADE6A6
SODYZVS12A6D4F5E46,SOTJLEH12C41E0741E,SOTHZMU12A6D4FA4BF
SOJHURA12AB0189956,SOKREZD12AB018484E,SORWNHO12AB0186D1B
SOUSDYU12A8AE46CF1,SOJDZTD12A8C1417DB,SOEIXKS12A58A7E08F
SOETVON12AB0181732,SOVGOOO12AB0182D50,SOMDYPI12A8C143734
SOYNMIH12AB0181C0A,SORRBCN12AB017DC63,SOHPTKV12AB01854BF
SOXLWPS12AF729D5DA,SOZYURR12AB0180369,SODSLRA12A8C13BDD3
SOWUVJS12A8C13A378,SOTAXPM12A8C13A355,SOUDJLA12AB01849FF
SOACNQY12A8C137981,SOTCYVC12A8C138F87,SOFKIVK12AB0189FDB
SOMXIWO12A8C132CB1,SOYMRBS12A8C1316FC,SOBBLUO12AB0184637
SOIMEQW12AB018ABC7,SOIIILE12A8C13696A,SOAVCWP12A6D4F8A89
SOMFOKB12A8C142743,SODWQSS12AB0186737,SOVXONV12A6D4FB46F
SOLHPIE12A67020410,SOGBFHJ12A58A7A593,SONMHVN12AF72A6A08
SOXXCRF12A8C138B1C,SOUNFYC12A6D4F6267,SOTUWPH12AB017DEBC
SOBJVNC12A58A7B0C3,SOSONOC12A6701DF7F,SOAJXIJ12AB018810B
SOYJRAN12AB018A181,SOTWPPZ12AB018DF27,SOBLNUQ12AB017C118
SOXXQCX12A8C1370EA,SOLFUWY12A6D4F75C3,SOOEPRK12AB01812AD
SOFPMMD12AB017D3B0,SOEVBTM12AB017D362,SOWTBKH12AB0180098
SORKRCN12A8C139557,SOSDXCK12A8C13958A,SOVGOOO12AB0182D50
SOQBZLR12AF72A3CF8,SOJNGJK12A8C13B517,SOCSAFK12A58A7B3DD
SOYBOEE12AB018A4A7,SORXPTH12AB018A49F,SOBIETA12A8C1414AB
SOKSMQA12A8C1389B3,SOYTTTN12A8C13A839,SOYHEOB12AB018274F
SODFBSV12A8C1449AF,SONJBUI12AB017AA5E,SOWSIBY12A6D4F6B0A
SOVZEUN12A6D4F682D,SOQFQKF12A6D4F5E58,SOKRBIR12A8C12FF4B
SOXVIMJ12AB0183D2C,SOUACZI12A6D4F7C29,SORMJDF12A8C13C321
SOETVTB12AB0181927,SORTFGW12A8C13DF9E,SOPDPAH12A8C138318
SOAUCPG12AB0185969,SOHCFHL12AB018596F,SORPSAN12A8C1361CE
SOGLVMM12A6D4FA83E,SOUKTAI12AB0187F84,SOBWIFK12A8C13697B
SODESKG12AB0186E17,SOFBQMN12AB018616E,SOJTNAH12A58A7BD7F
SOMLOJD12AC95F0632,SOMDWRM12A8C137077,SOHGHMH12A67020155
SOIUIAR12A8C1457EB,SODEHNG12AC468DA80,SOOWPWH12A8C13649B
SOSPSCO12A8C140907,SOACLRM12A8C1437F7,SONPUFK12AB0185790
SOAYMLJ12AB0184B68,SOIYKFU12AB01831C4,SOAUZLJ12AAF3B36AF
SOHVFWI12AC4689C0C,SOEBKFN12AB017ECD9,SOYHLUG12AB018A47F
SOSDEHH12AB01896F6,SOQOJTY12AB0188DD5,SOKHOOD12A8C132F08
SOKDLXM12A8C138ECB,SOWMAQO12A8C139C01,SOIYTYS12A8C134C86
SOABPUS12A6D4F8F48,SOAKCUB12A67020389,SOAERZM12A8C13CA55
SOHCCIW12A8C1342D3,SOBFCFQ12A8C132CE2,SOBOERJ12CF5F87DE1
SOMKDYN12A6D4FD7C0,SOVGUIA12A6D4FC375,SOPOIQJ12A6701C8CF
SOMMUDQ12AC468B191,SOPLKKK12A58A7670D,SOPXCDP12A8C132C59
SOCSYLS12AB0183C68,SOAXRML12AB0188E6C,SOBODRJ12A8C13B9E4
SOZXZIL12AB0189931,SOAGTVP12AB0189926,SOYDYJV12A8C13B5CC
SOKDDJT12AB017C4B7,SOPMZIK12AB017DEFE,SOOYFMV12A8C13E2F6
SOIAEOI12A6D4F8012,SOHQYLP12A6D4F9D44,SOVZEUN12A6D4F682D
SOSOQIL12A58A7CCB5,SODHWED12A8C135EF9,SODYJJO12A58A7C861
SOPFEAW12AB0189A7D,SOVALOX12AB018607D,SOBBKOT12AB0189608
SOMMNUY12A8C141B06,SOVFZWE12A8C14136B,SOAXUIF12A6D4FB94D
SOTPGLX12AB018D9C5,SOBCLZC12AB01851CD,SOMRLVD12AB0189FE8
SOSWXBF12A58A78B99,SOPYZWR12AB0187A36,SOIPQBF12AB018C890
SOFMBGN12A8C13AEBA,SOCDWLJ12A8C13B7B0,SODRJVV12A8C13437A
SOMDQSM12A58A7C6D5,SOHSISW12A8C1419B5,SOGOFQO12AB0182755
SOWHIVU12A6D4FA244,SOYFCOM12AB0188572,SOQBOYV12A8C13C4FD
SOQJYTI12A8C136FA9,SOHLXPY12A8C1319B6,SOKEGBX12AC468A277
SOJTJMO12AF72A8F39,SOVAPAL12A8C13B004,SOADEBB12A8C1345D9
SOAOQZZ12AB018E59A,SOXAAEC12AC90710AE,SOCNYKU12AB0185D64
SOOGNJH12A6701E2DF,SOUNPCG12A6701E2E3,SOEKRGE12AB018600A
SOHSVVG12AB017AD9A,SOQXVKN12AB017DF8B,SOINUNK12AB0185B93
SOCDPHM12A58A7C4CF,SODTDPF12AB018694C,SOGVZWG12A6D4FB28F
SOJDOWC12AB0188F47,SOBGFOJ12AB018DE61,SOGEKHV12D021B12BC
SOARSZY12A8C140F20,SOFMGQU12AB0185087,SONEQFJ12A58A7C55A
SOOCFOX12AC9E14761,SOHSIST12AB018CD5A,SOMBZHY12AB01876B5
SOGPGLD12A8C13406B,SOKXGUK12A58A7F4A4,SOLWRPN12A8C140DEB
SOLFLSO12AB017F7C1,SOHXXYJ12A67021237,SOTIFMI12AB0186852
SOITLHT12A58A7CB84,SOKIOZS12A58A7BE5D,SOVCXTS12A8C144928
SOJVHYM12A8AE4659A,SOLRXEG12A8C13D5E7,SOEQFDT12A8AE48018
SOHZURZ12A8C13C311,SOQLHSM12A8C13A3E1,SOVAIXW12AB0184398
SOTIHLB12AB018300F,SOEXXEK12AB018AD5E,SOYVCJU12A67AD8617
SOQLWTW12A8C13EA1F,SOSLAVG12A8C13397F,SOVPERY12A8C133A07
SOYLHSZ12AB017EFCF,SOHLHOE12A8C13BD88,SOACUCX12AB018261B
SOCGUNP12A8AE4860F,SOJLBGO12A8AE48608,SOWLNSM12A6D4F975E
SOACDAQ12A81C226BA,SOOSWYJ12A58A79DEC,SOZGQLE12AB018672C
SOLTHKX12AAF3B598D,SOHFIDA12AB018872F,SOFJKGH12A8C1363AD
SOSXZDI12A6D4FD20F,SODMROC12A8C1443E7,SOWHIHY12AB018B64A
SOPZOMR12AF72A9160,SONEGCX12AC95F0456,SOPNCYN12AB018603B
SOBSCMH12A58A76A5D,SOXFTZJ12A8C13690F,SOXTNUK12A8C135600
SOINLVO12A67020D31,SOWYEWY12A67020333,SOXQKTA12A81C221C9
SOFEOPN12AC468D446,SOCZRVD12AC468F110,SOFLCWE12AC468C2B2
SONGVVU12AB018719F,SOHSENM12AB017FFF5,SONSHRI12AB0185599
SOALHAC12A8C13837E,SOUHRIK12AB0189B8E,SONGBWJ12A58A7AB4D
SOBSIJY12AB018B4F1,SOEERLN12AB018B49A,SOCWXFZ12AB0182DEC
SOTAEUZ12AB0185217,SOTMWDC12AB0180C29,SOQYYPR12AB017E7B0
SOFYFAO12AB0186306,SODYGCX12A8C131EE4,SOYPFVA12A8C139A7A
SORJOMF12AB0186F78,SOGHCFG12A8C13B254,SOAAIPW12AC468C286
SOGNDHO12AB017D71F,SOTAGIH12AB018152A,SOTPCBD12A58A7F2F3
SOTUVOZ12AB017A123,SOLKACV12A58A7B4A1,SOAJEOO12A8C13A2FF
SOQQVWN12A58A7D4CB,SOBTERK12A8C1365F5,SOKEOPP12AB017F799
SOBQFZE12AB018A80B,SONBYMT12AB01886AA,SOALFYI12AB0183465
SOLWJDN12AC468B53C,SOPEIBP12A8C13CD4C,SOWWBYR12A6D4FB1E3
SODUTVK12A8C13BF4B,SOWYSGV12A6701D47C,SOEIQWU12AC3DFB5D8
SOTSQNF12A81C22DF6,SOSWZZV12A81C22DF1,SOLYCWK12A6D4FEDC2
SOVSKKV12AB018AB65,SOSVWIE12A8C143BD4,SOVBWNQ12A8C143C95
SOCZOVV12A58A7C626,SOFUQXI12AC90713C2,SOUMWSY12AB01869E9
SOOQFOY12AB018A713,SOSJCHV12A6D4F9254,SORBVPZ12AAA15FB00
SORZRUJ12A6D4F61A6,SOOXYTR12A8C1426D5,SOFDQZR12AB0182A86
SOKEKOM12AB0188623,SODPBAK12A8C136BE8,SOJROJY12AAA8C4F65
SOAHUOW12A8C13603B,SOHAUVX12A6D4F8C76,SORNTXZ12AF72A57FD
SOBSVOY12AB01830F8,SOGPQPI12AB0185237,SOUDHTP12AB0183403
SOHYOKJ12AB018B902,SOJBVYM12AB018BD69,SOYHZWP12A58A7C176
SOANXGF12A8C143736,SOXFNMQ12A81C203E0,SOMLLDX12A8C131B6D
SOMDFYM12A8C133E63,SOADTCD12A8C1425CC,SODPIKG12AB01811FD
SOTEIOV12A6701FA51,SOQBNTJ12A6701FA57,SOIHFMY12D02190524
SOWLBUQ12A8C133BBF,SOSPPQF12A6D4F756F,SOQZPUZ12A8C141281
SOBGXQD12AB0183221,SOACMYN12AB018321D,SOPNXVP12A8C13D552
SOUKWCG12AB0187F79,SOVKKOJ12AB0187F59,SODHLQT12A8C140C7A
SOYPRUJ12AB018957D,SOCDMQN12AB0189572,SOACRFZ12A8AE46FED
SOANXBM12A8AE46772,SOXGWYJ12A8C13C6C2,SOZQJSC12A58A7F42F
SODKRYJ12AC468A00F,SOEIRMZ12AB01864F8,SOMPWOE12A8C1360D0
SOLCSEG12A6D4F9390,SONLIGC12A6701FA6D,SOXFAJT12A58A7B1D5
SOHBMQD12A67ADAB3E,SOBBJCP12AB017B4BA,SOMBJUK12AB0184670
SOOBWVV12A67AE044D,SODUEZG12A67AE0465,SOKMSQS12AB0183D7B
SOJBLBZ12A8C142EFB,SOPYKQP12AB017F0D9,SOEPUIH12A8C144412
SOMUJKH12AB01842E2,SOFOCIL12AB01842E9,SOBXCYN12AB018395D
SOIKOBP12AB01897DA,SOJZWRA12AB018D029,SOXOYFD12AAF3B37B0
SOJKUVT12A8C13CF17,SOJCTOW12A8C13E1ED,SOGPEON12A6D4F49B6
SOYFPDL12AC468C335,SOHHIXI12A58A78DBE,SOSNVMF12AB0187845
SOTYCUG12AB0188C44,SOCUIGI12AB0183F20,SONKFHI12AB018CFC8
SOWRILA12A8C1360D0,SOCFPZG12AB0181461,SOGARPL12AB0188384
SOGSGPB12A58A7B6C2,SOGEXKJ12AF72A35C7,SOFNSRN12A6D4F51B3
SOAJDGL12A8C132A2E,SOPJVZN12AB0187744,SOHQZOD12A8AE49188
SONBIKQ12AB0189C66,SOFJOGO12AB0185E66,SOJQITW12A8C13D589
SOZUNHU12A8C137BB7,SOPPYXD12A8C1316E6,SOBXXFI12A8C1424BC
SOAZWUD12A58A7B7E4,SORFUTF12AB01892DB,SOVDRBQ12AF729EC78
SOSGJTX12AB0181F7C,SOHCGGR12A58A78585,SOYZIWD12A8C1426F1
SOUEYJN12A8C1340F3,SOYKKHM12AC3DF8286,SOKHIUI12A8C135F51
SOVUVPM12AB018B34B,SOKYGGU12AB01836E0,SOXBIHG12A6D4FC331
SOAJVCD12A6701D947,SOSIGTV12A58A7B498,SOJUNHV12AB017D490
SORQHOS12AB0188E16,SOPONPI12AB018A8AF,SOKHKRZ12A81C22BAD
SOIMDBI12B0B806778,SOPCKXP12A8C14391C,SOZVQEN12A81C23B25
SOCKKOT12AB017F5B1,SOTOZXY12AB017F5A3,SOKPIYN12A8C13F84F
SOSFKJV12AB0182509,SOFYMIX12AAF3B3D4B,SOADTZW12A6D4F7399
SOHBYMZ12AB01884B1,SOFWZIV12AB01824EB,SOFZENS12A8C142B32
SOFBXDG12AB017E77B,SOCXJOT12AB017BE08,SOAHZAB12A8C13671C
SOMRQXT12AB017F9E9,SODXFCU12A58A78087,SOGYGGE12A8C13828D
SOISHVF12A8AE496BB,SOBTQGV12A8AE496ED,SOMTHWO12A58A78109
SONWZLB12AB017EDE6,SOKPZKJ12AB018336B,SONJRUV12AF72A20D7
SORCPSR12A8C13E228,SOGXSOW12A8C13BE05,SOEHEYS12AB0181F19
SOFJOGO12AB0185E66,SOHSIST12AB018CD5A,SOGZFIU12A8C134369
SOUUVXC12AB0180373,SOYVJQM12AB01834EF,SOLSYTM12A6D4F5A2F
SOFNHEB12A8C13C4D6,SOYRACV12A8C13C4D8,SOFBXDG12AB017E77B
SOFTCGG12AAA15FB9D,SOOFWPY12AAF3B5DB4,SOPDVGH12A58A7D4DF
SORCVJY12A8C13CB1B,SOBSGAZ12A8C13A351,SOZDUAW12A8C135B29
SOFBXFR12A6D4FCCD5,SOCYLIU12AB01813AC,SORJMLP12AB01877E4
SOKQDQZ12A8C13BB10,SOXHXDU12A8C13BAF0,SOQNLXQ12A8C13D134
SOOSMUV12AC46884AD,SOWQZGN12A6D4FC9CF,SOCRYER12A6701CD40
SOIXFAQ12A8C13F588,SOBFBEK12AB017FC1B,SONVZZX12A8C14027D
SOHVNJC12AB018400C,SOFJCZU12AB018A13C,SONWXQJ12A8C134D94
SOBUVNE12A8C142C80,SOVYFRR12A8C141ACA,SOUKFJY12AC468878C
SOEWVBB12A8C135AE7,SOHWGPK12B35058871,SOSGXII12A67020363
SOODJAY12AC468E13B,SOJNFKG12AC468BDFB,SOQROJI12AB0186B79
SOPDHNT12A58A763A5,SONXAWG12A6D4FB0B9,SOJKPOA12AB018A622
SOTSCFD12A67020596,SOXWECK12A67020594,SOAVZWL12AB01815B3
SONTPSQ12A8C139D0C,SOZZHZX12A8C137EAE,SORUPKU12AB0180D1D
SOJFLBP12A81C22DB2,SOOYLGJ12A58A7B465,SOLVMXQ12AB018D655
SOVFUZK12A8C1411F1,SOLCUSN12A8C141F91,SODHZVG12A8C1404DD
SOYAULA12A8C13AB35,SOPAGMW12A6D4F8D3A,SOCDDGH12AB01837F6
SORLVKC12A6D4FBC77,SOKVZTE12A8C139442,SOMAQQC12AB018C35B
SOFDEMJ12A8C13410C,SOUKKXH12A8C134151,SOYQDSU12AC4685BE6
SOPHERL12A8C132AAC,SOQZCLA12A8C132A4D,SOITLHT12A58A7CB84
SOWBHJJ12A6D4F7B12,SOTIRGZ12A6D4F7B0B,SOPUIQG12A6D4F8FE6
SOIHTSE12A58A7987A,SOPEDLJ12AF72ABB8F,SOEZWYI12AC4686705
SOSHJCX12A81C22B38,SOJHBHL12A81C222DB,SORXPTH12AB018A49F
SOJUTVA12A8151E862,SOETFVQ12A8151E8B3,SOYSTUJ12A58A78605
SOAQCBH12A8C13430B,SOJVTIH12A8C136B89,SOKEKOM12AB0188623
SONTVFH12A8C1430C7,SOTGJUJ12A8C1430A8,SOYVDVQ12AB0185FD1
SOTKPQM12AB0186920,SOGHBAR12A8C13E813,SOVOPHC12AB0186C52
SOUWPSC12A81C2193E,SOMARVB12A6D4FAE82,SOLSRWZ12A6D4FA452
SOEKRDF12A67ADADB3,SOHCMRX12A6D4F8EFB,SOXWEIU12AC46871E6
SOWACJX12AB01846A0,SOFAOOG12A6D4FACE4,SOSNEWF12A6D4FA0E7
SOGVJNV12A8C132B9E,SOTWSNV12AB0182B88,SOXAMTJ12A58A7CD18
SOKATUR12A6D4FA32D,SORVXFP12A81C22116,SOKUHDO12A67020452
SOGQKZJ12A8C13FA87,SOTAUVB12A8C1374F3,SOCQLCX12A8C13ED28
SOMKYDQ12A58A7D597,SOFAMCJ12A8C1355C7,SOOUXUD12AB0188D97
SOCWTCG12A8C1444E1,SOSCTKN12A8C144553,SOOCJEK12A8C1321DB
SOYHJMF12AB017F7DA,SOSJJFL12AB017F7BD,SOQWLMX12A67020B04
SOAUNYK12AB01860D9,SOESSSK12A8C1454D4,SOWEYXM12A67021627
SOCPYTX12AB0181DA3,SOPHRMJ12AB01829F4,SOHPWFZ12A67021064
SOYINCZ12A8C140174,SOAYOUE12AB01888A6,SODVGJB12AB018644C
SORCLNI12A58A77CBF,SOEIHHC12A8AE48D4A,SOMSMMI12AB0184A15
SOSPHUL12A6D4FCC91,SOWVYXM12AB01872EB,SOKZLSY12A8C1320E1
SOWQSOB12A6D4FB441,SOSHALY12AB0183EB7,SOBZBMT12A8C137F86
SOBJCLM12AC3DF4E6B,SOCLKXL12AC960DBA9,SOIHBXE12A6D4F7FC6
SOKEJEJ12A8C13E0D0,SOGJUBN12AB017CF98,SOTLMKG12A8C13D8E0
SOBVOEO12AB018A0E8,SOJZNUT12A81C20AAF,SOBDUBF12A8C135186
SOQKHIQ12A58A7B30B,SOGVHIE12A8C13F876,SOWDKRJ12A8C13DD23
SOGOIJO12AC3DFB720,SOHDPPB12AC4687A5A,SOKJXIQ12AB018982A
SOHOMXO12AB0185C81,SOAUZLC12A8C13CE77,SOVLNAM12A8C143A96
SOPIYGY12A8C13839D,SOQISYW12A8C138BAB,SOEJDFP12A8BEEEEA1
SOEJPYC12AB018098B,SOSEMQW12AB01805A6,SODZXZW12AB0181B5F
SOQNNUF12A58A7DC1C,SOGQKNO12AB017D742,SOEJYRH12A6D4F952F
SOEOBUG12A67020D70,SOWWQXL12A81C21D7D,SODUQPC12AC468D0FA
SORRKQZ12AB0185DAD,SOJVPKL12AB018E875,SODLTCP12A6D227106
SOWPMEF12AB0180339,SOUFRLR12A67020BDD,SOYFAOH12AB017D723
SORHPPV12A8C1358FC,SOZNTZA12A8C13897F,SORUPLP12A8C14177E
SOQGBOR12A6D4FCE7B,SOVHBRF12A6D4F69FA,SOVVCON12A6D4F775F
SOSEGEL12AB0184DA5,SOOPXFG12A6D4FB80C,SOBSZLJ12A8C13F542
SOKVDGA12AB0186B47,SOXBIHG12A6D4FC331,SOUWCFD12AB018C240
SOGVRQG12A58A7E69B,SOZXQUU12A6D4FE701,SOCOCQB12A8AE48077
SOSRIVF12AB017DF0E,SOWFQKL12AB017D754,SOJAECP12A8C13FE99
SODGVTY12A6D4F9EB9,SOLNFLW12AB0187B85,SOXOKXS12A6D4F8154
SOJRZHV12AB01883DC,SOGARPL12AB0188384,SOGWYSC12AC4687614
SOHGOGL12AB017E863,SOOTQKH12A8C1417B5,SOUJPAN12A8C146A06
SOGGDFZ12A8C13CE8C,SOQCIKZ12A8C13CAE1,SOTJSUV12A8C13F94D
SONYDGE12A8C1412F4,SOJBKLF12A6D4F76E5,SOBUAHB12AB0182631
SOPFQPQ12AB017D88A,SOWFKWE12AB017AA60,SOWSLPC12AB018DCBB
SOGXAKG12AB01887A0,SOKBSLW12AB01883CB,SOJRFYT12A6D4F9972
SONZEGL12A6D4FBAB8,SOCGNYU12A8AE48299,SOKVBVL12A8C13908F
SOMEWJW12A8C13F04F,SOHAXFE12A8C13F057,SOVBIVF12A8C13CA23
SORLCCG12AAF3B514F,SOMNRZI12AAF3B514B,SOKQNQT12A8C134DFC
SOMBHGM12A8C136B22,SOAPDFF12A8C136862,SOZDZTS12A58A78410
SOKBHNV12A8C13AD97,SOHXJPM12A8C13AD69,SOLULXP12A8C13F80C
SOXQUPO12A6D4FC2B6,SOPURSI12A6D4FC2D9,SOGVEWG12AB018A9BE
SOPQENW12D021B3C83,SOYPRSN12D021989AF,SOVKVRK12A8C1411E3
SOEAREV12AB0188441,SOHYLWL12A8C13518D,SOPEDVV12A81C216C7
SOCLLHD12AB018684B,SODFZFJ12AB0186837,SOTHAVH12AB0188F6C
SODHEQN12A8C142DA2,SOSJCFE12A8C1428B0,SORAWOD12A8C142B3F
SOSVWOJ12A6D4F7A33,SOZUDLS12AB0183899,SOSFVXD12A8C13EA91
SORRYFC12A6D4F82BB,SOONPLI12A58A7BE3F,SOKRBIR12A8C12FF4B
SOJTYOG12AB018689C,SOSGINH12AB0185A9F,SOGLONC12AC468832F
SOWCLTO12A67021CEC,SOKLGLN12A8C13D204,SOJDTZT12AC3DF698C
SOOVLAA12A6D4FB16B,SOREBOF12A8C13E102,SOLGZEL12A8C132615
SOFLPFO12A670202AD,SOPBIGK12AF72A34B9,SOVXMTN12A8C135A18
SOCVTUH12AC90978F1,SODWQBY12A8C13CAF3,SOUMATF12AB0188326
SOREOJO12AF72A6BB7,SOYTPEP12AB0180E7B,SOGDOSV12A8C13BBD9
SOXZUMI12A58A77D7F,SOUFPAB12A8C1382E0,SOXUISK12A8C14122C
SOYZWNC12AB0185D67,SOAHOSV12AB0185DA4,SOETZNT12A8AE46467
SODWYVU12A81C22F2B,SOJEOGY12A8C136CBF,SORSDGY12AB017CC85
SONYOVC12AC46899F7,SOBQNCD12AC46899B0,SOPOEHC12A8C13BAE6
SONVQMO12A58A7AC4C,SOFMWXT12AB0187F26,SOWRUPX12AB0187857
SODKEJT12AB0184A6C,SOACICF12AB018AA8B,SOLSJOV12AB01844B7
SOJXCFJ12AC468C5B6,SOEAAXQ12A8AE47721,SOEIXRK12A8C140FB2
SOFPNRJ12A8C1420E0,SOMMQWT12A58A80B50,SOXWNXD12A8C1449DB
SOGZHIK12AB0185EBE,SOONLAM12AB0185F0D,SOHREUM12A6D4FB18B
SOXXLVI12AC3DFB73F,SOFKHHH12AB018D125,SOULACG12AF729D905
SOFFPIM12A8C14455B,SOUCCCH12A8C144593,SOWNWUJ12A8AE48D7E
SOJTITX12AB0183525,SOLKVUE12AB018352E,SOAHPZG12A6D4F8DF6
SOZCMGS12A6701F2B4,SOAKJEA12A6701F2BA,SOSXSIN12AB0180963
SODXLUN12D0219A2E3,SOKGWST12A8C13971B,SOTWRLU12AB017F8FD
SOCVAKZ12AB0184D4F,SOCIUEE12A6D4F95D1,SOOSMUV12AC46884AD
SOINYYV12A6D4FA0D4,SOHBFPP12A6D4FA0D3,SOEYMFE12AB0184742
SOKCUEF12AB018FDDC,SODPTCW12A6D4FAA13,SOCLEYK12A8C142CF1
SONLJGK12AB01822EA,SOEPPKB12AB018418B,SOJXUDI12A6D4F9C3B
SOPFECX12AB01870E9,SOEQWIU12AB0186998,SOTYYSI12A8C140B97
SOGBRHN12A6D222755,SOUYECN12A8C1368A3,SOVLSST12AB01838C2
SOAAHGB12AB018C16A,SOFMBAW12AB01840D7,SOGIAKH12AB0184D05
SOQNFQI12AB018882C,SOGWWAU12AB0188844,SOQXPGC12AB017E91A
SOXYIWC12AB0182A8C,SORVACN12AB0182A78,SOHJIWJ12AB0184EF9
SOZLLLT12A3F1EA275,SOFLXEI12A6D4F6639,SOJOHXA12A8C13A768
SOBVJNC12AB018F4AB,SOODNIH12AB018F44B,SOATRQD12AB017DEE3
SOXAOPA12A8C136323,SOLIEJZ12A8C13CC3D,SOEBWSU12AB018377B
SORRQEU12AB0183B0D,SOQROLJ12A8C1386CC,SOUYXNW12AB0182553
SOEZVMS12A8C14134A,SOMZTZA12A6D4F5571,SOCZDXN12A8C13BB63
SOKSLIR12AB0180D8D,SOSZHZH12A8C139FCB,SOTYTXM12A6D4FBF6E
SOICQIF12A58A7E1BF,SOIRNVI12A58A7C069,SOZJIWO12AB0189335
SOVSZYA12AAF3B47CD,SOOEIFU12AAF3B47DF,SOSCSNB12A58A77A94
SOQTITX12AB018C103,SOVPRWP12AB018B128,SOOYMHJ12A8AE48F73
SOHOJWG12AB0187CB2,SODSOSW12AB01804F6,SOGPNMB12A8C141375
SOXQSVG12A6D4F9908,SOVWJNL12A6701D396,SOTKVSJ12A6D4F98D4
SOWBKAG12AB01855F4,SOGDJFN12A81C21EE7,SOJHZZX12AB017F5A8
SOKXGUK12A58A7F4A4,SOGPGLD12A8C13406B,SOEHWJY12A8C13ADEE
SOFAETB12AB01827B3,SOIHSCB12AB0186267,SOYJWLC12A6D4F9E71
SOMHGDS12AB017F0E2,SOCQYRC12A67ADB469,SOLVHDF12A6D4FC206
SOLISAC12AB0184836,SOBJZEB12AB018A27D,SOINLVO12A67020D31
SOKZSOY12A81C206D5,SOUPLIR12A81C206C4,SOIPTFI12AB017DFB9
SOXUSID12AB018875D,SOPWNFW12AB0181A81,SOFQNKY12A67FFB30C
SOJLBGO12A8AE48608,SOCGUNP12A8AE4860F,SORKFZC12AB017D785
SOKUJMD12A8C142736,SOZODBG12A6701C5D1,SOHMOLH12A8C141C40
SODUOZD12AB0186602,SOVBULG12AB0186DAB,SOMRFYQ12A8C1325B2
SOHETMB12AAA8C7714,SOBCYRU12AB017BBC4,SOYOMSB12A6D4F786F
SOBSUNZ12AC468613C,SORIQKK12AB01866E8,SOMBQJN12AB0183DA2
SOBYTZO12AC9075666,SOUVYQX12AC96182F8,SOTOVKU12AB018AC33
SOUWIHB12AB0182455,SOTCYJJ12A8AE48915,SOXZZMZ12AB017E8CB
SOBIFUN12A8C13D462,SOFAIDP12A8C13D4BF,SOLUTRU12A6701F8D7
SOARTHE12A8C134F1C,SOMAKMC12A8C13378A,SOSDGQX12AB017F943
SOWHDPO12A6D4F899B,SOTHFEY12A6D4F898A,SONYWBW12AB017A24A
SOKLWBE12A8C13431A,SOMNYBF12A58A7CBCF,SOTUBDR12AB01811F0
SOWMMLA12AAFF436AD,SOMYJNH12AAFF4366E,SOBFXXF12AB0182007
SOBNGWX12AB0183AF2,SOVEKOC12AB0187262,SOVSCSI12A81C20ACD
SOGXNAP12AB0184983,SOZJPHO12A58A77991,SOIWUTV12A6D4F97F1
SOPFWVC12AB017BDF9,SOBVYDM12A6D4FD7F8,SOISQKF12AAF3B3A41
SOLYAWJ12A8C141554,SOPCTYO12A8C1417AB,SOUFIHI12A8C13F9C5
SOVNSDK12A8C1398EF,SONFBQM12A6310DB4D,SOIVWNC12A8C133ABA
SOYPBEP12A8AE4853A,SOVXTGT12A58A78B8D,SOFBQQT12AB01898D3
SOBAZVC12AB017BDD6,SOENHQU12AC468AE6B,SOVJWQQ12AC468CF19
SOFGSDC12A8C140592,SOEHBWL12A6D4F95D1,SOTVQES12A8AE47E92
SOGXWMR12A8C137E4F,SOEIWEJ12A8C13B43C,SOEWUWU12A6D4FBDBF
SOENHFL12A81C2362B,SOYLCKM12A8C1346FF,SOROFQI12AB018A23D
SODFTQZ12AF729D374,SOMVVIX12A6D4F4544,SOWAQLT12A8AE48ED1
SOYCJFP12AB017B7C4,SOOJMEN12AB017B79F,SOBGCPC12A8C1354BF
SOCCWDW12AB0185F6F,SOYRQHF12A8C140650,SOKQMRR12CF530E4C9
SOVCMVZ12AB0182A94,SOGDLOO12AB0182A87,SOGCXMA12A67ADB41D
SORPOLL12AC4688C49,SODPAQH12AC4688C62,SOJIGMK12AB018B088
SOPUVQQ12AB01839C3,SOAFXBS12AB017F541,SOMMPRY12A8C131C5C
SOUSYBA12A8A9D85B9,SOTWHYS12AB0187FF2,SOZXDRN12A67ADD3F5
SOIBMJF12A58A7DFCE,SOAQGHA12AB0186D60,SOXXARG12AB017D2A5
SOPCPQO12A58A77502,SONYQUP12AB0187B69,SOHJPLK12AB018F74F
SOIYJEL12AF72A2F1D,SOLKWQZ12AAF3B2F2B,SODJBZW12A8C142A58
SODQHAJ12AB01826E7,SOXJBMO12AB0186B4D,SOKRLBZ12A6D4FA81D
SORSAFI12A81C228C2,SOHAMVH12A8C13D78D,SOWLJYU12A6D4FB472
SORSRIX12A81C202BA,SOXXNNR12A8C14109A,SOUZAFY12A8C136709
SOYTLYB12AB0183637,SOODCKF12AB017E524,SOMGREB12A6D4FD986
SOMDYPI12A8C143734,SOSDZFY12A8C143718,SOCXXMZ12A58A7D1B1
SOMKDEL12A58A7A756,SOPKOML12AB0183F13,SOKPXAZ12A58A802CF
SOKXKRP12AB0188911,SOKXQBD12AB018891F,SOLWISB12A8C13C9BB
SOYFAOH12AB017D723,SONKSSI12AB0188CB2,SOLAYFA12A6D4FD30A
SOJRAAR12AB01847DF,SOFEXBX12AB0188FE3,SOMKIVC12A58A7AB34
SOLBUCG12A8C133BA1,SOKVIZM12A8C134AB6,SOUTRYP12A8AE46BC6
SOVVHZG12A8C141A9D,SOZEQBW12AB01900BC,SOPHEUR12AB0180E21
SOMAMYN12AB0180B85,SOLOZPV12AB018004A,SOSWEVW12AB018D551
SOZGFUF12A8C132F96,SOABSRE12A8C1355F3,SORIQKK12AB01866E8
SOQGRAW12AB018B13C,SOGTVMK12A8C1423A2,SOPPIES12AB018187D
SOKDDJT12AB017C4B7,SOPMZIK12AB017DEFE,SOUUDAV12AB018C230
SOJRKIK12A8C13374C,SOYJDNF12A6D4F4FBA,SOLMEXI12A8C140CF9
SOLKYYJ12AB01841CD,SOVDDFH12A8C134FE5,SOHZTQC12A67AD852E
SOVVMVD12A6D4FB484,SOOQAOC12A8C134BD6,SOTESKD12AB018329F
SOBHAQP12AB018B4D9,SOBEGGN12AB018B4CE,SOVEQTQ12AB018DC21
SOUKYTV12A8C13964D,SOGLPIC12A8C13AD53,SOXYNYD12A8C13DF7B
SOJTAUQ12AC4689DD9,SOIUTCL12AB0188849,SOOJTJU12AB0184C22
SOYRLOK12A8C13CC60,SOVZNFZ12A58A7D858,SOFSJEC12A6D4F8581
SOPUDRN12A8C140F74,SOLMUEG12A8C140F7E,SOCFVUP12A8C13D304
SOZPSTU12A8C13DCD1,SOTXQEC12A58A80961,SOIFDCU12A8C137054
SONNLTR12AB017F809,SOQLZFG12AB017E737,SOFUUCS12A81C23A5D
SOWJUDR12A6701D505,SOXVYSQ12A67021909,SOIGJXR12A8C13E403
SOHWVCY12A8C135D59,SODOBOL12A8C13D1D1,SORKDIE12A6D4F6994
SOEJKPH12A8C13EDCC,SOBVGGZ12A58A76302,SOWWAKW12A8C13B507
SOHZTFU12A8C144690,SORCJFO12A6BD54EBD,SOFKPLS12A6D4F5577
SOTXZAV12A67ADF6C5,SOTNGZF12A8AE49CC2,SOSDWRI12A8C1443CB
SOILGAJ12A6D4F79D8,SOJSCTS12D021B50F7,SOIXFAQ12A8C13F588
SOMICIB12AB01876B5,SOLJJZK12AB0188E2B,SOVBPBR12AB0187B2C
SOOPLJP12AB017EC77,SODNYLK12AB0184688,SOMXWZX12A58A7B385
SOLISOZ12A6D4F8D33,SOKCVGR12AC468D3AE,SOYHMMT12AB018B40F
SOLCHFD12A58A7F36E,SOMZYDI12A58A79E51,SOHJWVT12A8C13A047
SOMBFYF12A58A7E5B1,SOIKLVB12AB018DDB4,SOCGURO12AB01895EB
SORXEUH12A8C14463B,SOLAPZK12AAF3B3008,SOFYRIM12AB017FF91
SOQRXFJ12AC9097D44,SOXDJZW12AB0189F53,SOVLEOX12AAF3B4653
SOAGIPB12AB0181E21,SOITAJG12A8C132B26,SORSPLR12D021B3D92
SOYGJTV12A8C136235,SONFWBB12A8C136276,SOLXMFS12A8C1419FD
SOFCHBZ12A8C142084,SOFNXUH12A8C13F06B,SOPCMBU12A6D4FADB1
SOGZMFD12A8C13FE4D,SOVDTAP12A8C13FE3D,SOGDLAK12A6D4F8164
SOWZQSH12AC3DF96DE,SOLQNSX12AB01894E2,SOSMIPU12AB0185806
SONSDBD12A8C13CC4B,SOSELXM12A6D4F8129,SOXBIUL12A6D4FBBD6
SOJEOGY12A8C136CBF,SODWYVU12A81C22F2B,SONPGSU12A8C13B394
SOQLLHX12AF72A3586,SOANWEY12A58A7B504,SOPYYMP12AB018BE1D
SOJVIIV12A8C13DB71,SOIJHLH12A8C13DB59,SOUAHCN12A8C13A571
SODUMOP12A8C136DCB,SOZCITS12A8C13C65D,SOZKZFV12A8C145E68
SOAXSEM12AF72A150D,SOKSUMD12AB0186218,SOTUAWD12A58A7A66A
SOBZCGF12A582910B0,SOYRHBC12A8C1323A8,SOKCDWG12A8C1398E7
SOWRTLZ12A8C13537C,SOFMCTD12A8C135391,SOGCAOX12AC3DF930D
SOKNNPO12AB0185EF2,SOWEWUV12AB0185F07,SOWTXYU12AB01821CB
SOUURIX12AC9E12682,SOXEUCX12AAA15D142,SOACJST12AB017DE22
SOMXWBP12A81C2168C,SOYXBTA12A8C13D552,SOEUOXE12A6D4F6747
SOWOXEX12AB01891C2,SOIBSXC12AB0185F6E,SOHPYEC12A6D4F5257
SOIUKVX12A6D4F9283,SOBJHKK12A6D4F928A,SOCQRES12A8C143566
SOBUYMB12AB018EA62,SOFOGKI12AC9097883,SOSFXXU12A6D4F6DC1
SOWAMIO12AC3DF93C3,SOCHYHL12AC3DF93D9,SORTKRB12A8C131EF0
SOWIBYR12AB017EB19,SOWTJTU12AB0183CBB,SOBHZOV12AF729E943
SOUQQEA12A8C134B1B,SOLBRZV12A8C13177C,SOBYZOT12AB01834EC
SOKTKTM12AB0189837,SOGXENE12AB01854EB,SOYHENM12A8C13BEAD
SOZVSLD12AB0186A9D,SORBVXN12A8C1381D8,SOEABIG12AC4689E0C
SODVRJW12A8C136703,SOQZPLW12A6D2282AC,SOLWJJQ12A6D4F8F4E
SOIDEMN12AB0185B8B,SOPPVOH12AB0185B9F,SOUTDGY12A8C13F17A
SOZTDIN12AB018AAD1,SOEXVLC12AB018AAE6,SORCVJY12A8C13CB1B
SOHAXRC12A8C1407BD,SOBFFBQ12A81C203AD,SOQOUNX12A8C139D7F
SOZRDRK12AB018E07C,SOEOEBD12A8C13890E,SOAMORU12A8C137E6F
SOKXFGQ12A8C140447,SOZNDYP12A8C14043F,SOFAFZA12A58A78F8D
SOJAYLR12AB018327D,SOQEBNO12AB0183280,SOOLVWE12A67AD757F
SOSJCAZ12A8C141B68,SOHLKRL12A8C141B63,SOLLOTO12AB01804C6
SOIHFXZ12A8C13EA83,SOKWUAB12A8C1386FE,SOQLLQI12A8C137FF2
SOODPLC12AB0182FDE,SOBAVLJ12A6D4F7F0F,SOPNFYY12AB01828D4
SOGVRWD12AB017CAD4,SOYJGQQ12AF72A6039,SOSELVM12AB0185E74
SOQGZBJ12AB0186462,SOKZJCR12D02190B46,SOCFVNT12A8C13DF36
SOHQCVW12AB017F9BF,SOETWLE12AB017F9A7,SOINLSU12A8C134AF5
SOBLYNT12A8C137046,SONSSFN12A58A7C412,SOYYUDB12AC468B2E1
SOJOYHO12A6D4FD787,SORYDPO12AB017DEB4,SOBFAZU12A6D4F7C98
SOKJITL12AB017E7FF,SOECLAD12AAF3B120A,SOHSQVS12A8C1369F2
SORTYOZ12AC3DF6E14,SOYQFPU12AC4684F46,SOYZWNC12AB0185D67
SOFAKTP12A8C13D296,SOQORHS12A8C13B8BD,SOMNRTW12AB0185CDE
SOWSXVH12A8C13A144,SOWDNSS12AB017E270,SOQGKGX12AC3DFA181
SORPACP12AB017DFDB,SOUDHVE12AB01828C2,SOFUQXI12AC90713C2
SOSLUKU12A8C138117,SOFCJMX12A8C1363F3,SODNMFX12AB0183E90
SOQHTGX12AB0187D02,SOZIPQO12AB01892C5,SOKMOKP12A6D4FA5E4
SOBXVYU12AAF3B560E,SOQRJVH12AAF3B5640,SOLCQRA12A6D4F7867
SOTDKGV12AB017E39A,SOIELFC12AB017E366,SOGBNGY12A58A7E6E8
SOAAMGY12D021B38BD,SOTJUXX12AB0180E7F,SOUTNJO12A670206F2
SOHHBUZ12A6701CD03,SOJBUCF12A67ADD465,SOCOQUZ12AB0181A1E
SOGWTVB12AB018D104,SOGDGOR12A8C131E53,SOUALIC12A6D4F839E
SOBZIOT12A8C13B49D,SOOPACQ12AAA15D760,SOYEDMV12A58A7AF6D
SOWFOLT12CF58288F5,SODOKWC12D0219949C,SOGMCVY12A8C13584C
SOSHHXZ12A58A7924C,SOMMFNR12AB01888BC,SOXUHSW12A8C132F9C
SORGYAN12AAF3B3F6E,SOVZCXB12A58A75ABD,SOSDWRI12A8C1443CB
SOUJXYJ12AB018B7E1,SOYFKUM12AB018B7CE,SOFCEGR12A81C23972
SOJGSSC12A58A79001,SOBVXKC12A6D4FB220,SOXREIR12AB0181E9D
SOBQWZR12A8C1399FE,SOGOHJQ12A8C139A1B,SOBVQPA12A58A7D23B
SOKDPJJ12A8C13DE2B,SOAQZYQ12A58A795B9,SOZGHOC12A8C13787D
SOYAJUD12A8C1399FE,SOSHLOT12AB018619D,SOPAESK12A58A7BA11
SOQGZBE12A8C139160,SOJWGEI12A8C13CA8F,SODOBCV12A8C135BB3
SOQEELT12AB018E8A8,SOZVOPS12A8C13229C,SOEHHOO12AB0187D31
SOJLBGO12A8AE48608,SOCGUNP12A8AE4860F,SOFYAKR12AB01886BA
SOLZRGG12AB018AD16,SOUXVIV12AB017A056,SOHTSLJ12A8C13EFDD
SOXFWZI12A58A7D561,SORDDBO12A58A7EE4B,SOPYUSB12A6D4FBE76
SOYGABE12AB018A996,SOALSYR12AB0188775,SOWEWUV12AB0185F07
SOZDIDB12AC468E1C8,SOTVVTC12AC468E1AF,SOCXBIM12A8C14070E
SOTIZUO12A58A7A6CD,SOEIPAY12A8C134192,SOSVULC12A8C14149A
SOZBYWR12A8C133BC3,SOUJLGM12A8C134D52,SOOJJTR12AB0189FC1
SOFNSRN12A6D4F51B3,SOKUMPJ12A8C1418B6,SOLIVKG12B35058B08
SOIKOBP12AB01897DA,SOJZWRA12AB018D029,SOAXOLJ12A6D4F8B92
SOLZXDL12AB0184C66,SOAKODH12AB0184C84,SOOSAHZ12AB0189695
SOODQDR12AB0181456,SOCBMQQ12A8C14447A,SOHJIWJ12AB0184EF9
SONDICB12A6D4F8230,SOBZOTA12A6D4F8234,SOYYJNB12AB0184408
SOKTLJE12A58291C51,SOSIVVB12A58A7B639,SOQHAQM12A58A7A25B
SOMBSMM12AC90715FA,SOMMOEO12AC9072DAC,SOYKONQ12A8C1364C4
SOKRCMU12A8C13277C,SOYOIGO12A8C132780,SOBJUVA12A58A79A72
SOWLCCL12A8C1332EC,SOUMTEB12A8C134DBC,SOKWNWI12A8C13383F
SOASUCB12A8C13659C,SOHMGGH12A8C13657B,SOPNYVB12A58A7838F
SOKWHWW12A8C135136,SORQGTR12A8C1350F5,SODENJD12AB0184B40
SOQMPKC12A8AE49270,SOWOOXX12AB0183305,SONDICB12A6D4F8230
SOURIUZ12A6D4FAB80,SOWOOQR12AB01830EE,SOAGAFW12AB0181E97
SONHJIK12AB0183E57,SODALNX12A6D4FBD88,SOFHWGB12AB0180F70
SOWRNNP12A58A76D8B,SOOOVJQ12A58A7926B,SOVDOVB12A8C1365FE
SOHPLRI12AB017FFE6,SOKGJCH12AB017FFFD,SOYMQBA12AAF3B5701
SOIZUIE12A8AE47BEC,SOTUPGA12A58A7A90D,SOMIMMD12A58A76E47
SOAKPTW12A8C139AB2,SOGCPLD12A8C132755,SOADVDI12A8C1381CB
SOZPFTD12AB018250C,SOQOOPI12A8C13B040,SOBREXX12D0219A91C
SOJZZHD12AB01821A2,SOCVAQV12A8C13627A,SOEFLEY12A8C1435DF
SOCWZRR12AC3DF564D,SORYXZH12AB0183263,SOEWYTI12A58A7C616
SOJTAUQ12AC4689DD9,SOIUTCL12AB0188849,SOPBPBT12AB01831A5
SOQGUJZ12AB0183942,SOVZECR12A8C13530B,SORZUNR12A8C13B201
SOIRQNF12A8C134D92,SOWBVTB12A8C132C48,SOFOBAS12A8C142188
SOFPLPU12A6D4FB3DF,SOSYIET12A6D4FB3CF,SOKGHWU12A6D4FB9F8
SOOUYPL12AB017CFFD,SOFZELE12AB01831AC,SOKIDZN12A67020D2D
SOCOHOM12AB0189BCC,SOYOKRV12AB01877D3,SOFSEJA12AB017C851
SOVBRVG12A8C13DDCE,SOTCIHX12A8C13DDD2,SOXYRLR12AF72A97FF
SOLKDXH12A8C13EC9B,SOVCXTS12A8C144928,SOGWHZJ12AAA8C5084
SOYQRDV12A8C13837F,SOJLNEC12AB018460D,SOSUKWT12AB017D55C
SONQMST12A6D4F8685,SOMYYAN12AF72A4484,SORRLFQ12A6D4F8D26
SONMCAX12AB017DB61,SOJHCJU12AB017DBC1,SOQIYXT12AB01859E6
SONPQXH12AAF3B487B,SOMZXOR12A8AE47231,SOOUDMK12AB0182D71
SOIMXUF12AB018CE43,SOYGYXG12AB0186BC8,SOFACDF12AB017E65A
SOLLQHF12A8C13FC20,SOJDKSW12A8C13CDDA,SOCONYN12A8AE48117
SOLWFIW12AB0183257,SOCQITN12AB01832A9,SORAKOH12A6D4FE512
SOYDRGK12A8AE47E1F,SOYJBCZ12A6701C4A9,SOKNUVL12AC9070DBD
SOEFRRE12A8C145A7F,SOHBKDH12A67021C68,SONOMUN12A67020B06
SOLPVOF12A8C142091,SODZZDV12A6310F9AA,SODEIBG12A8C1432A6
SOMIWET12A8C13EDBD,SOZNFIN12A8C13EDBA,SONKGNH12AB017D33A
SOCXAOV12AB0181F87,SOZVJUG12A8C13BF6B,SOHQHIL12A6D4FA785
SOYGWIK12AB017F613,SOOLZKK12A58A80000,SOVGDOA12A6D4F96A8
SOBBEES12AB01812D1,SOJAOFG12AAF3B546C,SOWPRBO12AB0183433
SOWCFPI12A8C135047,SOXLBKT12A8C14285E,SOMRZNS12AF72AADC5
SOIPPZE12A6D4FB104,SOHRYFR12A6D4FC824,SOUTCRW12A8C13D937
SOJQBHF12A6D4FA729,SODJYJU12AB0185CED,SOUZPEA12A8C139BC7
SOUMPAN12A58A7EC31,SOORRFU12A8C137E2F,SOYKOEA12A8C1417B1
SOVQMDQ12A8C13F034,SOXXODX12A8C13F040,SOOREQB12A8C140CE4
SOSDBZF12AC468AB6E,SORHRTI12A6D4F71E1,SOYTTJX12A8C14334E
SOMRILT12A58A7A958,SOFVFPT12A58A7CC18,SOHLTMY12A58A7E5F2
SOFWWUB12AB018CEA6,SOROHXN12AB018704F,SOALHVD12A6701FD18
SOGFVKB12AB017DBC6,SOCBGRS12A8C140CAE,SOHGOGL12AB017E863
SOQDWPD12A8C142F0D,SOBKPPQ12A58A78407,SORYMLR12AF72A0A9F
SODJAFU12AB0181964,SOFTMHH12AB017D06F,SOTGNRH12AB0189930
SOFKHKE12A8C13FFF3,SODZJIJ12A58A7EDBD,SOSBOAR12A6D4F7C84
SOQRHIO12AC4689255,SOHUJGR12AB01806C8,SOMVQJK12A8C13BD32
SOXCTVU12AB0189C2D,SOBYCNK12AB0186192,SOSXCBA12A6D4F7782
SOIFJRG12AC468B450,SOVUZEN12A58A7D133,SOKRAYE12A58A7CEA2
SOIDBZL12AAA8C5AC7,SOGEMTM12AAA8C5A81,SOAOJRS12A6D4FBDEE
SOHBDFE12AC960A2DB,SOZEYDY12A8C143557,SOEEGGY12AB017E36F
SOMRVBV12A8C13FDEA,SOIFXOI12A8C13FD2C,SOSZLHJ12AB017EB6D
SOINCFI12A58A7C357,SOSJYAJ12A6D4FCA04,SOTLACM12A8C132954
SOVTZVQ12A8C138429,SOWQMUI12A8C13A511,SOJXUDI12A6D4F9C3B
SODVCWN12A8C135DF6,SOBJTTS12A6D4F5BCC,SOWIZJS12AC4687B8D
SOQWLEB12AB018CF53,SOEVQOI12AB018B8EA,SOSUOXG12A6D4F8770
SOXNMMV12AC3DFA60F,SODQAZW12AB018A4E9,SOBEERQ12A8C144179
SOBNYXK12AB0189A0D,SOWMYVE12AB0185454,SOIOTGM12AC3DF6B6D
SOHVTOC12AB0184E52,SOSUDVQ12AB01870AE,SOMTLJS12A6D4F85A3
SOZOUFI12A58A7BB13,SOMYTEE12AB018E501,SOVDYAQ12AC4688B0B
SOOZPQI12AB01852BF,SORXNQU12AC9097DA5,SOGKXIV12AAF3B5E4D
SOUUPFK12A58A7AD74,SOILEDG12A58A7FD6C,SOBAJSE12A8C135A3D
SOGVLAQ12A8C13D24C,SOPSWEN12A8C13931D,SOFGBOY12AB018549F
SOUWDFC12A8C13D81F,SODUHFJ12AB0188BE8,SOJLBHE12AB0187337
SOLZOFZ12A8AE46339,SOETCUF12AB0182C10,SOYGGMQ12A8C133C39
SOSRVOL12AAF3B3A32,SOKLYQM12AAF3B3A18,SOLZFRY12A8C13BDF3
SOSFKJV12AB0182509,SODVZAG12AB017F6BF,SOROYFK12AB018C915
SOZXAEZ12A8AE4815A,SONQROA12AB01807C1,SOCPMBN12AB0188594
SOPDWWM12A8C137CC0,SOTEWLQ12A8C138B3F,SOIHSCB12AB0186267
SOGHPMZ12A58A7E0D3,SOGFKGU12A8C136785,SONXXFV12AC468B406
SOWRUWU12D021931EF,SOMOAWG12D021B3964,SODZNNQ12AB0189214
SORFMPY12A8C1361D4,SOXVIXV12A8C133753,SOHRUEI12A8C136134
SOXEXKP12AB0181912,SOPWKTP12AB017EB66,SOWEMTZ12AB017EF89
SOLRNFF12AB018FD21,SOXDLSB12AB018FD4A,SOGRSCQ12A8C1367FE
SOMIDHA12A8C132C67,SOWWQST12A8AE4675B,SOKHUFS12AC9072FC7
SOLYLTI12A58A7BD88,SOVYRGY12A67020A0D,SOVFBCH12AB0183AEC
SOSBKAR12A8C131D51,SOBQKYG12A8C131D5B,SOBFIRL12A6D4FD717
SOGRHVP12AAF3B5529,SOLYPIE12AAF3B5524,SOFVFEX12AB0188663
SOBBUGU12A8C13E95D,SOYCOEX12AB018B5DF,SOBWEUA12AB017EBA4
SOGKCEZ12AB0189524,SOFONYI12AB017ED28,SOZTGIY12A8AE47722
SOUXAJS12AB0184E3B,SOFJEAL12A8C13E4C5,SOISEQP12A58A7C3A4
SOSUEBK12AB018CE16,SOXTGPG12AB018CE03,SOYQGHU12A8C135EAD
SOQVPTA12A8C13F598,SOLYHYM12AB017D549,SOFDVAR12A8C138BEA
SOBRCMM12AB018DEC4,SOVFVNB12AC9DCF208,SOLCALW12A8C132870
SOKDWZQ12A67ADE852,SOIFTDG12A8AE479B3,SOONKRM12AB0181E55
SOBOEQP12A8151CA9A,SOKGECD12A8151CAAC,SOSUMBT12AAF3B2FA0
SONFHPE12A8C13C783,SOSYFOC12A8AE4606A,SOUIPGD12AF72A4480
SOGPHYQ12AAF3B4B09,SOFRXJD12A8C135C83,SODZYQD12A6D4FB658
SOGFAYW12AB0186716,SOJFODC12AF72A5A0E,SOPVGYL12AB017B8AF
SOHXCVV12A8C131BFE,SOPWLNM12A8C130708,SOWEYAZ12AB01844EC
SOXAQLI12AB0187102,SOUSPZR12AB0182E2C,SOAQOVR12A81C1F7D9
SOTGLCR12A8C135270,SOHCLOW12A8C1393CB,SORAETJ12A58A7DAA3
SOWRJBZ12AAF3B243C,SOPJHQK12AAF3B52D9,SOPLCVT12AB018D0E5
SOAJLUX12AB0188F4D,SORGUCP12A6D4F6954,SOGBBGA12A8C13CD06
SORZPFY12A8C137448,SONTEEZ12A8C13EC73,SOZABYO12A8C143546
SOIGELY12AAF3B544B,SOYZZJW12AAF3B540F,SOPXGEL12A81C1FEE1
SOESYXM12A81C24253,SOOMQUZ12A8C142142,SOWHZXF12A67AD9127
SOEMICA12D02193CE5,SOHGVQA12AB0186DC9,SONTLSM12A8C13B2B5
SOIFGXP12AB0182AE8,SOFBOHT12A58A7C059,SOODSRB12AB0182D3F
SOVZWVN12A8AE46A39,SOHULRD12A58A7C2FA,SOELUNI12AAA15E6A8
SOMJBZK12A8C13A2B7,SOJVTJC12A8C134EC4,SOTUPAE12AB0181CF4
SOQBIEB12AB0187D27,SORRXCI12A8135828A,SOMWWEJ12AB0186304
SOXRNGY12A6D4FC67B,SOPFSWT12A6D4FC679,SOZVJGT12A8C137370
SOEZPYS12A8C1401DB,SOBJIMP12A8C140F1A,SOZHWBA12A6701C50F
SOGMTBB12A58A759EC,SONALVE12AB0186756,SOLXKCY12A81C20EFC
SOQDGBF12AB018D98E,SOUNQKH12AB01858E4,SOAKQBT12AB01803CB
SOOYRPT12A8C132E12,SOHYVBB12A8C1402AC,SOMBASN12A6310D907
SOIZDPG12A6D4FBA59,SOFJPHQ12A6D4FBA32,SOAAUKF12AB018869F
SODAVAT12A6701D96F,SOFVSDW12A6701D96E,SOUOSLO12AB0187E49
SORAYJP12A58A7E065,SOFHADC12AB017A833,SOSTPNG12AB0184F46
SOOZWTI12A8C13FD9C,SOXEYCY12AB0181C2C,SOKOHLQ12AF729B221
SOHGZXO12A6D4FB26C,SODGPIZ12A6D4F7FF8,SOPABCG12AB0181B38
SOCGJEM12AB0185E26,SOJDJRK12AB018565D,SOSQVNA12A8C140DD1
SOHGEVO12AB018438B,SODRDSP12AB018CC93,SOKQFRT12A8C132F46
SOFYRPH12AB017DB9C,SOFJGOU12AB017DB96,SOGACUB12A8C1402D0
SOOMFYX12AB018B552,SOOXVVD12A6D4FB3F9,SOPLKHL12A8C13D5A5
SONLTLL12A6BD53735,SOLLAXC12A6BD548C6,SOFNVZD12A8C138009
SOYHGTR12A8C1441D4,SOICNIY12AB01850C1,SOKFSAU12A6D4F8770
SOCVYPP12AC3DF5ADE,SOFPQRF12AC3DF4822,SORCLNI12A58A77CBF
SOKRIPM12AB01882EE,SOVYTYO12AB0188303,SOZJVII12AB01862A9
SODHFGE12A6D4F9BCB,SONCXKI12A6D4F8F08,SOKWBCJ12AB0182A08
SOBHODS12AB01813BC,SOZILBD12AB01813CE,SOHZLEZ12AB017D7C2
SOXZCCZ12A8C1449E2,SONDMXM12A58A79773,SOVDTAP12A8C13FE3D
SOVTECD12AB018D9CF,SOXSKCZ12A67ADC105,SOWBZQO12A58A79B7F
SOZKNFS12AB017AA19,SOUDXJT12AB018A40E,SOKUHDB12AB018135A
SOMDOOC12A8C142E6A,SOBTJJH12AB01847DC,SOQWLMX12A67020B04
SOZYYCU12A8C13B562,SOVIJYM12A8C13C8AD,SOPXOYP12AB01883DE
SOBBQLG12AB018D501,SOJBYJS12A8C13349B,SOSDCPD12AB0189F96
SOSAVBB12A8C13D255,SODSIZV12AB018A3AB,SOYDVOE12AB0180ABB
SOQSKJK12A8C139755,SOXCPZT12AC4686553,SOXJRMP12AB018C016
SOBYAKJ12AB017C6E2,SONETWU12AB017C285,SOOLNAT12AB0185FE3
SOSDXSS12A8AE481CC,SOAOLVC12A8AE47EC1,SOKSMPQ12AB018B91E
SOWSHZP12AB0185FE5,SOQRJUU12A58A78AB2,SONWASF12A8C13C8F3
SOGINAY12A8C138666,SOCIFIF12A8C1378E5,SOSNCNL12AB01813ED
SOSWZXM12AB017D986,SODBMSF12A8C135DFD,SONSFOO12AB0187F10
SOHPRCO12A6D4FB43D,SORYYAW12AC468BF85,SOUPUNK12A58A7AE60
SOQGBOR12A6D4FCE7B,SOMHAYF12AB018067E,SOCEKIR12AB0180C18
SOLTBGW12AB01831DD,SOEBKFN12AB017ECD9,SOLBRQR12A8BED02B6
SONMPGO12A8AE482CA,SOJSHKP12AB017FE16,SOTRJSM12A8C144B9A
SOYANWO12AC3DFA49C,SOMAKFL12AC3DF9FB1,SOMZUJH12AB018F38B
SOTFEVO12AB018AFD6,SOHNXUD12AB0187F01,SODWMKI12AB01887A1
SOJWOKD12AB018442F,SOVECNR12A6D4FCD36,SOEYYEI12AC468968A
SOIIPFM12AB0183DBA,SOGVXYT12AB0183DBF,SOIZLRM12A8AE4853B
SOWGUYI12A6D4FAB17,SOIOAJO12A6D4FA067,SOCIWBP12AB0184AAC
SOHOLTI12AB0180938,SOTJEKQ12AB018094F,SONWXQJ12A8C134D94
SOOTQPZ12AB0182DA8,SOJSYFE12AB0182820,SOTNAWQ12AB01870F4
SOBUAJK12AB0180E36,SOUKTNR12A58A79E69,SODBFFJ12A8C130BE3
SOZZAPM12AB01873DA,SOXNGCA12AB01873BB,SOMAMRQ12AB0180CEC
SOKXAKV12A8C137668,SOPUYWK12A81C228F2,SOOOROX12A6D4F8400
SOYVQII12A81C2115C,SOUIJEE12A81C21173,SOAIOOJ12A8C1385D2
SOSBJXU12A8C1368B2,SOSCHDW12A8C130FD7,SOXQUSV12AB018359A
SOQABWC12AC468A059,SOCLXLK12AC468A081,SOHOXXV12A6701BEBF
SORUSHL12AB017FE4F,SOCXQSA12AAF3B3145,SOTJWZX12A8C135C8B
SOTXQEC12A58A80961,SOHLRWM12A8C141192,SOLRXIN12A8C13A604
SOODHIM12AC468E954,SOEXEQG12AC468B98E,SOGHYIE12AB0182519
SOVVRWX12A6D4FD2BA,SODVWZI12A6D4F5562,SOYQKGK12A8C133B5E
SOFHKQU12AB0189DF2,SONEQFJ12A58A7C55A,SONIHIE12AC4689496
SOOIPND12A6D4F6FF9,SOWDNGM12A58A7979A,SOLSYJA12AB018810D
SOKISAN12AB01863B1,SOOSACS12A8C13A149,SOKQMFC12A8C13D613
SOTUKOU12A8C137C6E,SOUJBCO12A8C137BFC,SOYMOWL12A8C1427FA
SOBSGAZ12A8C13A351,SORCVJY12A8C13CB1B,SOHZNER12AAFF43D08
SOLRCNH12A6D4FB912,SOHACEQ12A8C132139,SOQOVYP12A6D4FACF5
SORUIJA12AB01870CC,SOEHJVI12A58A7ABE2,SOPJHQK12AAF3B52D9
SOZGFUF12A8C132F96,SOABSRE12A8C1355F3,SOTFEVO12AB018AFD6
SOGIVEL12A67ADF8FD,SOALZNC12A67ADF93F,SOLFSJJ12AB018C446
SOUNBGD12A8C13238B,SOEMHGN12A8C12FFA4,SOVYUWD12A5891E85F
SOKFQSX12AB0188CEE,SOCWCNX12AB0185027,SOEVOCI12AB018D41E
SOXHVOF12A58A81591,SOVBWNQ12A8C143C95,SOLNXZU12AF72A2B29
SOUMASM12A6D4F8B99,SOSAMRM12A6D4F8B9A,SOHQNOQ12A8C132E19
SOJOFDN12A6701FA0E,SOWVLYQ12A6701FA0D,SOKXZEJ12AC3DF5E1E
SOSFKQH12A8C133907,SOWUOCJ12A58A7BA98,SOFVOYY12A58A7A91E
SOLGUTQ12AB0186285,SOZTHOY12AB01859E0,SONHLVP12A58A77596
SOIBLDG12AB01843DD,SORXGBX12AB0180AA8,SOXNKFT12A8C13316A
SOJUSWL12A6D4F7300,SOASRJS12A6701FA7B,SOYMOWL12A8C1427FA
SOTTFNT12A8C14333D,SONHNAC12A8C13A15A,SOPZNLQ12A8C13B0B8
SOQDLFG12AB0184108,SODFVTN12A81C2118A,SOBRLPR12A8C145A3F
SOLMEXI12A8C140CF9,SOTDRNJ12A8C137751,SOAYZCO12AB0184145
SOWTRTK12A8C13FA5F,SOSVWLB12A8C13FA69,SOXNTSB12AC468F902
SOKMUVE12A6D4FB6E2,SOBAPXQ12A6310F2A1,SOQIWJU12AB0188173
SOXHQEI12A8C13B48A,SORCHHV12A8C13B786,SOFTAUS12A8C133CEC
SODCEXU12AB018B07E,SOHCENZ12A8C13AC85,SOWHIHY12AB018B64A
SOTXRYB12A6D4F9E6A,SOSXCBA12A6D4F7782,SOVMPHV12AB01828B1
SOYFUEB12A6D4FAAC6,SORVLSP12A8C139379,SOSLSYJ12AB017F373
SONXGAP12AB0189210,SOFFZSK12AB0183F5B,SOINPEP12AC46873CB
SOBLHUD12A8C142015,SOIGUSP12A8C1410F1,SOTKXYQ12A58A7D157
SOIDFZQ12A6D4F7D19,SOHWCXW12A6D4F801E,SOPZKGR12A6D4F3F3A
SOGJPMB12A8C13A9DB,SOQFNLE12A6701F952,SOZWGAM12A6D4FB5EC
SOVBPMI12A582A29AE,SOZDLXT12A8C137335,SOIZFBG12AC961843D
SOHKWNP12AB018A983,SODPUWZ12AB018A9DD,SOAJYCS12AB0185778
SOIPFMG12AC468D1F1,SOMESCX12A8C13B4E6,SOSEBGN12A8C133411
SOHHVZZ12A6D4F9848,SONODJN12A6D4F9838,SOJHUEK12A6D4F9E3C
SODROBL12AC4687A2D,SOQIYMW12A6D4F821B,SOHKEHA12CF54651A0
SOKVKEK12AB017F435,SOGYBDQ12AB017B7D9,SORFMOJ12AB018A0C0
SORDTXF12AB017C25D,SOJLJIE12AB017E507,SOSWCOP12AB01864AF
SOUTLDF12AF729EC17,SOOYWCM12AB0189519,SONGNFI12AB0181666
SODWBIK12AB017F87D,SOAXJKO12A6D4F9599,SOLIEJZ12A8C13CC3D
SOQIJYN12AB018399F,SOFHCPO12AB01839AF,SOSNEWF12A6D4FA0E7
SODYNOZ12A8C13D20D,SORNTMR12A8C13F949,SOBCZMO12A8C13BF48
SOPQRPQ12A6D4F856C,SOSPWBZ12A8C142E73,SOBZZEQ12AB018802D
SOHBJBZ12A8C1406C7,SOJJPCW12A8C13CF15,SOQXXQP12AC96185B2
SOFQLHT12A8C141077,SOWDRCO12A58A792F7,SOZZXGP12A8AE4671B
SONQROA12AB01807C1,SOZXAEZ12A8AE4815A,SODNLEN12AB0188208
SOLSWKN12AB018510E,SOKNAQC12A58A7EE5C,SODZMUH12AB01838CD
SOBERHB12A8C144395,SOXDANW12A67ADF9B8,SOQOAPY12AC4689736
SOMYVZY12A8C145DC5,SOURGRL12A8C1399C1,SOSZWHR12A8C1427C3
SOODHLO12AF72A1980,SOUAUCJ12A6D4F8505,SOIEQEE12A58A7CE27
SOSVDHN12A8AE4693B,SOOZTXC12AB0189F98,SOSNECW12A58A7A8CB
SOWFUYA12AAF3B56C5,SOQIGCB12AC468B3E5,SOBTUNX12AB018258A
SOSUDVQ12AB01870AE,SOHVTOC12AB0184E52,SOONZSD12AAF3B5127
SOHMHLN12AC90977FE,SOZPJVN12A8C133983,SOGJPMB12A8C13A9DB
SOKGESH12A8C132FBB,SOYNAJJ12A8C132FD1,SORMORE12A8C133DCA
SOCHUJI12A58A78E13,SOODCBM12AB0181B03,SOZMPSO12A8C132D83
SOPBAXJ12AB0186F91,SONOHUB12AB0186490,SOWACJX12AB01846A0
SOYJFQC12A6D4F7EE5,SOHSTYS12A6D4F8725,SOJJCSO12AB0187FF5
SOZVXUQ12AB01832CC,SOMQTWO12AB0183211,SOHUEFC12A8AE4827A
SOUHKKQ12AB0184D73,SONKFLD12A8C13E090,SOEDXTY12A6D4FB0ED
SOHWVDQ12A6701F7F9,SOZTRYZ12A8C13D285,SOQJZSD12A58A7B143
SOALLVR12A8C138417,SOMTYWT12A58A75BF7,SOKGJCH12AB017FFFD
SOEDYAU12A6D4F98A1,SODLAHH12A58A7F740,SOVECFS12A8C133CEA
SOWKDIY12A8C1444B8,SOSTQSC12A8C13684C,SONKMON12AB017F750
SOLBJEL12AB018A24D,SOLLHLR12A58A7EEA2,SOIAMDO12AC96184CF
SONLRRW12A6D4F7C64,SOOEYXD12A8C134963,SOFVTMX12AB0185C00
SOPXAWQ12AAF3B26E3,SOQWZLU12AB0184CAA,SOCLAYI12A6310F138
SOXUHSW12A8C132F9C,SOCWYHI12A8C131C4B,SOPMHRB12A8C135C94
SOCSNVI12A8C13ECC2,SOHCJBG12A8C13ECB2,SOYEFDU12A6310F400
SOLLAXC12A6BD548C6,SOKWIPX12A6310F35B,SOSJBCA12A8C1370E2
SOWLAHO12A6701E3D1,SONELOT12A6701F519,SOUKPYI12A8C1349EB
SOBRUSQ12A6701DF34,SOIUOAU12A8C13EBC3,SOUYJVX12A8C13960E
SOHVTVT12A8C1386CC,SOYXERA12A8C13B0BC,SOXWYZE12AB0180068
SOOFHNG12A6D4FAB3A,SOLFKYA12A8C13B082,SOAADUU12AB0183B6F
SOBEKEW12A58A7C0C6,SOWCJCS12A6310D875,SOFLIUW12A8C13B5F5
SOJCEQS12AB0188A1B,SOCPYYZ12AB0187E70,SOLNEKT12AB0187086
SOJLZVZ12AB01850BC,SOCAUZO12A8C141B3E,SOAIAFW12D021901D0
SOWDVUS12AB01813E7,SOIWNXB12AB01800AE,SOIZUUI12A8C139122
SOPTRBQ12AB0184542,SOMHWBT12AB0184548,SOOCHTS12A8C136401
SOUKKXH12A8C134151,SOFDEMJ12A8C13410C,SOIUYIP12AC4686AD6
SOHMXPV12A8C143893,SOGMZPR12AB018D33C,SOJQOFC12A8C135D5E
SOBCFOB12A58A79815,SOIVJCF12A8C137A56,SOSKQWN12A58A7D155
SOCDVFG12AC46891C0,SOAADAD12A8C13D5B0,SOLILBD12A6D4FA3E4
SOCKKOT12AB017F5B1,SOTOZXY12AB017F5A3,SOUBVIH12A8C137C89
SOHYZMJ12AAF3B1347,SOKPINC12AAF3B1343,SOFTAHY12A8C13560D
SOBQBWP12AB018611B,SOTSOTJ12AB01872E4,SOTLHGM12A6D4FC104
SODHZNC12A8AE47F36,SOMCQZY12A8C136BBF,SOFAXDK12AB018E446
SOAUSXO12A8C136872,SOCDSMY12A8C136F58,SOYFUEV12AF72A277E
SOSRWME12A6D4FB7DE,SOQQXZF12AB01805D8,SOTJXLJ12A58A7C882
SOSRLHW12AB018A65F,SOEUNET12AB018A663,SOQIDYH12A6D4F79EA
SOFDNHE12AB0181EF1,SOQFKBW12A58A7B9EE,SOPXGZO12AB01886E1
SOAXTTF12D021B203A,SOKARWJ12A8AE48E1C,SOOAHQO12A6D4FA507
SOAJDSL12AB018CD11,SOEYWDX12AB018778A,SOKZRVN12A8C13F948
SOXRRIP12AC4686877,SOFZXJY12AC46876EA,SOJPVSC12A6D4F924F
SOSXFOV12A6D4F5E2C,SOCKMKP12A6D4F6690,SOIZXMG12A58A7B21C
SOANXGF12A8C143736,SOIBGHG12A6D4F7514,SONVNHK12AB017E586
SOXDENV12AB017C70D,SOAQSCO12A42806263,SOXCRTB12A81C22943
SOBJFQT12A6D4F6F0C,SOPZNNK12A8C134EF5,SOAQQHI12A58A78FA5
SOLZKHB12AB018A070,SOPUNTY12AB0184A92,SOEEPNC12AB0186E94
SOUECYK12A6D4FA96E,SOCOQBJ12AB0189AF8,SOCKTRY12A6D4F56D8
SOCICXU12A8AE4641A,SOWGDTR12A81C21E77,SOHSUHV12A8AE484F9
SOYEFBH12A8C13A3B8,SOITRZN12A8C134E5B,SOTQADG12A8C13ECE9
SOMTKDZ12A6D4F8161,SOKHURT12AB0185DE0,SOUFGIW12A8C13DEA9
SOIVYLE12A67020ED4,SOVFKXD12A58A80239,SONDHEO12A58A7E738
SORYKAR12A8C13048C,SOUSXRA12A8AE490AC,SOSDFNI12A6D4F92F6
SOUYCTP12AB0189F3E,SOZZTRZ12AB0189F32,SOOICQX12AB018FD34
SOEAKNK12AB0186E5B,SONVGUX12AB01835A7,SOBFIRL12A6D4FD717
SOMHWBT12AB0184548,SOPTRBQ12AB0184542,SOJNFET12A8C138ACA
SOYYODW12AB0181109,SODKIUI12A8C134DB8,SOVQTLQ12A8C134D5C
SOWQZGN12A6D4FC9CF,SOOSMUV12AC46884AD,SONDPIA12A8151CE96
SOARXHO12A8C136242,SOBDSLX12A8C136229,SOTHMMZ12A58A7EA1D
SOYITVK12A6D4F8426,SOLULXP12A8C13F80C,SOOTKHV12A8AE47B54
SOEDLRI12A8C13EED1,SOEOJRB12B350556E9,SOZTXZW12A6D4F732B
SOFSYOI12AB017F8D7,SOBTLXW12AB0180812,SOIMEQW12AB018ABC7
SOVQSYW12A6701FBA7,SOQVCGU12A6310E1E6,SOIDQHB12AB017E70F
SODFZXI12AB0184C80,SOUNQVM12AB0184CA2,SONVIJK12A8C138EE8
SOBKXVC12A8C134339,SOLQVMB12A8C13531E,SOOFTAX12A8C135260
SOPXLYV12AB018691F,SOZCWSY12AB0181BDE,SONZTEP12A81C23276
SOUTSJR12A8C142458,SOZZNZA12A58A7A5B0,SOUGZLN12AB0186CE6
SOIDKBL12AC4689E88,SOGLYQJ12AC46867A9,SOJBYBM12A6D4F892E
SOQWKEU12A8C134186,SOYTNOZ12A6D4F6C6A,SOKBKOH12AB0189B89
SOLTPPO12AAF3B3275,SOBEMGS12AAF3B53AD,SONMVHK12A8C134C9E
SOJEBVG12A58A7B79B,SORANYN12A8C1301C1,SOAPIHX12AB0184CB1
SOHZDKK12A8C135215,SODVBYC12A8C135241,SOAUWNV12AAF3B34AB
SOCUMWJ12A58A77ED5,SOJCXNZ12A8C143C36,SOLNVHF12A6D4F8F83
SOIKXYC12AB0185237,SOMSMMI12AB0184A15,SOCQLZF12A6D4F6C6A
SOFGSFL12A6D4FC7B7,SOFULOC12A8C13D9B1,SOQGEDE12A8AE46A97
SOGBAOM12AB018731D,SOEFSSH12A8C1350C3,SOVUSVT12AB018371C
SOFRUKI12A8C13F369,SOROOWB12A8C13F386,SOMCQWG12AB018115F
SOBULBX12A81C22BF0,SOEMIKT12A8AE4884B,SOPVFQR12AB0182066
SODSWGN12A8C145016,SOMHMYK12A8C145007,SOXKLGM12A58A7D814
SOYIKSI12AC468DE1B,SOJOVLB12AC4687C5F,SOEOJJA12AB018FCCF
SOXXXWF12A8C135C57,SOYJCJE12A8C135C42,SOGVZWG12A6D4FB28F
SOSHELZ12AC468D5AA,SOYDJRA12A8C138584,SOIMRQL12A67AE0FA3
SOBSPCO12A8C13AD2A,SOVBITQ12A8AE47EEE,SOOZCMB12A8C1402B6
SOCIXSD12A8C138604,SOBVOZH12AB0187245,SOCPVQM12AB0184ABB
SOLYPIN12A58A7B02B,SOKHTDS12A8C132987,SOTUGCE12AB0181409
SODEKAD12CF530E596,SOHHXDI12D02190516,SOPYBAO12A8C13E7A9
SOGTSLZ12A6D4F8BA7,SOLFLFA12AB018444D,SOEJLOX12AC468AEC3
SOQNWRG12AB018B703,SOQEAKI12AB018B805,SOBWQYU12A58A796B2
SOMMBCV12AF72A78DD,SOHDEJE12A58A7BBED,SOGDMZN12AB0182D14
SOTJEIC12A8C139054,SOTTZPM12A8C13DD62,SOOEERU12AAA15E794
SOAXKEC12AB0189973,SOBVVKP12AB018015C,SOTLBDO12AB018147D
SOFVSDW12A6701D96E,SODAVAT12A6701D96F,SOIFZOI12A8C13B056
SOHSFKB12AB0188379,SOGYTUJ12A6D4FA620,SOQDNJN12AB0186202
SODZEJN12AB0182107,SODXPOI12A6D4F6F02,SONELOT12A6701F519
SODTRRC12AB0181BD4,SOGCCND12A6D4F7D47,SOEHIUB12AB0181339
SOBVRJV12AB01847FC,SOKVDCH12AB0180E0E,SOFAPNR12AB017F994
SOBVPII12A8AE4574D,SOHZUTJ12A8AE483A0,SOBWJSQ12A8C133CDD
SOACZFR12AB01809CF,SOYPPUX12A58A791F8,SOIVREL12AB017A7AF
SOCHDUO12A67ADCDED,SOGDWVZ12A8C13F197,SOBTHIT12A8C130BD5
SOSJJFL12AB017F7BD,SOYHJMF12AB017F7DA,SOVTWDW12A8C141977
SOQOSFA12AC960D97D,SOXEBSL12AC960D95C,SOGDDVU12AB01884B6
SONAEER12A67020459,SOPNFTX12A67020455,SORUYRP12A8C1411A2
SOUBVHZ12A6701F18C,SOOGMLU12AB018889D,SOHPTRC12A58A7E9A6
SOBYXYJ12AB0185C32,SONQPZK12AB0182D84,SOKLFJH12AB0185DA1
SOLWCVU12A8C13EED4,SOOEMCL12AC3DF5A58,SOKLFJH12AB0185DA1
SOMYBOT12AC46864E7,SOPXOTZ12A6D4FB0D1,SOPOOMV12AF72AC204
SOTPCBD12A58A7F2F3,SOPWJPS12A58A7D9AF,SOYWHAB12AB0181E73
SONAILB12AB0182994,SOKZJNG12AB0183328,SODVIRB12AB017D300
SOHOCOW12A8C13963C,SOCJLMP12AF72A0D29,SOEESAP12A8C135F40
SONASTO12AB0181006,SOZBXRF12AB0185520,SOCYZXU12A6D4FCEF3
SOAMSHM12A58A79142,SOWGQTM12A8C13A69F,SOXIDGX12A6D4F7BB9
SOHDSXP12A58A7E7E9,SOUMJSB12AB0185CD3,SOOYRPT12A8C132E12
SOEUNDE12AB0184491,SOOMFET12AB0184481,SOMLYMJ12A8C13EDE0
SOHCYND12AF72A3CD9,SOWMQTJ12AB0184323,SOLAUCG12AB017C403
SOXFLHV12AC90759C1,SOJYDZA12A8C13ABED,SOEFGQQ12AC468A4C9
SOGRUMX12A8C142228,SOGYBWG12AB0182B21,SOTYVNV12AB017CB2E
SOTSORB12A8C139FED,SOXWGIF12A8AE4607C,SODSYJS12AB0188032
SOXMHPE12A6701C54C,SOQDXTI12A6701C54A,SOYACST12AB0182EDE
SOECOKZ12A8C139F44,SOPOOMV12AF72AC204,SOMURUW12A8C1398A0
SOPOXQD12AB018485F,SOYLEGU12AF72A772C,SOVGQBW12A58A7B783
SOCCXDC12AB0187FEA,SODPYPW12A8C1442C0,SOGGAST12A8C140E32
SOEQZFM12A8C136A21,SOPTQSV12A58A7B5B9,SOODQJX12A8C134910
SOESSSK12A8C1454D4,SOAUNYK12AB01860D9,SOKEFRO12AC9DCFCA2
SOEJFUX12A58A7B604,SOYDTJS12A81C21506,SOKJNAP12A81C22CAA
SOYGZDU12AB0189DE6,SODZNNQ12AB0189214,SOALEHA12A8C13ECB3
SORUZIY12AC4686C65,SOMNUEC12A8C13D9D3,SOWYEWY12A67020333
SOOHBFJ12AC3DFB3BD,SOEHYCA12AC4688886,SOXNZKZ12AB01859E7
SONLMRH12AAF3B282D,SOVCQXW12AB017E43D,SOYIEXT12A8C145ACF
SOHEDLH12AB01857FD,SOQZCXK12AB018C58C,SOTHSEY12AB018B999
SOCWMTB12A8C13A73C,SOJOHXA12A8C13A768,SOYYJSI12A8C1334CE
SOQRTGA12A8C132A27,SOCQYVN12A8C133C75,SOYSPCB12A8C141C86
SOSGIDC12A58A80428,SOSFVXD12A8C13EA91,SOSRVUJ12AB018731E
SOMGCVN12AB017E733,SOIDQHB12AB017E70F,SOZZPYH12AB0187578
SOXBXWO12AF72A719A,SOFANQY12A8C13C45F,SOSMZDY12AAFF43392
SOYKFSN12A8C14421C,SOCCYHX12AF72AC279,SOJDUEN12A8C13863C
SOQZGAV12AB0184924,SOQDUIS12AB0184557,SODWVYV12AC468B2DA
SOEZPZF12AC468E07F,SOYMYOU12AB01883E3,SOGXWMR12A8C137E4F
SOGKFUF12A8C13F160,SOMARUD12A8C13FD80,SOQNDKC12AB018893B
SOFGBXU12AB017D651,SOWARYK12A8C132CAF,SOBJDLY12A8C13B2A6
SOLOJLJ12A8C13E464,SOFNXRO12A8C13ACD2,SOPFEAW12AB0189A7D
SOMVIUL12AB018A7E8,SOOYAAE12AB01892C1,SOANXQX12A6D4FCB23
SOEGSYS12AAA15D8B0,SOOJAOG12AAA15E9B2,SOZUUWT12A8C13302E
SOCHRFX12A6D4F32F8,SOUECAV12A8C144995,SOPNDFM12AC9E16EDA
SOTCADH12A8C13CC24,SOYNRTM12A8C132571,SOEKKRH12AB017C44A
SOTOZAM12AB0182404,SONGSKT12AB0185A91,SOBHMPJ12AB01899FE
SOCKNTB12A8C134994,SOLSFKN12A8C1349BB,SOVMUUK12AB017B1E9
SOGBMQD12AB018F2A0,SOGAEXV12A8C138122,SOEZOYP12AB01831C3
SOTQKLJ12AF72A9260,SOMRMFD12A8C13859D,SOFWVCZ12A8C1462BF
SOKOLSL12AB0189C34,SOJTINV12A8C14182C,SORUTZB12AB018920B
SOHFKWH12A8C1375D2,SOWSENK12A8C139497,SOTAOLO12AC4689055
SOFKULG12AB0184C31,SOGJZUN12AB0184BF1,SOBIZGG12A8C130AEF
SOYHBOY12AB0184D13,SONERWU12AB0184D16,SOIXNEL12A8C13E37A
SOREPTI12AF72A8E3E,SOVSKKG12A81C21A77,SOCWCGY12AB0185020
SOCIWDW12A8C13D406,SOETFQZ12A8C13C7DA,SOHSNSJ12A6D4F7CBB
SOCGIHM12A8C130FDA,SOHTSPQ12A58A7B2ED,SOMJOYB12AB0185BC5
SOECZIN12AB0183AF4,SOEKFDY12A8C1419A0,SODHYUR12A8C1373E8
SOAOKSC12AB0188190,SOSFDUD12AB01851D9,SOJTAUQ12AC4689DD9
SORCFLH12A8C142747,SOSLPDT12A8C14273C,SOBQNCD12AC46899B0
SOPAZGG12AC3DF6DC1,SONEFMV12AC3DF6DB7,SODGXZY12A8C13BA84
SOQGZXC12AC4685ED6,SOCHEWB12AC4685ED1,SOGYAWU12A8C13B316
SOGDCUG12A8C13C069,SOEBNEL12A58A7C389,SODHLGH12A6D4FBC6A
SOABXOY12AF729F585,SOXEIJE12A6D4FC881,SOKMITN12AB017DB64
SOKUJQB12AB0186694,SOHRWWX12AB0187FFC,SOMKWCF12A8C142BCD
SOVXWDD12A6D4FD2F7,SOKAGET12AB0186BDB,SOSGIDC12A58A80428
SOBFECE12AB0184159,SOOIRCH12AB0181EFE,SOFPDTP12AB0180C7B
SORXEPC12AB017E98A,SOLMKFY12AB018758D,SOCWZCV12AB017F5E9
SOQTLED12A8C139B31,SOYHMHA12A8C137C74,SOKYMUR12AB018729A
SOKFWFN12A8C13E541,SONIGXT12A6D4F8B6C,SOOUCST12AAF3B5B2B
SOHHNWB12AB0187C14,SOJUROK12A58A79DE2,SOGAKLF12A67AD9390
SORGJUM12A8C142CFB,SOMLCFQ12AB0187AA7,SONOGCT12A8AE475EC
SODBXHV12A8C133407,SOJOOKB12A6D4F81CB,SOCOQUZ12AB0181A1E
SOVRZEQ12A6D4F6DAB,SOSZFSW12A6D4F6DB1,SOGTZTM12AB018AB8A
SOHYSYY12AB018AA16,SOFYPCI12A6701FF60,SOOBKAC12A8C132081
SOTEOXP12A8C132C44,SOEJXXE12A8C132C4C,SOMPRYY12A6310E843
SOKFQCV12A8C140A4D,SOBAVFL12AB01855F5,SOFWHXA12AB0188D23
SOIKWCP12A6D4FC9F0,SOFNOOO12A8C13F8A8,SOOXNTN12A8C13D0B1
SODOLBY12A8C142C74,SOLEKPW12AB01863B7,SOCALHG12A8C13EBBF
SOGNXMP12AB018119E,SOEGHPU12AB0186E41,SOAOWRE12AB0183645
SOOIAPL12AB018C4FE,SOTBMWN12A6D4F58CD,SOFJVZB12AB017D033
SOOSGYY12A8135690B,SOKYGAT12D021B2F59,SOFJFPA12AF72A62D2
SOADUPG12AF72A1403,SOSCOHQ12A8C13873B,SOMMLUE12AB0187FCC
SOAWQNY12AB0184358,SOHMDXK12AB0184329,SOYFZYP12A8C1367D5
SORPMJO12AB0182A9A,SOJBAQO12AB018133C,SOWBFRD12AB017EA35
SOOISZS12A8C13F06A,SOFKHJQ12A8C13F09B,SOPOHQT12A8C13AFD3
SOJFCHL12AC468EA8D,SOGLXGC12AB01878AD,SOOFJFI12AC468D68E
SODWKGP12A81C20460,SOMBTZH12A8C13BB75,SOUSHJH12A8C1342AA
SOSBLDO12A8C13792D,SOLPNWF12AB0184F19,SOYDYJV12A8C13B5CC
SOCSXKQ12A6D4F95A0,SOKDZCE12A8C134DBF,SOOGSDS12A6D4FAAF5
SOWONWN12AB0185D32,SOGBXOB12AAF3B540F,SOHWIPS12AAF3B3FBD
SOXTAOP12A8C13EE91,SOABQFG12A58A7C6A7,SOFLGMJ12AB01885F6
SOGWROA12A8C137D0B,SOBJUVA12A58A79A72,SOHRTAX12AB018EDD1
SOFYIEW12A6D4FCD44,SOOAMUJ12AB0186F0A,SOYBOEE12AB018A4A7
SOXMYNC12A58A7DA45,SOYKDVO12A58A785C9,SOGZGYB12A8C13BF62
SOGDXDW12A6D4F60FC,SOKXKTZ12A6701FA9E,SOFMWXT12AB0187F26
SOLIXBU12AB018C389,SONCEJF12AB018581C,SOTTKFE12A6D4F9AFE
SOBGUEQ12AB0186E2B,SOVZVYC12AB0186E17,SODFQVD12A8C13E103
SOSKVYO12AB018E926,SOOEQAT12AB018E917,SOZKNDL12AC468A381
SOAQJMY12AB0186060,SOHQEFS12AB018604F,SOHVFWI12AC4689C0C
SOHPWFZ12A67021064,SOBATFA12A81C20F54,SOYFMVU12A67020126
SOZYHNC12A8C13B9D0,SODYNIY12A8C13BA06,SONTXYO12A8C13DB08
SOLLNIE12A8C13B78C,SOLOJME12AB017F5AD,SOEIYJP12A8C143639
SOVBIVF12A8C13CA23,SOCFQDK12A6D4F72E5,SOURXQI12A8C13E7C9
SOVFBCH12AB0183AEC,SOGAZZN12AB0189001,SOJAYEQ12AB017C081
SOIJROX12AB0186787,SOQBQWN12AB0186782,SODFTYY12A6D4F87A3
SORGBBM12A8AE4894B,SOYEZKO12D02198103,SOXWECK12A67020594
SOVMURS12D02191863,SONGWZH12D02191EE3,SODLSLZ12A8C142EAF
SOMCNIJ12A81C234AC,SOAFEJY12A81C20F6B,SOYEZID12AB01824FA
SOXSLOL12AB0188039,SOVCYMJ12A6D4F7726,SOKRJXG12AB0184475
SOEAHBY12AC3DF5AA8,SOUVNVG12AC3DF47AD,SOXVCUX12A8C13219A
SOUKNJR12A6D4FCC29,SOVHVQD12AB018E95A,SOXVPPB12AB0185A28
SOIMZSM12AB0188CB8,SOVEXXE12A8C134E83,SOFWBNV12A8AE46FD8
SOMSDUB12AB018BBDC,SOXUUGQ12A6D4FC577,SOKRNQN12AC468F923
SONNOTD12AB018429E,SOJEGUW12AC468E10C,SOHGKCD12AB017EA91
SORQJEA12A6D4F7F40,SOTYVKT12A6D4F7F4B,SOEJPMQ12AB0181068
SOYUMOQ12A58A7B5F3,SOQEOQB12A8C140061,SOSCCOO12A8C13F0AF
SOPFBQZ12A8C13B030,SOMMFXU12A8C13B006,SOOENES12AB017ECB6
SOCEIUW12AB0188625,SONHGLD12AB0188D47,SOCOQYM12AB0183F60
SORHFWK12AC4685D8E,SOCRGCL12AB018BC19,SOWSLMW12AB017DA7D
SOHHQQY12AB0186365,SOWHCAI12AB018416F,SOEVMNT12A58A796E7
SOZMHBL12AB0182B09,SOYJFZG12AB0182B13,SOEDYBF12AF72A3AFF
SOEIMHH12AB0180A6B,SONYHCB12AB0180A8A,SOWLLSW12AB0184EE8
SOCQBOB12A67AE23D8,SOJKNYV12A8C133E9C,SOMTDDB12AB018CA6C
SOCVGAA12A6D4F67AA,SOHSFAV12A8C1429CF,SOYYLAK12A8C13A580
SOHVMTR12AB018285F,SOQQVEJ12AB017F5F5,SOINVEW12A8C13456E
SOSEQNN12AB018409A,SONAEFF12AB0184072,SOOSSRT12A6D4F64D5
SOGNYGR12AC468766A,SOEFVNU12AB018E320,SOLKGRG12AB0189CE0
SODZKNA12A8C13C594,SOBTCUI12A8AE48B70,SOPZYHG12AB0188472
SORYGIL12A6D4FAFDA,SOHBOGO12A8C13B8F8,SOUYJXO12A8C13CE95
SOVYZIA12A8C136E0D,SOSYPCS12A8C136D12,SOULXDZ12A58A7746D
SOMOWRL12A58A7C959,SOBVPTN12AB01866DB,SOHCRES12AC3DF6BD1
SODYGCX12A8C131EE4,SOFYFAO12AB0186306,SOHMHLN12AC90977FE
SOQJWZI12A8C140181,SOOVOKS12AB017EE57,SOTYYSI12A8C140B97
SOOQDIA12AB018556C,SOMBZHY12AB01876B5,SOQIZJK12AC468A970
SOGGLFY12A6D4FD533,SOTTSFE12A8C13EE3E,SOOKQSK12AC468CBFE
SOVCXTS12A8C144928,SOLKDXH12A8C13EC9B,SOWOKPL12AB018914E
SOLPXWZ12AB018BC4C,SOIRBEC12AB018A0AD,SOZWBHG12A8C142F0A
SOBTESE12AB0182934,SOHCFWO12AB018C253,SOCNYFU12A8C13AAC0
SOIPGZG12A8C133E33,SOFLHAH12A8C1321EE,SOFKCJA12AB017BF0D
SOXSTZX12A8C1399EA,SOVOEGU12A8C13F5B7,SOAFKTW12AB018A7A2
SOFKSXM12A8C141F48,SOABUAX12A8C141F08,SOXVFYT12A81C2351C
SOCWTCG12A8C1444E1,SOZUYEE12AB0189D42,SOPQTJV12A8C13FB7C
SOWHBYK12A6D4F7925,SOAPZIG12A6D4F7920,SOJKPWX12A8AE48B36
SOOZOCI12AB017FDB6,SOVLBLF12AB017EA73,SOQUWOL12A6D223B6B
SOWTTPP12A8C13B8B6,SOWHXKM12A5891D19C,SOATHUP12A8C131DC3
SOTPQFM12AB017AC9E,SOAYYDM12AB01817E6,SOAVXSK12AB0180A3A
SOHDZYK12AB0187E7C,SOUIZAK12AB0187E3D,SOMRTUL12AB01895CE
SOHLFGQ12AB0186CAD,SOSDWNM12A8C140DCC,SOMQFTE12AB0188B21
SOCPYYZ12AB0187E70,SOJCEQS12AB0188A1B,SOHBEOB12A8151BAEB
SOZRULA12A58A776CF,SOKTTDA12A6D4F6F4C,SOGYIJV12AB0185A75
SONJMCI12AB018B16A,SOCDRKE12A8C13BF47,SOYBBLF12AB018AE0A
SOAWTPI12AB018E6AA,SOHBVSI12AB018E6A5,SOKJYKF12A6D4F6F36
SOKKUBD12AB0182EAA,SOYMBDA12AB017E7B1,SOCUHMO12A8C13E356
SOIFJCG12AAF3B4250,SOICJFQ12A8C13D43C,SOKGPRX12A8C138268
SOYNAJJ12A8C132FD1,SONJOOG12A8C133C82,SOPWKWV12AAF3B4AE4
SOKIGYH12A8AE483C2,SOMTFPO12A8AE483BE,SOXJPNH12A6D4F952F
SOOOTPT12AB017DCD7,SOBOTDV12AB01801FB,SOKFEGS12AB018744B
SOAOPBV12A8C13C4FA,SOOMUNN12A8C13B998,SOGKVQY12AAF3B28D7
SOJDZTD12A8C1417DB,SOUSDYU12A8AE46CF1,SOBCYLS12A8C1372A6
SOBRBOP12AB018ABA1,SOJPOIO12AB0184888,SOZDYFT12AB0184DC6
SOEAXHF12AB0184E97,SOEOKUY12AB0186AF6,SOHXTLR12AB017F677
SOQYBYY12AB01823A2,SOQNZJZ12AB01823AE,SOANZPQ12A8C138B73
SOSPJKW12A8C13B6A4,SOFJNYP12A6BD53716,SOVYIMU12A58A7D8E0
SOIIJTJ12A8C14221B,SOWGXQS12A8C141F9E,SOJLVSP12AB018252B
SOZHGRR12A8AE484FB,SOWVWEH12A8AE48529,SOFZAAD12A8C1386F9
SOSBYYX12A58A77216,SOQHSDM12AB0187DF7,SOABWQN12D0219A5A4
SOHCFHL12AB018596F,SOAUCPG12AB0185969,SOTDTTB12AB0182624
SOHAHVO12AB017D096,SOFJNQR12A6D4FAE92,SOSQSPE12AC3DF6C54
SOCRZIR12A8C1337D1,SOCWIAG12A58A7EB8B,SOTNJHC12AB0184782
SOICJVZ12AB018310B,SOQZULV12AB017D14F,SOHVOBI12A5891E993
SOCVSII12A8C1364A3,SOOSSZD12A6D4F69B1,SOJEOGY12A8C136CBF
SONOAEI12A58A7BAF3,SOVVRWX12A6D4FD2BA,SOJDOWV12A58A77C06
SOPFURM12A67020D2A,SOPHXJG12D021B59A6,SOBIAIW12AB0182B47
SOEECTD12AB0187743,SOVKYCO12A8C13793D,SONNOUH12A8AE47C47
SORFNFG12A8C134E43,SOGXDRH12A8C1319A0,SOIEKLM12AB01896EC
SOVFBQU12A6D4FC5B7,SOMOLZE12A8C138917,SOBMFKJ12A6D4F518C
SOMRFYS12A8C13CCA4,SOOFJAI12A6D4F6F24,SOYTHRN12A8C146080
SOLGRRB12A8C134329,SOPGITA12A8AE47823,SOMDNAO12A8C137E7F
SOUFOHM12AB01854BB,SOFDYFI12AF72A3CD2,SOTRDHX12AAF3B4A7F
SOYBYIJ12AB017E01E,SOOYIJN12AB017C168,SOVQGCP12A8C13FCA5
SODYWMF12A8C134555,SORFNSC12A8C134553,SOLOMCG12A58A7C463
SOLFKYA12A8C13B082,SOOFHNG12A6D4FAB3A,SOLEAQW12AB017FAEB
SOEGATN12A6D4F73B9,SOCKJZY12AF72AC273,SOPLNDO12A6D4F88D1
SOVNVOW12A8C13696A,SOTXOBZ12A8C136984,SOVHLHV12AB018930B
SOTHMGW12A58A78293,SOOCSEC12AB0188EA6,SOMGABX12A8C142826
SONYHUC12A8C13B90E,SOAFJWE12AB01837B3,SOGSMXL12A81C23D88
SOEVUQS12A6D4FB8BE,SODAEYF12A6D4FB8C5,SOANRPW12AAF3B30CE
SOCFEOI12A8C1415A1,SOMCRVQ12A8C13EE24,SOLUKIN12A8C134577
SOHSFWT12A6701BE74,SOQCRCI12A8C131ADE,SONQTUH12AF72A47A7
SOIRFWA12AB018470B,SOGOEXF12AB018A4A5,SOOZCRC12AB0180CC2
SOGHCFG12A8C13B254,SORJOMF12AB0186F78,SOSCDXD12AB018708E
SOMTHBZ12AB0184DD7,SOEROUE12A58A76962,SOGNXET12A6D4FC5FC
SOTETHS12A58A7DF1A,SOAZSYD12A6D4FD39E,SOYJVUU12A58A7764C
SOOIHFU12AB017E465,SOQGWBX12AB017E456,SODEPKV12A6D4F734B
SOIHDHD12AB017C6A3,SONUAMN12AB017C683,SOEGPFZ12AB0180F58
SOHPLRI12AB017FFE6,SOKGJCH12AB017FFFD,SOFGVWR12A8C141D19
SOZVRFB12A8C13A837,SOAULBO12A58A7A2F8,SOOYECG12A8C13C23C
SOHEWMX12A8C1418BC,SOYNKQT12AB017EC69,SOBHEBX12AF72A679D
SOJFLBP12A81C22DB2,SOOYLGJ12A58A7B465,SOHWSZX12AB01841A1
SOFWKVO12AB0181539,SOHTMFO12AB01853CD,SOKRAUG12A8C13F796
SOBIFON12AB0181587,SOGAPYA12AB0181A7B,SOPBKAW12AB0182422
SOPRSQI12AC3DF99E9,SOAWMRL12AC468D70E,SOLARPO12AB017BF48
SOCXMFL12A8C137901,SOCFBNF12AB018849A,SOCLJRY12A58A7A4F9
SOPEDLJ12AF72ABB8F,SOIHTSE12A58A7987A,SOQNKTI12A58A79713
SODTRYX12AC4689826,SOCYCRH12A6D4FD333,SOFAERR12A8C1358E1
SOERMTI12AB01827E8,SOGEQEZ12A81C21128,SOHIBKZ12A67021D4B
SOYNJMH12AB0181C83,SOWBWMA12AF72A0EFA,SOQCDKB12AB0189D76
SOBDXNG12A8C139A47,SOXYHAQ12A8C139A64,SOGDFIT12AB018528B
SONALVE12AB0186756,SOUYDGU12AB018999B,SOBUTTO12A6D4FD6EB
SOOICTB12A8C14470D,SOUMJSB12AB0185CD3,SODZTOW12A6D4F8FEC
SOVETWY12AB018574F,SOWQSTS12AB0184437,SOLOEUX12A58A7C81F
SOFQRFW12A8C13E5E4,SOIEQZL12A6D4FD6C5,SOPDTOE12AB018D9C2
SOKERHT12AB017BED5,SOBTKBZ12AB017BEBA,SOTZOQL12AB018AD1C
SOBUZKR12AB01855D2,SOONKJF12AB0185C23,SOGCYKX12AB017B658
SOCEYKC12A6D4F7B9D,SOHZNCX12A8C143922,SODETCV12A8C133CDC
SOLHRDI12AB017A671,SOSUFCX12AB017A6B3,SOYGJTV12A8C136235
SOTERZM12A8C1394F6,SOJDTLW12A8C1394FD,SOVIJXX12A58A801BE
SOMHALH12A6310D852,SOCOIRH12A8C135E40,SOPFPTM12A8C135D00
SOXNJJX12A8C138478,SOUZPEA12A8C139BC7,SOLSEAK12A58A7BF59
SOSPPHQ12A58A7C079,SOJLKSL12AB0183D93,SOMXPRX12AB0183570
SOJAQGB12A58A7AA08,SOKFEUG12AB017E353,SOOCVLE12AB0184DBC
SORAVAX12A8C137A3B,SOUKIAF12AB018651C,SOKQMRR12CF530E4C9
SOWVPPK12AB0188D5D,SOSSZST12AB0182503,SOBIQPM12A8C1385A2
SOHKRPE12AB01833F8,SOTSYBB12AB018B4C4,SOQJYZT12A8C13796E
SOCSACO12A58A7F3B1,SOAUEIX12AB01867CA,SOQLZOH12AB01863E4
SOXOCIT12A8C13386F,SONRVWD12A8C13388B,SOBCPSW12A8C13BCB7
SOKCIGV12A6D4F810B,SOOVAZY12A6D4F8CFC,SOTSJDC12A8C143529
SORCJFO12A6BD54EBD,SOHZTFU12A8C144690,SONXEBA12A8C13A655
SOPSLGX12A8C1369AC,SOBOIMB12A6D4F7ABA,SOYNIIQ12AB018143F
SOMRBST12A8C13AE92,SOHGRDK12A8C13AEAE,SOZSESR12AC468B782
SOIXZRZ12A8C13A2C2,SOPRFIF12AB01867F4,SONGDUJ12A8C136D9A
SONVBJA12AB0183B02,SOQPLLQ12A6D4F8964,SOFYFBO12A6D4FAB07
SOTJBAF12AC468B3C3,SODNPCR12A58A76BE1,SOLCTNY12D021B4632
SOTIJFR12A8C135CD3,SOTXHZM12A8C138A0B,SOPGLEZ12A8C14350E
SOIHBHO12AAF3B3EA2,SOLGYJO12A6BD55664,SOVFRDB12AB017FF3A
SOFPEWV12AB0189673,SOCUIGI12AB0183F20,SOWUFYG12AB018794C
SOGFKWT12A8C14005C,SOSOJTG12A8C143272,SOVFAIZ12A6D4F6A70
SOGRMSU12AB017C88C,SOJYPXU12AB01838B6,SOODTYG12A6D4FD341
SOXOCLD12A8C13A55D,SOHABDV12A8C13B252,SOPCZYI12AB017E0CD
SOXBLFU12A8C1362E4,SOEQINI12A58A7875B,SOOPLJP12AB017EC77
SOSMLCW12AB01877CE,SOEWGEO12AB017A4B8,SOJLUYM12AB0187D08
SOGTPVN12AB018326A,SOGWWAU12A8C13D897,SOMBCWA12AB018AE2B
SOFFDVT12AB017BCF9,SOFDALS12AB0182B4C,SORGBBF12A6D4FBE43
SOGSJIP12AB0185929,SOHWQKE12AB0187F90,SOBDTFX12AC468871E
SOROYFK12AB018C915,SOTUGEK12AB018BE28,SOWQQBR12AB018D930
SOFIXLJ12AB017C682,SOPUQTV12AB0188781,SOOULGW12AB017FDED
SOZGPQJ12A58A7DB92,SOXUOWB12A81C20AD6,SOHQPEV12AB0187F7B
SOKAAAY12AB0186459,SOACIFE12AB0187C9C,SOHULHF12AB017F6CF
SOOODKC12AB018462F,SOKWKUQ12AB01868D8,SOYLAQA12A58A7C35F
SOGVTFI12A8C13F248,SOSIXKT12A8C13FC8C,SOFPSUJ12A6D4FA20A
SOTOXRP12A6D4F8EC4,SOUDNCJ12A6D4F8ECC,SOKBSBO12A6D4F9C2E
SOCVOWT12AB018F452,SOZKZFV12A8C145E68,SOLZBRT12A6D4F53D9
SOYRKAG12A8C13D7A0,SOHHASC12A8C139D11,SOPYPAJ12A8C136283
SOHERKR12AB018B158,SOTYVIX12AB0188492,SOZYMAG12A8C1372A0
SOXPTCF12AB018513B,SOFQKZV12AB018514A,SOFODAD12AB018DA52
SOWVMCP12A8AE479DE,SODKWQO12A8C142C61,SOMTMIM12A8C1323C4
SOKFQCV12A8C140A4D,SOBAVFL12AB01855F5,SOJYWII12AB018578A
SOYUATG12AB0187986,SODMDKI12AB018796E,SOGGYSM12A58A79111
SOPWSTC12D02191BA0,SOIHSIB12AB017F1C1,SOHJOTN12AF72A1250
SOBRJZB12A8C143674,SOEWUWU12A6D4FBDBF,SOOVKHN12AC90710A9
SOLPRRV12AB017E6A3,SORXZCL12AB0182056,SOYOCQH12AB018D8D0
SOZIIMQ12A8C13700E,SOWTBIV12A8C13B607,SOUNVMP12A6D4F468C
SOLPEZP12A81C1FC4E,SOAMSNB12AB018073A,SOGDLCE12AB017C386
SOJFCAL12A8C13EBCF,SOPPKXD12A8C13EBE3,SOMIIFE12A6BD53717
SOYRTWG12A8C142BC1,SOMNRTW12AB0185CDE,SOHBZOW12AAF3B550D
SOXAMTJ12A58A7CD18,SOVRVBI12A8C13AA09,SOPBJWH12B0B809492
SOPJDZR12A8C1302C9,SOXMIZU12A8C1302AA,SOCHEWB12AC4685ED1
SOQCSTZ12A8C13FD99,SODPIWS12AB0189BA6,SOCMCQD12A8C134949
SOXBBVB12A8AE47A44,SOCVAYL12A8C13BEAA,SOZMTPW12A58A7E4CF
SOIAZJL12A6D4F854E,SOWRUWU12D021931EF,SOMUJGD12A8C13EC6B
SOJIYSW12A58A78FFA,SOFPDTP12AB0180C7B,SOCHMNW12CF582669E
SOCPNTT12A6D4FBF73,SOZLKJP12A58A795B5,SOHFJRL12AB0185571
SONWURF12A8C134ABD,SOMTHWO12A58A78109,SOZQKUN12A58A7BE4B
SOLGZML12AB018748D,SOTQQXU12AB01874A1,SOEFCGW12AAA15FC9B
SOVQFUY12AB018A77D,SOOGZTT12AB018A256,SOBXNPZ12AF7299CD5
SOEEGLD12AB0188039,SOBZZEQ12AB018802D,SOGGGDX12A8C134251
SOEMMEO12A8C13368C,SOLVBXC12A81C20995,SOIGPWH12A8C137FB8
SOOPXDX12AB018D9E3,SOKMIQO12AB01893FE,SOUUMJQ12AB0188716
SODJFJT12A6D4F67EB,SOTAEIP12A6D4F76A5,SOOCHHF12AAFF4419A
SODSBJS12A58A7A956,SOIVTWJ12A6D4F7346,SOFPGXP12A58A78AAB
SOQFWIS12A58A7BD61,SOGCZSL12AB018572C,SOQXESU12AC3DF9F59
SOOGYQG12AC468755E,SOSTPVL12AC4688AC6,SORPCRR12A8C13AB85
SOSIYMZ12A8C135B93,SOJQMPN12AB0184341,SOPZOMR12AF72A9160
SONYTYB12A8C1425C4,SOULGLJ12A8C142BF4,SOCOQYM12AB0183F60
SOENSIR12A81C210BC,SOEJFJT12A81C20E34,SOPCZYI12AB017E0CD
SOCRJDR12A8C139007,SOASRYN12A8C139FA4,SOHSQFP12A8C138CC8
SOMIDFL12A58A77B02,SOEYNMS12A6D4F7BC8,SOQIKIL12A8C13DD66
SOOJKHS12A58A809A4,SONQVMO12A8C134FC7,SOXJYUC12AB0184CC6
SOFXYJC12AB017B97B,SOBPAQV12A58A797E3,SOBWZNO12A58A78002
SOIEHVS12AB0189FC6,SOPGBUJ12AB018C4B0,SOERDDB12AB01820B9
SOORPZS12B0B80BE57,SOHGYZA12AAA8C5A03,SOQESNH12A8AE4834A
SOONPLI12A58A7BE3F,SOYOZLP12A8C1396C7,SODZXEI12A8C139DFB
SOVCRVD12AB017F07E,SOACBDU12AC96182C3,SOJOWVG12A8C13BEA7
SODJBZW12A8C142A58,SOLIKZS12A8C142D41,SOKPGUB12AB01875FB
SOLTYDT12A8C136F3A,SOAFGEK12AB018232B,SOAOPVN12AAF3B1856
SOEXWZI12A6702082E,SOEVNQH12A67020803,SOVMBUE12AAF3B5540
SODSOFW12A8AE47950,SODDOTQ12A8AE4793B,SOQKGUV12A8C142D41
SODAUOI12AB0181942,SOIIRSC12A8C1331DC,SOLMCUV12A6BD54773
SODKPXB12A6D4F9A9F,SOWQNTQ12A6D4F796B,SONAUJN12A6D4FA24A
SOWBHSX12AB0183195,SORSAQC12AB0183191,SONZGMC12AB018387E
SONMFRA12A8C13A229,SOOENES12AB017ECB6,SOPQUIT12AB01826EA
SOMVREG12A8C140932,SOBSRXY12AB0188492,SOVZXBE12A8C143C9D
SOKWUDO12A8AE4905F,SOQXOXK12A81C219E6,SOKYSHY12A8C13EA99
SOQRRFC12A6D4FC320,SOVYTVA12A6D4FC2F5,SOYVFFX12AB0186B24
SOIWRGF12A8C1384C5,SOXTCXD12AB0183E39,SOXBJEW12A8C142EBB
SOISQKF12AAF3B3A41,SOSOXFK12AAF3B3A62,SOYPWXL12AB0182C9E
SOINETG12AB0188E65,SOBGRGF12A8C13761A,SOWIAKP12AC3DFA050
SOSOMBY12A8C137D1D,SOVFOLT12A6D4F64B8,SOARKPO12AC9618614
SOCVCXO12A8C1341C2,SOEQGOO12A6D4FD61B,SOABCEU12A8C132027
SOWLUDP12A8AE47FCF,SOMFYSO12A8AE469F2,SOGRFPZ12AB018100C
SOFGAER12A6D4F71A0,SORWZDB12A6D4F9290,SOLPTCL12AB0181839
SOQXEDM12A63110828,SOHOVIP12A6D4F9267,SOUUXNL12A8C13D7CC
SOLCUSN12A8C141F91,SOVFUZK12A8C1411F1,SOOYHRI12A8C13B1C7
SOQZGAV12AB0184924,SOQDUIS12AB0184557,SOEGRMM12AB01856CB
SOVWXRK12AC46884C5,SOHHTKU12A6D4F60E8,SOTFCLG12AAA8C8768
SOCSIYJ12A58A7C8C3,SOBCJQV12AB0189AEA,SOXODEF12A8C13B056
SOYOQXO12A67FFB371,SOBKVFX12A6702183A,SOKQWLJ12AB0181386
SOLQRVZ12A67ADAD17,SOCNGFJ12A6D4F6DFD,SOQBMHD12A58A7D705
SOJZSHY12A8C137A17,SOEDNSN12AB0185148,SOPCNFX12AB0182295
SOAOBPS12AB0180729,SOHTXVD12A8C1339F9,SORYMFA12A6D4FAC2C
SOEUMUZ12AB0180948,SOPHTUN12AB0184DAB,SOJKAQK12A6D4FA4BB
SOFUJJN12AAF3B359D,SOHPGMI12A8C13C6A8,SOSHVZY12AB017D82E
SOKEYOU12A8C132392,SOVBGMA12A58A7A8A8,SONWZPX12AB017BD12
SOZTJKI12A58A7B992,SOJDJJN12A8C137936,SOOUBGF12AB017EC48
SOHWDPS12A8C1418BC,SODRMWR12A8C1418C4,SOFCVYN12A8C13A97A
SOCHAZT12AB0185BB7,SOKEYJA12AB0185BAD,SOLHWJP12A8C13841D
SOBKEXX12A58A7D6EB,SOGLMPW12A8C134E46,SOPEYTA12A8C1352AB
SOZPBWN12A58A7C3C4,SOELMDY12A6D4FB18A,SOVMUUK12AB017B1E9
SOCDHEA12AB017E936,SOEFLMN12AB017AE97,SOSACSU12A8C145261
SORKTKE12AB01870AF,SOYDGWS12AB01837FF,SOLEZNV12AB0184E31
SODXYFV12A6701E4DE,SOIWQSN12A67020395,SOXNSGB12A8C1396F1
SORZCIC12A6310ECC9,SORRZGD12A6310DBC3,SOMVDNT12A58A796AC
SOKYYGN12A58A7C856,SOWLLSW12AB0184EE8,SOKRJXG12AB0184475
SOWTHFS12A6D4F8779,SOUOMWI12A6D4F53EA,SOGLONC12AC468832F
SOHKJEN12A81C23935,SOWMYEK12A8C141C1C,SOTKPTK12AC3DF66B6
SOSAADQ12A8C137712,SODMJPQ12AB017F3B1,SOROITO12A8C13292C
SOIDYPH12A8C13785C,SODXQRG12A8C1367EA,SOGKWBX12A8C142EA4
SOHCOFB12A6D4F75AA,SOGCVBH12A8C13AA7D,SOHSFLH12A6D4FA331
SONGYUT12AB0181EA9,SOCABYC12A6D4FCE75,SONWAQX12AB0189903
SOCWIEW12A6D4FB515,SOUCIWS12A8C13A30D,SOAUTEQ12A58A781C5
SOVKTSV12AC4688797,SONPGSU12A8C13B394,SOCZTSW12A58A78ABB
SOCWMLZ12A81C23071,SOLWISB12A8C13C9BB,SOYRDKV12A8C14211E
SOHDMGN12A6D4FCFCC,SOCRKFT12A8AE4819D,SOKPDWR12A67ADE6DA
SOTKQGG12A8C13A56D,SOXUDPU12A8C13A59B,SOLKVTJ12A6D4FC610
SOHGKZC12AB0184599,SOAJJOW12AB0183275,SONGKZX12A8C13DF5F
SOTHJQW12AC46895BF,SOEXVUC12AC46887C4,SORQBAD12A67ADADAB
SOOPRAI12A8C138B89,SOCCLEL12A58A7C291,SOXNQKW12A6701F7E0
SOIFGXH12AB0184E4C,SOBQSHL12A8C140405,SOYPIIH12A6D4F9FF2
SOQZDFA12A8C1405A9,SORYJBN12AB017F231,SOCVGSL12AB0183E96
SOGHNTC12AB0188168,SOIEKLM12AB01896EC,SOOTAPN12A8C140C40
SOWZWCD12AB0187B60,SODMFYF12A8C143F48,SONRZOY12A58A7A7EF
SOMHWWM12AB018563A,SOTFMTW12AB0183463,SOQNPQX12A8C135E46
SOEPNCV12AC90712DF,SOWVWEH12A8AE48529,SOEMING12AB0183D2D
SOLPELO12A6D4F7F15,SOPLBLQ12A6D4F7F2A,SONAXVJ12AB01865B3
SOFUODO12A8C1403E6,SOEWHWK12A8C14264E,SOYKYCW12AB017EDA8
SOCYTYU12A8C13EA94,SOKYSHY12A8C13EA99,SOKBHNV12A8C13AD97
SOLUEFZ12A8C1361E9,SOQOUNX12A8C139D7F,SOOXYFS12A8C13B06D
SOZXHBQ12AB0186626,SOQUHYB12AB0186630,SOHPPLF12AB017E764
SOKMITN12AB017DB64,SOXDXDS12AB017D9DA,SOFJKDZ12A58A7D2F2
SOLKUOW12AB0184BCA,SOPHMAS12AB0186B88,SOYIFLO12AB01877B3
SOPCXCD12A8C13C048,SOQRWBR12A8C13C08D,SOZCXLJ12AB017FE57
SOMSGRA12A8C134190,SOFMNAD12A8151D766,SOEZOXK12AB017CF14
SOPGPDF12A8C143056,SOBDDMF12AB017F507,SOTZOLP12AF72A7467
SOMAMJD12A6D4F7E04,SOCGDAB12A6D4F6125,SODNDSP12A8C1352CC
SOBJPNW12AB0181DF9,SOHOSNT12AB0184747,SOODHEW12A6D4F8E96
SOZDLXN12AB018AE12,SOLOWGQ12AB0186B89,SOAVUEY12AB017FE08
SORLKWU12A8C137F18,SOMKHES12A8C137EFC,SOTXOBZ12A8C136984
SOSQAJY12A8C1437E3,SOQKPQJ12A8C141CB5,SOWZCKU12A6D4F8498
SOMACLK12AC4687FE8,SOTSXMG12AC468A0DF,SOYNMFH12A6D4F50E2
SOCIUKN12A8C13FBED,SONIONZ12A8C13FBCC,SOONZSD12AAF3B5127
SOZHKGW12A6D4F8967,SOJNYOT12A8C131D8A,SOAEUQV12AB01813F8
SOXUEGX12A8C13C161,SOAYEDD12AF72A5917,SOUMPRK12A8C1336CE
SOEPOUI12A8C144900,SOACMKO12A8C1448C1,SOXDPSF12AB018508B
SOIMULA12AB0181A62,SOIEBHY12AB0181AB3,SOOEMLL12A8C133FB3
SOUYEEB12AB018153B,SOCUSIS12AB017EAEC,SONYACA12A8C134D5F
SOKOWHC12A8C135F1A,SOMEJCN12A8C135F20,SORUWYJ12AB0181EBF
SOLWTFZ12AB01872E6,SOSKWDO12A8C13B13A,SORDEOG12AAFF406A0
SOQJJLD12AB01822CC,SORAIKD12AB018A306,SOYFZVP12A6D4F7EE4
SOTQEFA12AB0180138,SOMONZY12A8C138808,SOGMMAD12A6D4FCA14
SOVZTNO12A8C13D0BB,SOZUVKP12AB017DACD,SOTPFBX12AB0184CDB
SOOSAHZ12AB0189695,SOVORLQ12AB01855C1,SOBIQPM12A8C1385A2
SOYADHC12A58A7A82E,SOBGYYU12AB01898C3,SOZMTPW12A58A7E4CF
SODNJFJ12AB0185841,SOFBLKT12AB018A5E3,SOUUWXA12A8C142927
SOERMPP12A8C142B14,SOXCZUN12AB018A78E,SOEHFRI12A58A7EA25
SONYLMS12A58A7C76D,SOYXBFQ12A6D4F8F63,SOAXLWS12AB017E7B3
SOWYWXS12AC468889C,SOTSJZT12AC4686F5F,SOGQNZY12AB017F1E4
SOOXVVD12A6D4FB3F9,SOOMFYX12AB018B552,SOXWEYS12A6310EBA6
SONIDSY12A6D4FC3E8,SOSKUXJ12AB017D89D,SODMXNZ12A8C141D1A
SONLZNA12AB0181C2B,SOPIURK12AB01808DB,SOTHPQS12A8C142666
SOCXULH12A8C13F551,SOKTNOK12A8C1340BA,SOCWECF12A6D4F95A8
SOVGXFK12A8C140C83,SOTZFNS12A8C13FF40,SOTTDQA12A6D4F8C53
SOPWTTY12A8C13C0A5,SOWLIQO12A6D4FDDCC,SOHOSNT12AB0184747
SODYKTT12A58A7BB18,SOCRHCQ12A58A7C8C6,SOIGZZV12AB01889E5
SOCKNSC12AB0184E6D,SOAKVTF12AB0184E77,SOXAJVT12AB0185E68
SOPRGHF12AB018884F,SOZJFMR12AB0188848,SOGFRYH12AB018750F
SOTAZDY12AB0187616,SONMMKB12AB018764A,SOOSBKT12A8C133A60
SODHRJL12A8C1402D1,SOAXBXZ12AB01854DD,SOIXHXP12CF5665060
SOSMNCW12AB018B558,SOYGKHC12AB018B54E,SOMRFWU12AB018BED1
SOIEPEF12AB018CD10,SOULIHS12AB018E88B,SOFRKDT12AB017CEF7
SOAKFDP12AB018A09D,SOLKTXT12AB018A096,SOMCQWG12AB018115F
SOMASOQ12AB018ACC8,SONIMPI12AB0186C14,SOFVSQI12AF72AA9AB
SOGFMRQ12AB0180418,SORLIJP12AB0181E5A,SOVOPHC12AB0186C52
SOJSHKP12AB017FE16,SOIKQDK12A8C134BDB,SOBSOWF12AB01887D7
SOPMDZJ12AB018C420,SOQAHLN12A8C13F853,SOPIWMU12A8C13182B
SOECOYJ12AB0186B3F,SODZWYB12A6D223B02,SOHMAWO12AB017C309
SOUPQHK12AB017CC62,SOKNWHQ12AB017CC6C,SOONDJQ12AC3DF56F2
SONZQMT12A6D4F7769,SOVKDAW12AB017D24E,SOUGSKL12A8C13F7BB
SORRYWR12A8C140E3C,SOOBNCY12AB0182457,SOCBGAP12A8C1324B2
SOLBDXW12A6D4F3298,SOHKIXY12A6D4F3296,SOXNTPH12AC468753A
SOOFIZD12A8C13AE4E,SOOHTZX12A8AE48B23,SOMHZWJ12A8C13D5E8
SOTOCSE12AF72A71E1,SOPTZQK12AB018AE52,SOMVACB12A6D4FB05A
SOFTCGG12AAA15FB9D,SOLYTTD12AAF3B5DAF,SOFIMNM12AB017A873
SOSGEJC12AF72A8DB7,SOSKOHU12AB0184001,SOKDKMC12AB018AAB4
SOMPHNX12AB018C3A8,SOGYZXC12A6D4F82EC,SOLWGGL12A6D4F6D01
SOKYZTC12AB01861F0,SOMYSYW12AB0184CA7,SOQHUQW12AB0189F4A
SOLEFXD12AC3DFA062,SONQCXQ12AB017BBAE,SOEOPUJ12A6D4F7D92
SOFALDZ12AB017986D,SOQKQBA12AB017E410,SOLBMWI12A8C13AC9C
SOGIBXC12A6D4FB0A2,SOHTTGH12AF72A388D,SOWOITZ12AC3DF47B8
SOEBGDH12A58A76FAA,SOHSJIS12A8C139340,SOVMBUE12AAF3B5540
SOXATOP12AB017ACAE,SOMVWOK12AB017D07F,SOEMGLA12A58A8094C
SOVUIMS12A81C21106,SOUADMU12A81C2110B,SOXUCKJ12A8C13CB75
SOLZMER12AB0182117,SOEDAHD12AB017F946,SOUKEVR12CF4FFF27D
SOEYCRR12A8C134A85,SOABSHH12A58A7B857,SOLVYRN12AF72A9C09
SOBLDPJ12AB01867E3,SOPMBGG12A8C13ABF1,SOKQDPE12A8C13DDBA
SOMLSWA12AB0188A03,SOWYWPA12AB018B2BE,SOCGDTZ12A8C1416CC
SOSMEAN12A6D4FA2B7,SOQIANL12A6D4FA2C1,SOLGTTQ12AF72A942C
SOKQDCS12AF72A920F,SOOKISK12AB0180667,SOLUWSU12A81C22D30
SOGNSDE12AB018A247,SORMFHE12AB018A235,SOJWIXK12AB018D4B6
SOFGOUH12A8C13A250,SOLKIUR12A8C1393C5,SOGNUVW12A6D4F64F4
SORJNZB12AB0188DA8,SOTWBOE12AB0188D71,SODMXCB12A58A789EB
SOLKDXH12A8C13EC9B,SOVCXTS12A8C144928,SOMIUFL12A6D4FC098
SOPCNTM12A6D4FC3ED,SOHJHHO12A8C1429F6,SOTELYF12A58A7E91A
SOZQEZB12A8AE473B2,SOKUMPA12A8C132441,SOXNZYY12A6702029D
SOVYFRR12A8C141ACA,SOBUVNE12A8C142C80,SONXRNO12A8C1386D8
SOVOOWS12AB018256F,SORWTAE12AB0181EB4,SOITAEB12AB01857BF
SOFDEJA12A8C13A055,SOALLGJ12A8C13C579,SOXHMZS12AB018A2C3
SOASKLK12AF72AD539,SOXLRYZ12A6D4F7FDE,SOTWRLU12AB017F8FD
SOJVWBA12AB018C326,SOGRYWN12AB018C335,SOQTNGG12AB017F51E
SOJVMRZ12A6D4FD507,SOIVEWB12AB0185A95,SOTYBQE12A58A75828
SOWZHAG12A8C13C692,SORWXUG12A8C13C669,SOSQLKB12A6D4F84FE
SOGAALR12AC3DFA33B,SOQAKTF12AB018A9F8,SOBKIQK12AB0184647
SOJCCLL12A8C13FBA9,SOWSJSJ12A8C13FB95,SOIZUDK12A8C13A1EF
SOJVXLT12AB0186DF5,SOAJVTG12AAF3B5FD2,SOGPLRO12A8C14431E
SOUFBFK12A8C13D668,SOLUAEU12A8C1445D7,SOIVRAK12A6D4F4667
SOTVQCP12AB0188121,SOOAYBY12AB0186D7D,SOFANWG12A58A77985
SODCAPY12A58A7D29B,SOWPKEY12AAF3B2BE8,SOBKXAF12A8C131F3A
SOCHHXJ12A6D4F8E9B,SONWXQJ12A8C134D94,SOCQJBX12AF72AA6F2
SODIECZ12AB018A18F,SOGLYUC12AB0187E67,SOCIHAE12A6702189D
SOFDKJB12A8C1423CB,SOJCZQX12A8C13CF03,SOJAMGJ12A81C216A3
SOKALLO12AB018A62E,SONMMAY12AB0183A08,SOXSHHF12AB0185B3D
SOVZZVR12A6D4FCD85,SOADNFC12A6D4FCD7C,SOWAXWO12AF72A6850
SOISAKF12A8C13B21B,SOFSKRS12A8C13B208,SOHJBRH12A6D4F9331
SOBPBKU12A6701E5CF,SOCPHKW12AB0182D36,SOFSNDS12A8C1342C3
SOWRSYU12A8C13E417,SOBVPYI12AB018623E,SOQYYPR12AB017E7B0
SODXDOW12AC95F0351,SOJEWYZ12AC95F0358,SOGAKLF12A67AD9390
SOMEQIJ12A8C139C37,SOSMUCO12A8C13AE8E,SOLXFZE12A6D4F70CE
SORSHQV12A58A7C87C,SOHIBKZ12A67021D4B,SOADTCD12A8C1425CC
SOGNUVW12A6D4F64F4,SOOSSRT12A6D4F64D5,SOPBDZT12AB017AA98
SOISQKF12AAF3B3A41,SOSOXFK12AAF3B3A62,SOHKPVG12AB017F36A
SONXDFP12AB018643A,SOFUMCA12AB018740F,SOCWVCM12A6D4F8897
SOVKDAW12AB017D24E,SONZQMT12A6D4F7769,SOBCYLS12A8C1372A6
SOBWKWG12A6701D84C,SOBZMWE12B0B80AEA4,SOZGUKP12AB018A2E2
SOZXRRC12AB017D5C4,SOPIBKO12AB0183ECD,SOHUUPU12A58A8125C
SOQLSSJ12A6D4F96FD,SOLGJDQ12A8C1312BB,SONGCPW12A8AE47C4C
SOBZBMT12A8C137F86,SODYTCM12AB018565D,SOFLEIR12A8C1392AF
SOPYBBW12A6D4F8901,SOGIKTD12A6D4F88F5,SOMCMJY12A8C133DEB
SORAOMT12A8C140327,SOALKSA12A8C140F94,SOTHFFU12A8AE46F13
SOZBXLH12AC468C0DF,SOCOVTK12A58A7B2C2,SOAOGKH12CF5665040
SOPLMNH12A8C141B93,SOJDYFO12A8C141BA4,SOTYCDS12AB017CDB2
SOCJBWA12AB0183714,SOJXINM12AB018435D,SOLSXXH12A8C143166
SOJSCKN12A6310E30D,SOJXFLJ12A6310EE3E,SOZBXLH12AC468C0DF
SOSUVCW12A8C13580D,SOGMCVY12A8C13584C,SOZEMUM12A6D4F9672
SONOVZA12AB017D73C,SOVFRBO12AB017B6F1,SOAPVNX12AB0187625
SOKCNCS12A6D4F88D6,SOVEMIA12A6D4F88D2,SODRLKP12A8C142BB2
SOANNWF12AB018E626,SODTEFH12A8C13A1C3,SOPQXKA12AB01861CA
SOYFXTK12AAF3B4B29,SOURVZD12AAF3B3A20,SODIYSP12A8C135E0C
SOOXRTW12A6D4FDCB3,SOCVTLP12AB017DBDE,SOZGLNN12A8C1342D9
SOSOQCP12A67ADEAB5,SOOLZEO12A8C13F4B1,SOIXUAD12AB0183FB9
SODKUAW12A6D4F6600,SOWKQWU12A6D4F8937,SOXGSDC12A67FFB41C
SOTPGLX12AB018D9C5,SOBCLZC12AB01851CD,SOFGCNK12A8C1374A1
SORSUOD12A8C1403B2,SOTPFTQ12A8C13F5C8,SOEXVLC12AB018AAE6
SOMYPDG12AB017E26E,SOZLJJW12A8C136172,SOOYGZD12AB0182A4B
SOKYSDW12AB017C4A4,SOCJCTE12AB017C49C,SOWSDGU12AB0182488
SOLXJIL12AB01889FA,SOFJQSW12A58A7DD3B,SOCHGMX12A6D4FBAF9
SOYJWLC12A6D4F9E71,SOUNESD12A8C13B2B0,SOEOUEB12AB018186F
SOHJPRE12A8C142921,SOAPHRF12A8C13E3D0,SOZKZFV12A8C145E68
SOGIKHC12AB018446F,SOLSOAL12AB018807A,SORKRCN12A8C139557
SOJKJZO12AB0185A1E,SOSOQYT12AB01859E8,SODAEYF12A6D4FB8C5
SOWGUER12AB0189CC8,SODGXNA12AB0189CD7,SOPGCKE12AB0186774
SOEKCWK12A8C139741,SOMKXSG12AB0180E7A,SOBSFSP12A58A7B5EE
SONAWFU12A8C13728E,SOBCYLS12A8C1372A6,SOVUIJV12AB0183C97
SOMESCX12A8C13B4E6,SOIPFMG12AC468D1F1,SOFFFRA12A81C2059A
SOITUZS12A8C13A99C,SOTCFPV12A8C13CE08,SOMKDYN12A6D4FD7C0
SONICOM12AB018C0E0,SOJNGYN12A6D4F767C,SOFNZYF12AB018B971
SOPXYQQ12AB018736C,SOJUDPU12AAFF44465,SOWVZHM12A8C140767
SOMBRML12AB018BAB8,SOKZCRU12AAF3B302E,SODWTOC12D02199EC0
SOWFBBM12A6D4F8054,SOZMYYX12A6D4F805A,SOZBORW12A8C137C44
SOFNIVJ12A8C13749E,SOILQET12A8C136870,SOBWQWH12AB01866EE
SOHYKFS12AB0184A22,SOYMRDT12AB0187383,SOWNVVB12A81C217B5
SORSPYU12A6310DBF1,SOYZGYL12AB01838AB,SOUDHTP12AB0183403
SOGTAQT12AB0187328,SODVEEU12AB018CB92,SOZWCRH12AAF3B55D9
SOKROYY12A8C144511,SOICEWK12A8C1442E3,SOAHZSF12A58A7662E
SOWOHFX12A8C138B5D,SOLVDDZ12A8C13570B,SODVGUA12AB017D708
SOLDAWL12AB017F461,SOARUPP12AB01842E0,SOURFOI12A58A7D7C3
SOLMSYR12A6D4FC93C,SOIGBWU12A8C13E7FF,SOXINAP12AC468C4F5
SOLLOSO12AB0184A7A,SONWQFC12CF56626E2,SOPCERW12AB018A2B5
SOHIDCT12AB018C98E,SOMJEET12D021B2BAE,SOANBOX12A8C139C44
SOCLJRY12A58A7A4F9,SOIQGHA12A6701F6C1,SOUOOFC12AAF3B3225
SOLVSGJ12AB017C67B,SOBBNMI12AB017DE47,SOVJAQB12A58A784F2
SORZBYW12A8C140954,SOLPFZA12A8AE49332,SOIXLZR12A8C136D69
SOSPVHG12A81C21AED,SOPBLKL12A81C21871,SONHIIP12A8C13FE9B
SOHPSDU12A8C141BEC,SOYPHMK12AB018CDC3,SOVEBOC12CF530D548
SOFMVIL12AC468DB41,SOGMFLQ12AC468ED66,SOAHRLX12A58A7C372
SORQJEA12A6D4F7F40,SOTYVKT12A6D4F7F4B,SOYJIIL12A8C135EA6
SOLHOYZ12A58A77245,SOFWKFT12AB017D49A,SOHIPUQ12AB01824DF
SODVGCM12A8C13AEC2,SOMWUQI12A8C139457,SOVSKKG12A81C21A77
SOFYELB12AB017E4F1,SOGZSWO12A8C1470D9,SOJBJAO12AB0183A1D
SOULVLQ12A8C1412D6,SODLULM12A8C13D366,SOCTGVP12A8C13E50E
SODMJQQ12CF4E25877,SOACUYZ12CF54662F1,SODAGSI12A8C13A5AF
SOAADAD12A8C13D5B0,SOEHCMO12AC4689A22,SOIZZWS12A8C141015
SOIYBHG12A8C13D62A,SOIQVZD12A6D4F955F,SOHGZLV12A6310E0D2
SORUWYB12A8C1336E9,SOWHBSB12A8C1336B7,SOMKIVC12A58A7AB34
SOEZOYP12AB01831C3,SOUGFLQ12A8AE46464,SONLBSL12AB0182848
SOVVITW12A8C146BD0,SOQMWJG12A6701E1AC,SOHBFVF12AC468D8EC
SOBRMWU12AB018AF81,SOJDBKY12AB0183B8A,SOVAZZK12AB018935A
SOHUCFA12AC4688B88,SOTGJEP12AB0188329,SOXBYPK12AB018B86E
SOHDKZH12A67AE1CF7,SOQTWJH12A67AE1CF8,SOVZCHL12AB017F563
SOAXBTU12A8C140875,SOKHPKQ12A8C140897,SOYWIKB12A8C13CED5
SOLNCXI12AB018CB6A,SOMINTE12AB018DB2D,SOIFGXP12AB0182AE8
SOXMIKP12A6D22820A,SOTJXIH12A6D228208,SOJZULW12A58A7D4D5
SOBYXYJ12AB0185C32,SONQPZK12AB0182D84,SOWSENK12A8C139497
SOQTXEK12A8AE473DC,SOVIEAR12A8C140803,SORUXNU12A67AE1311
SOFNAIU12AAA15E728,SOAFSYR12AB0182745,SOPZCTW12AB018554E
SOWKINI12A8C135E39,SOZPTVU12A6D4F8B4D,SOIKWRR12AC3DF9853
SOWCTRR12AB01858F8,SOHDWKH12AB018424F,SODGSVW12A8AE47BE7
SOUEZLK12A6D4FBA57,SOZFGTK12AB0181579,SOOWBSY12A8C13807B
SOJSFBS12A6D4F7DA4,SOXGSAI12A6D4F7DFE,SOFFZGU12A8C13B9C5
SOYBQPY12A8C144A7A,SOEHEFW12A8C143C20,SOQGHUN12AC9072B35
SOKVRQO12A58A7C533,SOKVPVZ12A6D4F7863,SOFKJWT12AB017A547
SOMCYNS12A58A7B8BE,SOCHDNX12A67ADA90D,SOEVOAU12A58A7B449
SORSJND12AB01865F8,SODFDMG12AB01860FF,SONISVG12A8C13EB34
SOYJLBA12AB0184C2C,SOTWMCQ12A8C13A707,SORUWYB12A8C1336E9
SOOXKGE12A6D4F8B61,SOLZXNE12A6D4F8B65,SOHQJYC12A8C135B22
SOLRYLN12A58A7D2D5,SOPAWEK12A8C133F7F,SOQYKND12AAF3B305E
SOKERIO12AB018A550,SOZTNJU12AB018A581,SODBFYR12A8C142653
SOMAQOC12AB0183AFB,SOZFCIZ12AB018199D,SODTULR12AC4687C9A
SODAJJL12AB01849D5,SOUDJLA12AB01849FF,SOINUNK12AB0185B93
SONQTFG12A8C1337FF,SOACEBW12A8C13A5B1,SOOMQKR12AB018ADA3
SORQAGF12AC468718A,SOMPRYY12A6310E843,SOCBATD12AB018344F
SOSGMWU12AB0185337,SOYYFCM12AB018536D,SONMDHE12D021B3B1B
SOCNPJX12A8C1322F1,SODWKYT12A58A7A875,SOERBGQ12AB01843CA
SOVRXWG12AB0185F58,SOKMIIS12AB018D807,SOSRWDS12A6D4FB181
SOCVUKT12AB01873FB,SOYTKPD12AF72A8CA2,SOFUIBH12A6D4F9C25
SODHHSX12A6D4F84DC,SOEWJFY12AB01869A3,SOGXBAN12AB017EDA7
SOTLLRE12A6D4F8EFF,SOQTVUL12A6D4F8F04,SOFLXEI12A6D4F6639
SONOXVK12AB01864C7,SOIBYRF12A58A7759C,SOXNQKW12A6701F7E0
SOTWIMM12A8C13917F,SOADLFS12A8C136A53,SODLJKJ12AB0189F7B
SOLKTEK12AB018BE1A,SOZFZMX12AB018BE08,SOMSCIR12A8C13E9C6
SOODQDR12AB0181456,SOCBMQQ12A8C14447A,SOWEVZH12CF54662C8
SOJNYOT12A8C131D8A,SOZHKGW12A6D4F8967,SOWGIBK12A8C13EDA3
SONPAWS12A6D4F9605,SOBIZYU12A6D4F66C8,SOHSXVN12A58A7E40B
SOPUQTV12AB0188781,SOGCROG12AB018E3FE,SOHAXFE12A8C13F057
SOZAHJH12AC468C8E9,SOAIUDT12AF729F399,SOXWFMY12AB01886DF
SOCFWXA12AB0185542,SOSWBVZ12AB0183EC8,SOKSWZJ12B0B80868F
SOVTUKH12AB01833A1,SOOHLYQ12AB01833A8,SOUJLXS12A3F1ECF59
SORQGPC12AB01859EA,SOYUGSB12AB01865FA,SOYQRDV12A8C13837F
SOFVSQI12AF72AA9AB,SORMYCA12A8C134E0B,SOSACZH12A81C1FE0D
SOBVBME12A6D4FC367,SOQEZKJ12A6D4FC348,SOEZGXO12AB017E330
SOALOAI12A8C135D67,SOLGUAV12A8C135D58,SOGVEXG12A6D4F980E
SORFNFG12A8C134E43,SOGXDRH12A8C1319A0,SOFQDAI12A679AE555
SOJHMYB12A6702041F,SOVTJXR12A8C1389F6,SOZMYPM12A6701DAAC
SOFKHHH12AB018D125,SOXXLVI12AC3DFB73F,SOBPYFG12A8C13F08D
SOGYSSI12A8C141B0A,SOYUXWC12A6D4FB26F,SOGLXGC12AB01878AD
SODPVYG12A8C13BF19,SOTDTRR12A8C13CB4D,SOFYIZF12A81C1FF4E
SOXZKLR12A6D4F946E,SOIZEQJ12AB018CF44,SOAWVZG12A8C1443A5
SOEBMWB12A8C139709,SOXMSQI12A8C1396D7,SOBGYXH12AB018419A
SOLFKYA12A8C13B082,SOOFHNG12A6D4FAB3A,SOMYCMB12A6D4F944D
SODQKPX12A6D4F96DE,SOOERFP12A58A7AE50,SOZEEPB12AB0183A88
SONYDNP12AB0186DCE,SOFZQNM12AB0183C50,SOECTAH12AB018AB2E
SORVKLB12AB017E2D6,SOYHVGK12AB018A85C,SOFGKES12AB018930D
SOSJCRJ12AB0182918,SOZSBJL12AB017B9FE,SOOQDAU12AB018A43F
SOZPLIY12AF72A7544,SOKLSZA12A8BEEEF24,SOTZRNR12AB01851A5
SOXCHLS12A6D4F9ADC,SOPXJSI12AB017EB47,SOEAFGG12A8C143E93
SOHCTUT12A6D4FCD56,SOMRMFD12A8C13859D,SOXMANK12A8C132795
SOBKUVH12A8C142552,SONECBH12A8C142546,SOTRVJF12A8C14479B
SOAHYWV12A58A7AA0C,SOSOCCK12AB0186DE9,SOYXLST12A8C143BD6
SOTIDVB12A58A7E5C7,SOKCTOO12D02193F29,SOMJSTY12A8C1310BE
SORRNZJ12A8C13DFE8,SONZVQG12A58A7B80A,SOTESCW12AB0185290
SOCQVUK12A8C1441B8,SOBLHGD12AB018BF8F,SOOORXL12A6310D98D
SOKSJZY12A6D4FB113,SOVPUKZ12AB0184909,SOVAHNW12AB0189540
SOBVEAF12A58A79B3D,SOWHFXH12A8C13E77B,SOZIRIM12AC468D2D1
SOVZOCV12A8C13306A,SOMTQGN12A8C133FB2,SOCHARK12AC468A169
SODDZAD12A6701DC4C,SOBGZZO12A6701CD25,SOPFEVW12AB01821DC
SOBPPSJ12A8C133DBD,SOQHHRM12A58A7F405,SOTISUY12A8C13C001
SOFKAEF12AB018E8FE,SOBSDWG12AB0183714,SOZVMCH12AB0188076
SOLNPSC12AB017B9C6,SOUYFBF12AB017D82B,SOOYIJN12AB017C168
SOHGWLG12A8AE484B4,SODNBYJ12A58A78504,SOPUVQQ12AB01839C3
SOCLKIG12A8C1338C2,SOCCJDL12A8C13E0E8,SOWRUWU12D021931EF
SOKJLTF12A6701F927,SOOOWUL12AB0182785,SOICJWY12A58A7D4D8
SOOCDSU12AB0183FA5,SONFFCO12AB01872D2,SOFEOZP12A6D4F9DF1
SOQGBOR12A6D4FCE7B,SOBTWBZ12A6D4FBE3E,SOJJKWK12A8C133FF6
SOBQVSJ12AC3DFA44D,SOMPTFO12AC3DF979B,SOMOREW12A8C135368
SOWLWBX12A6D4FB946,SOUOHZB12A8C136052,SOJPXEH12AB0184BF6
SOJQNWK12AB0183758,SOXQOHL12AB017D69E,SOQTJWB12A670218FD
SOVWHFR12AB0186C47,SOSEWUU12A582916E4,SOKRLBZ12A6D4FA81D
SOHZBHI12AB017F7EE,SOTCFKN12A8C13AFC8,SOENOKK12AB018642B
SOONKJF12AB0185C23,SOBUZKR12AB01855D2,SOTOZXY12AB017F5A3
SOJXJNV12AB018241F,SOGZFIU12A8C134369,SOMYWIM12AB01835CA
SOPLNEQ12AB0183578,SONBCCB12A8C14355B,SOSZMFP12AAF3B5692
SOYGVNH12A6D4FC774,SOYYNCO12AB018D96D,SOAOVKQ12A6D4F8776
SOBKFKW12A8C13B41E,SOBMTJO12AC3DF4BDA,SOBWFOI12AB0183730
SOGAAOR12A67ADC8B9,SOTNRCH12A67ADC8BD,SONRYVE12AB0183FAD
SOQFLSY12A58A7B943,SOEOKHN12A81C2160D,SOLVUQB12A6D4F7DF3
SOEKRGE12AB018600A,SOWFGJE12AB0186F93,SOVXUBX12A58A782FD
SOQLWQT12A3F1ED117,SORTTZL12AB018C154,SOFJUOE12AC3DF6293
SOJSHKP12AB017FE16,SOMQCXJ12A8C1360DC,SOUJIGU12A8C145BB2
SOECPIN12A8C142FAE,SOEHWLP12A6701C6DC,SOYAFXK12AAF3B5C94
SOSAROI12A6D4F8074,SOCSRYF12A8AE458AE,SODHWXG12A6D4F9F87
SOKKDOF12A67ADD645,SOHKQJJ12AB0181050,SOJBGIF12A58A7DA69
SOZLJJW12A8C136172,SOMYPDG12AB017E26E,SODPLAR12AB0188886
SODOSHM12A58A7A4DA,SOCEADV12AB018B143,SOHXTJN12AB0182360
SOCBGAP12A8C1324B2,SOHDBTS12AB01804B5,SOZGLNN12A8C1342D9
SODYSXM12A8C13ADD7,SOXFFVE12AB017FF94,SOFLSEH12A8C13A2F4
SOFAPWM12A8AE45CD1,SOAXIHM12A8AE4743B,SOSZOXP12A6D4FB9A9
SOLPCWK12A6D4F654E,SOIMQQM12A6D4F7E9C,SOYIDNJ12AB018C0D2
SOZCHTH12A8C13F312,SOXYHIV12A8C13C0D9,SORILFD12A58A7E3A8
SOYXHMV12A8C13740B,SOFOHZX12A8C1403F6,SOXNYMY12A8C13C6D9
SOTKRWV12A6D4FB260,SOBUHAC12A6D4FB25B,SODOQHV12AAF3B32CA
SOCWPIN12A8C13FBE3,SOZFZCT12AC468C51F,SOOMCXE12AB018C807
SOMESBD12AB0188084,SOBZADA12AB018B73D,SOUOVIB12AF729C93A
SOIRSAJ12A8C13468D,SOBLFVI12A8C13B496,SOIIPCU12A8C138E01
SOEMSJV12AB018258E,SOOKUMI12AB0182578,SONDHEO12A58A7E738
SONOXVK12AB01864C7,SOIBYRF12A58A7759C,SOTYIWE12AB0185318
SODPCGN12A8C13A4AF,SOCMIYJ12A8C1384E3,SODNWUN12AB01823B3
SOSHELZ12AC468D5AA,SOYDJRA12A8C138584,SOGVQKE12A8C141409
SOTNYOE12A8C136ACD,SOTNAWQ12AB01870F4,SOFDCID12A8C13FC58
SOEUFDQ12AB017E8F0,SOHXRML12AB018310B,SOPLUPB12A8C1407DB
SOGYSUR12A8C1377A7,SOJMXWG12A6D4F66EA,SOTCBEU12A8C141EEC
SOGDSKU12AB0185A94,SOHOQAP12A58A7AE47,SOUZBAE12AB017FFD2
SOQKQEE12A6701C07D,SOTPPRH12A8C14568E,SOAJBWJ12AB01877EE
SOLRVIG12A8C139FEF,SODPOIA12A8C139FE8,SOOFBFH12A8C140A9B
SOIJFIS12AC3DF9261,SOBTUXJ12AC3DF9261,SOFNQLP12AB0183AF5
SOMDLXQ12AB0180A7D,SOTFDIQ12A8C13507B,SOVWWUP12AB017FDB1
SOIEAJI12A8C13CC85,SOCDWPB12A6D4FA66D,SOUJQHC12AB017D6B7
SOPOFZU12AC907506D,SOZKHLY12AC907506A,SOBPKCR12AB0180868
SOCQYVN12A8C133C75,SOQRTGA12A8C132A27,SOMYCMB12A6D4F944D
SOJUDLR12A8C137DDC,SOGTZEG12A6D4FAA8A,SOOTDEC12A6701D0FF
SODXLMV12A58A77568,SODPDSE12AB017EE63,SORBWVI12A58A7C3CF
SOMHWRA12A8C138AC1,SOSHKEH12A8C138AB1,SOUZUJD12A8C13795D
SOBZYYC12AB01845A4,SOJYFQP12AB0189240,SODJRJR12A8C13FD5A
SOQLSSJ12A6D4F96FD,SOLGJDQ12A8C1312BB,SOZGTLC12A8C144BD4
SOPOWJI12A8C14159F,SOFDYYA12A58A78E73,SOEZVMS12A8C14134A
SOHLRWM12A8C141192,SOZPSTU12A8C13DCD1,SOHWODK12AB0184F78
SOOSSLC12AB017DE28,SOIBSWZ12A8AE47A3E,SOMTUTM12A6D4FBA8D
SORHIUJ12AB018C6BA,SODGBJX12AB017CD09,SOAOVKQ12A6D4F8776
SOMEFTJ12A6D4F8CAC,SOOYDPX12A8AE46CB3,SODLSQO12A58A7E2AA
SOFVVSQ12AB017A910,SOGKQHW12AB017A941,SOLKVLQ12A8C13675B
SOGLTBW12A6D4FC450,SOFBEBY12A6D4FC45D,SOBALTE12AB0182035
SOPNJID12A6D4FA681,SOKEHAS12AB01852A5,SOIHINQ12AB018495A
SOWZAYD12A6D4FCD05,SOHBFVF12A6D4FCD28,SOMAUGM12AB0184785
SOSXBDW12A6D223AF3,SOHINFA12AB018305B,SOISMLS12AB0181194
SOPBAXJ12AB0186F91,SONOHUB12AB0186490,SOULVLQ12A8C1412D6
SOHFVQY12A6D4F9AAE,SOODRFD12A6D4F6DCE,SOMIPDZ12AB0185136
SOJRZHV12AB01883DC,SOGARPL12AB0188384,SOAWNPN12A8AE47018
SOHHOLN12A58A7DC71,SODFTDN12A6D4F8C50,SOSXIUX12AB01831F8
SORPENR12AC468579C,SOCVVCT12AC468C8FB,SOUROLR12AB0188DE8
SOAFJWE12AB01837B3,SONYHUC12A8C13B90E,SOKECSL12A8C13A577
SOUECYK12AAF3B3AC7,SOAPQCG12AB017AAAB,SOUALIC12A6D4F839E
SOLFBGC12A8C13565A,SOMWEOX12A58A80D39,SOYYUBG12AB01853E2
SORXMXS12A8AE4883B,SOWJOFZ12A8C13CAF4,SODUMDU12AC468A22B
SOTOIUP12AB0180CA0,SOYNFCY12AB0182632,SOQBZLR12AF72A3CF8
SOTPFBX12AB0184CDB,SONPLDZ12A6D4FA810,SOYQDSU12AC4685BE6
SOTCOGH12AB017BD53,SOXFGYQ12A8C14142C,SOGQHSF12AB0184887
SOAOXFQ12A8C138387,SOJTMQU12A8C13AE17,SOBVOEO12AB018A0E8
SONBWUH12A8C1421BB,SOHDWYM12A8151AF55,SOIJTGT12AB017D995
SOFDCGQ12AB01821E3,SORSJVO12AB017D537,SOARIVB12AC9618817
SOHYSVP12AB0184900,SOQOSVJ12A8C13251F,SOCPAGS12AB017EC1D
SOHMMMC12AB0181C42,SOJRCDU12AB0189D27,SOLOWGQ12AB0186B89
SOLYBPS12AB01864DF,SOPCEVA12A8C144E9D,SODKKBR12AB0180D26
SOJLRGV12A8C13EFC6,SOUZVTD12A81C1F823,SODJIVU12AB018B699
SOKPOEK12AB018CC80,SOFELVB12AB018CC8C,SOVQGCP12A8C13FCA5
SOOXDGW12A58A7B9B3,SOACSHJ12A8C13EB52,SOAAIFS12A67020756
SOKCJQX12A8C140984,SOOGIDX12A8C13D9CA,SOARHVT12A8C14486B
SOXFJBV12AB018A792,SOWAMWW12AB018A78C,SOQPGEM12AB0187476
SOGXXFW12A58A7A90F,SOAYXKU12A8C137B8E,SOZFUSK12AB01827F9
SOFHWUZ12A8AE48B9D,SOALNDY12AB0182A18,SOXBSTQ12AB018A916
SOJIWHN12A6D4F9CE2,SOHGMSD12A8C138808,SOJNPHU12AB0189314
SOHIAGJ12AAFF44358,SOSNVXX12AAFF44369,SOVIUUB12AB017F36F
SOSTYQT12A8C13B689,SOXAVAD12AF72A44F9,SOARUPP12AB01842E0
SOTGXKA12A81C24161,SODBHKO12A58A77F36,SOSCHBV12AB017F968
SOEBMHW12AB0183352,SONUEAD12A6D4F908B,SOEYVTH12A8C138E6E
SOUPTKW12A8C1375BF,SONIRAF12A58A77EF4,SOXGOLY12AB017C44F
SOTAWSH12A58A7B903,SODESKG12AB0186E17,SOHTNTV12A6D4F61FB
SOKZMIK12AC9E154E9,SOBYPFC12AB018252D,SORVZFL12AC46887C0
SOGKFZT12A8C135191,SOEAZZD12AB017FCE7,SOEFHRN12AB0189C8B
SOAODXN12AB0186AAB,SOAFVQJ12AB0184321,SODBLYT12AC468D3E4
SONETAN12A58A7ACEB,SORMWFU12AB0185891,SOWQBVB12AB017BA34
SOHFIDA12AB018872F,SOLTHKX12AAF3B598D,SOCBTRK12A8C13CB26
SOSJFHQ12AAF3B2D2A,SOJPHUB12AB018A3AC,SOIZXXS12AC468645B
SOYQUWC12AB0180037,SOWBUSK12A6D4FB7AB,SOCLQKJ12AF72A4AB0
SOBTBVE12AB017C125,SOLBODB12AB017C109,SOWPATZ12A6D4F614D
SOXNWXY12A6D4F8C53,SOLLHHP12A8AE4662A,SOVKGIT12AB01869BE
SOESXOR12AB017FD99,SOZVKJX12AB01837FC,SOXQSVG12A6D4F9908
SOABNPW12A6D4FC9B5,SOBLWHJ12A8C144166,SOPJTJY12A6D4FA8E4
SOVIVYJ12AC4689740,SOYZAKX12A8C13662D,SOPBBCG12A8C13C87E
SOXUCEA12A8C13B69A,SOWDANW12A6D4F670A,SORTTZL12AB018C154
SOOQWKQ12A6D4F470D,SOQWXPA12A6D4F470A,SOBEVGX12A8C134380
SOYHENM12A8C13BEAD,SOJNBYN12AB0184232,SOZYAIC12AB017AFFF
SOMMLUE12AB0187FCC,SOHSBLC12AB0183BC9,SOFDLXJ12AB017BF7A
SODJJKU12A8C135328,SOHTLGE12A8C131CDA,SOCNAKK12A8C13AB0C
SOLENZV12AB01868D1,SORYDUB12AB0186EAC,SOABLOU12AB0182F90
SOIDBNB12A58A7A72C,SOHEDMW12AF72A28F0,SOVENLZ12A8C13F7DE
SOYNMFH12A6D4F50E2,SOGQHUH12A6D4F7281,SOLPKNR12AB0184DAE
SODVZPS12A8C130D57,SOBWGMF12A8C12FD0E,SOFCZGT12A8C13918D
SOYYETY12A8C13B03B,SOFRBDS12A8C13CAA9,SOFLBQJ12A8C1334BF
SODXPRT12AB0187853,SOIHNJX12AB017E944,SOCQKTE12AB0182718
SOQFIIE12AB0184C1A,SOJWLMS12AB01836A5,SODUHFJ12AB0188BE8
SOTCWTN12AB017EB37,SOSYORF12A8C13F63A,SOBJKXC12AB01857ED
SOXBJCN12A6D4F9036,SOYHJIL12AB0189E6B,SOJOMNL12A6D4F872E
SOVJWKQ12A8C145462,SOUGTLE12A8C14547F,SOTYHBU12AB018AC46
SOPGDIC12A6D4F761B,SOHLTZK12A8C1425C1,SOLPRRV12AB017E6A3
SOBQCSC12A8C136A31,SOMUDDO12A8C13AE6D,SOYFXTK12AAF3B4B29
SOVTSDN12AC4688B6A,SOHKZSX12A6D4F81BE,SOJBVYM12AB018BD69
SOJYWII12AB018578A,SONPHGP12AB0188DAC,SOODOKY12A6701C584
SOLVAIC12AC90716B8,SOEDZOH12AC90716E2,SOCPHKW12AB0182D36
SOASDZH12A8C13E5C6,SOAMTOG12A8C13AC49,SODIXBY12AB017C93B
SOIDWNE12A6D4F5642,SOWAJAT12A6D4F5648,SOXOCSW12A81C22DCD
SOUWMVE12AB017EED8,SOKTLVW12A58A7C529,SOLULIQ12A8C138A42
SOPAWEK12A8C133F7F,SOLRYLN12A58A7D2D5,SOBHSCH12AB01838C1
SOAAMGY12D021B38BD,SOTJUXX12AB0180E7F,SOBRRHL12AB0182D39
SOTSRPF12A6D4F648A,SOXYVZI12A6D4F6489,SOAEZWJ12A6701DB1F
SOITHGE12AB017ED88,SOFHJHR12AB017F04A,SODQGUT12A58A79D0E
SOVBMKZ12AB018A08A,SOMKMRL12AB0189D1F,SOVFBQU12A6D4FC5B7
SOFXQHE12A58A8102D,SOUQFUH12A8C1367EE,SOXDCKU12A6D4FBA45
SOROSGC12A6D4FD57C,SOCARFI12A8AE470BA,SOTGDRF12AB017F06C
SOLSWGR12A8C13CED9,SOCEABE12AF72AA526,SODBINY12AB017DAC4
SOXBYPK12AB018B86E,SONZQZC12AB01859DD,SODGRWK12A6D4F5605
SOCJPGA12AC468EB24,SOALUZX12AC468D97A,SOEKRGE12AB018600A
SOVXYWW12A8C136CBC,SOULIVR12CF5F8743B,SOIYJAA12AB0184091
SOTOXLZ12A8C1436B7,SODXUDI12A8C1408A2,SOZFUSK12AB01827F9
SOHSLXQ12AB018C575,SOMXDZN12AB018C963,SOPLEFJ12AAA15E6E6
SOGPLCJ12A8C13EA18,SOKWJGG12A8C13C9B6,SOWYBXJ12D021945AA
SOOZWTI12A8C13FD9C,SOXEYCY12AB0181C2C,SODFKNA12CF5828911
SOQUBKP12AB017F4CE,SOHLAPL12AB017F4DB,SONXTQX12A8C134F62
SOXTLUL12A81C220B1,SOWIMME12A8C142C52,SOWDBXP12A8C134394
SOUKKXH12A8C134151,SOFDEMJ12A8C13410C,SOAKJKD12A8C142446
SOAGWUM12AB0181FA4,SOBEQZT12AB0183028,SOJGGVX12A8C13A652
SORAPOE12AB0182FEB,SOBJUYZ12AB0182F11,SOTJAKM12AB0185202
SOHBNVD12AC468D4A3,SOCEODW12AB017E597,SOEZYDT12AB0181D76
SOBLHGD12AB018BF8F,SOFSNDS12A8C1342C3,SOTBFDV12AAF3B2B4E
SOJWTQX12A8C1356E2,SONRCPE12A8C1356EC,SOPPYYY12A8C144425
SOJNHWH12AB01830B3,SOXKHKV12AB01830AB,SOGWOQM12A8C13D5AE
SOEKYTN12AB0187689,SODVWXG12AB018769E,SOKZRXU12AB018F5CC
SOBVOZH12AB0187245,SOCIXSD12A8C138604,SONWURF12A8C134ABD
SOOONVZ12AB0183A8E,SOEFJTB12AB01820D2,SOMDOPM12AB0181990
SOPAXCS12A8C140F91,SOWHZIG12AB017CBDB,SODZNNQ12AB0189214
SORMAAO12AC9075357,SOLURBR12AC9075364,SOEKFYC12A6D4F5C60
SOHWLDU12A58A7A757,SOFITEG12A8C142280,SOAQWDA12AB018D0C9
SOUBYCL12A81C22869,SOYRMWG12A6BD51A61,SOQQQYO12AB0187453
SOMLEWS12AB017E0F8,SOLPKNR12AB0184DAE,SOEIWHD12AB018D0A9
SOXHMJA12A8C13CEF1,SOOSOUJ12A8C13ED62,SOVUBOR12AB0186EB6
SOSPPQF12A6D4F756F,SOWLBUQ12A8C133BBF,SOQWLEB12AB018CF53
SOKGSWQ12AB0188465,SOKMETY12AB018846C,SOULFBC12A8C143403
SODPFCC12A8AE4890E,SOLHCOQ12A6D4F4F97,SOWZKYX12A8C134D70
SOFBCPV12AB017BEC2,SOHEJWD12AB017BF4A,SOEUHCA12A8C136246
SOJYUXY12A8C13EB54,SOWOMIY12AB0185E4E,SODDTZK12AB018C38F
SOIHCHR12A67ADD695,SODKKWP12A67ADD68F,SOSZQZX12A8C131918
SORTQBK12A67ADF33C,SOPXJHT12AB0187228,SOENMNB12AB018A3A7
SOUWYAQ12AF72A2A7B,SOFBUUG12AF72A4E5F,SOVPIUN12A6D4F8F1E
SOCZSYW12AAF3B490E,SOPZASO12A6D4F6A79,SOEHQFG12AB01818EC
SOCWVVF12A58A7D2D2,SOZKOMO12AB017F521,SOKWBVH12A8C1390B2
SORGVTY12AB018349A,SOCAEYG12AB01849C0,SOWZGNI12AAA8C59B1
SOCYJTH12AB0184649,SOCJHKC12AB0188F03,SOUNHDZ12A8C1425A3
SOCVGSL12AB0183E96,SODWWUT12A8C144E09,SOFZVSU12A6702147A
SOOERNA12A8C136691,SOKJITL12AB017E7FF,SOACEFM12A8C137F81
SOAUTDN12A8C14115A,SOSYWTW12AB0188626,SOTGDSC12A8C1365F0
SODYCSU12A8C13C29A,SOJUEXR12A8C13BD39,SOBVJSH12AC468DE83
SORRFDK12A6D4F88E4,SOULWBB12A6D4F4858,SOFWXQO12A8C130A8F
SOFLGMJ12AB01885F6,SOPQUHV12A8C143FB2,SOJHWJB12A8C13650E
SOSANNB12AB0182CBC,SOLKJTL12AC468919E,SOHSKTI12A8C13C791
SORIFWG12AAF3B329B,SOQECGM12AAF3B32BA,SOTHIGU12AB0180D67
SOBJLCQ12A8AE4704D,SOBJNCW12A8AE47036,SONXUFA12AC468C668
SOACZAQ12A8C136E4A,SOSTLUR12A8AE485DB,SOFNHEB12A8C13C4D6
SOPDPAH12A8C138318,SOBMMJW12A8C1382F4,SOECYHV12AB018A576
SOEYKQN12AB0182155,SORMQOS12AC4685F84,SOKLUBB12AB0182FDA
SOXVDMF12A8C138925,SONRVHT12A8C138E9C,SOJGLVJ12A8C13C576
SOVIOBK12A8C1321F5,SOYEQVK12A58A78DD3,SOEUIGT12A8AE46C41
SOUAKUX12AB01829C4,SOZMOUC12AB0180369,SODFTEM12AF72A8D40
SOEBWDS12AB017F038,SOLXZOF12A8C13D6B8,SOYWXKY12A6D4FB1A4
SOIQUQN12A8C13D7B2,SOMAAME12A8C13D789,SOFCUFG12A8C13E433
SOWMSNW12AB0184CEC,SOKGDOX12AB01858CB,SOIOZKJ12A8AE46F80
SOQQAMM12A6D4FA51C,SOJYQQZ12A6D4FA522,SOMYGJH12A8C14114C
SOORODQ12A8C13C342,SOQQABM12AF729A392,SOYREHQ12AC468C373
SOITUZS12A8C13A99C,SOQJLAI12A8C13BF33,SOUNTZK12A8C13A70B
SOAIGOQ12A6D4F9A76,SODSSPQ12A58A7EFCD,SORUYRP12A8C1411A2
SOCFKOX12A67ADAE95,SOUXWAB12A5891DAB9,SOUZBXU12AB018F770
SORMUQC12A8C13C1D7,SOJWEFZ12A8C13B69D,SONPCNG12AB0184E68
SOCSWHR12A6D4F646E,SOPRLOB12A58A804BF,SOMXQUM12AB0188221
SOCCQIQ12A8C13C76B,SOBLOJA12A6D4FA128,SOOLSQZ12A8C133DF2
SOEKNYM12A8C13B2A2,SOYKONQ12A8C1364C4,SOCFYEG12A8C13BF25
SONABNX12A8C14453C,SOSCTLE12A8C145E7A,SOOILMU12AAF3B34EE
SOPXCVA12A8C13A7AD,SONZMIR12A58A7D46D,SONLADX12A6D4F89AD
SOJHXCE12A8C139B1E,SOILWZV12AB017BBAA,SONQVMO12A8C134FC7
SOKIOZS12A58A7BE5D,SOPOUHD12AB0183F20,SOVYOBH12A8C131AAF
SOFMSRK12AB0189065,SOHBTBW12AB0185F0E,SOAVNNL12A8C145B33
SOJYLIW12A6D4FB3B9,SOAFQTE12A58A7B343,SOIBSXC12AB0185F6E
SOAWEPH12A8C13893B,SOOYHRI12A8C13B1C7,SOKTRJN12AB017D6BA
SONOMSW12AB0186949,SOVLGTU12AB0186955,SOXQCGL12AC46887D5
SOZBOLJ12AB018B0EC,SOCFLRU12AB018B0E2,SOYMADS12A8C141FDD
SOHWTCE12AB0183BAE,SOKJBIY12AB0183B8B,SOVPRWP12AB018B128
SOMCGBQ12AB0183035,SOEIDQL12AB0188ED3,SOBYTZO12AC9075666
SOLWYHN12A8C141F53,SOFVWIT12A8AE46400,SOSAVBB12A8C13D255
SOMDLXQ12AB0180A7D,SOTFDIQ12A8C13507B,SOKZRZP12A6D4FB05E
SOAYCAR12A8C143485,SOIVTVW12A8C1434BB,SOZEHJM12AB01893B3
SOQLSER12A8C134259,SONUODQ12A8C134BED,SOWTLWU12A6D4FC350
SOERKHO12A8C141CD7,SOAMPAM12A8C1395EB,SOEDJUZ12A8C13F9D3
SOBLHGD12AB018BF8F,SOCQVUK12A8C1441B8,SOEHFRI12A58A7EA25
SOMRVBV12A8C13FDEA,SOIFXOI12A8C13FD2C,SOSWJGI12A8C141B7F
SONMFQF12A6D4F8BDD,SOMTHKJ12A6D4F5417,SOBNGIE12A8C1319AA
SONUIWG12AB018486A,SOPNYVB12A58A7838F,SOCLVXH12AC468DC14
SORZRPC12A8C13A1B1,SOOOTTC12A8C13279E,SOOITIX12A8C139236
SOSYWTW12AB0188626,SOOFGKF12AB017A856,SOTVNMI12A58A7C2DA
SOWTOTJ12AC9097BC8,SOEHOML12AF72A9BF6,SOMEJCN12A8C135F20
SOUZBXU12AB018F770,SOPAZCT12AB018F79D,SOKJDJU12AC468B4F3
SOIZTET12AB017EEBF,SOIRSKB12A8C13365C,SOYOBLW12AB018826F
SORVOHB12A81C24347,SOVVRRU12A81C2435C,SOMTCUG12AB018D478
SOHSQVS12A8C1369F2,SOPLCDD12A8C13599C,SOTCFKN12A8C13AFC8
SOOABOD12A81C20D51,SOWCGXV12A58A78F47,SOFKBHX12AB0183909
SOSUDVQ12AB01870AE,SOHVTOC12AB0184E52,SOVOXXJ12A6D4FB599
SOPOOMV12AF72AC204,SOECOKZ12A8C139F44,SOTAOQZ12D02199A4C
SOOMXKQ12AB0180B1E,SOLPQGY12A6D4F6F31,SOVNOTY12A8C13ABD2
SOYEHOL12AB018C901,SOAKSYG12A58A7CE93,SOYPPUX12A58A791F8
SOJFJYA12A8C1431DB,SORDVVU12A8C140149,SORWTCQ12A8C1371DB
SOBQWPU12A8C144A5E,SOMCQZY12A8C136BBF,SOAKNJG12A8C13C831
SOQIRAR12AB017FEA1,SONJUYI12AAF3B29BA,SOPLGAE12A58A7CBB8
SOCJCDD12AB017FEFE,SOSHBDR12AB017A859,SOVQAIK12AC468C956
SOICYTA12A67AD86C3,SOUHSFF12AB0188F35,SOHTUFU12AB017DC46
SOGBRHN12A6D222755,SOUYECN12A8C1368A3,SOGEMXW12A8C13CC88
SOAZOVM12AB017D3A7,SODRSDL12A8C136A71,SOLLRRJ12AB01889BF
SOSPNDI12AB017F769,SOIGZOE12AB017F37D,SOAHZSF12A58A7662E
SOOQPIK12A6701F1C5,SOGCDYR12AC961854A,SOZVWWL12A58A78926
SOKZBPZ12A8151BA88,SOEZQXE12AF72ACC54,SOMMTIX12A8C139A75
SOCOQUZ12AB0181A1E,SOLECZU12AB017DAAC,SOYOJKY12AB0185DFD
SORCFLH12A8C142747,SOSLPDT12A8C14273C,SOAPXSL12AB0180447
SOJZYAN12A8C139D1A,SOVBPBR12AB0187B2C,SOKBTBD12A6D4FA3C6
SOEESDJ12A6D4FB87F,SOUIPHX12A6D4F8AB0,SOBOACQ12A8C144476
SONXKLQ12A8C141242,SOGSBJL12A8C14477B,SOKURDK12A8C133E74
SOVXOMQ12A58A805BB,SODXDBZ12A8C137E11,SORUZUX12A8AE47E9A
SOUCGVR12AB01818DD,SOTYXNL12AB01828B1,SOZBZNG12A8C13F750
SOYVBGZ12A6D4F92A8,SOFRNGO12A8C13C240,SOLBDXW12A6D4F3298
SONBUCS12A81C20848,SOEFBKR12A8C13EB04,SOPEYTA12A8C1352AB
SOAETQW12A58A7C961,SOMNYBF12A58A7CBCF,SOCSRRX12A8C1433ED
SOIOPZN12A81C22E4E,SOYPTVK12A81C20CF0,SOAXFFT12A6D4F7B45
SOAJHLR12A8C13CC11,SOFVMHW12CF546525A,SOADNFC12A6D4FCD7C
SOCWCNX12AB0185027,SOKFQSX12AB0188CEE,SOWQVVZ12A58A7B65C
SODLHUG12A6D4F7BB7,SOSAANW12A6D4F7BB8,SOYSPWN12A67ADC1CF
SOTXDFH12AB01886B6,SOJTIZK12AB018512D,SOWTTPP12A8C13B8B6
SOYFZVP12A6D4F7EE4,SOCCANS12A8C139F53,SODXCRT12A8C142EB7
SOPDZEH12A8C140BBC,SOQUFMT12A8C14429F,SOIMTFZ12A8C139961
SOFYJJS12A58A762E2,SOIAMDO12AC96184CF,SOQFDBB12A8C1392D5
SOKCVOK12A6701E6B8,SOVCWQG12A6D4F9D73,SOXVLOJ12AB0189215
SOQXEDM12A63110828,SOHOVIP12A6D4F9267,SOQFABJ12A58A806BD
SODJBQU12A6D4FA15D,SOOGDMS12A6D4FAA03,SOMXSEH12A8C1371EA
SOCKKOT12AB017F5B1,SOTOZXY12AB017F5A3,SODMUKC12AB017E2F3
SOJPMZK12AC468D05E,SOKKOKI12AC468A1C0,SOUFDQA12AB0189758
SOWXPZR12A8C138652,SOAKGRW12A8C139559,SOQVDHJ12AB017E528
SOTGZBX12AB017C973,SOGDMWV12AB017C9A7,SOOJJTR12AB0189FC1
SOTXORC12A58A80CFB,SOOLLJI12A58A7676B,SOSGXRQ12A8C1419F6
SOGEOYP12A6D4FBE7E,SOUYSVX12A8C140E2C,SOIPEKK12AB01805B4
SOBJISI12AAA8C4AAE,SODOODB12A8C136CC1,SOVTIOK12A58A7CB48
SOQDTSL12A58A80D81,SOMFFJM12A8C134521,SOHESPW12AB0184D99
SOBAVFL12AB01855F5,SOKFQCV12A8C140A4D,SOGLBJZ12AB01835C5
SOFYYRV12AB0186CDB,SODILGF12AB018AAFE,SOTPJHE12A8C14143D
SOSOPKK12A8C133DC9,SOQJZSD12A58A7B143,SOHMVLG12AB0188338
SOXTUAT12A6D4FB186,SONQNYQ12A6D4F9082,SOQNRHE12A8AE4849A
SORYGJT12A8C134ABC,SODZYQD12A6D4FB658,SORUPKU12AB0180D1D
SOAXQTX12AB017F467,SONTYQS12AB017F461,SOJLNBP12A58A7C0B0
SOSMVEG12A6701F5E8,SONHSVB12A6D4F77AB,SOSQIQU12A8C143A53
SOSQBDM12A6D4F780F,SOHVVGN12A8AE46FA3,SOLFLFA12AB018444D
SOMZYDI12A58A79E51,SOLCHFD12A58A7F36E,SORIWJQ12A8AE4778E
SOSJCKF12AB0180B57,SOMVWOK12AB017D07F,SOXODZX12A6BD5490F
SOAQCNA12AB01848DD,SOEBDOO12AB01868CA,SOMHTNS12A58A7733C
SOLHBDK12AB01845A6,SOIMZSD12A58A7A022,SOPRQKC12AB017CA20
SOZJZQG12AB01828BD,SOZRYQY12AB0188BE0,SOKBCLG12A8C13DAA5
SOYACNU12AB018167C,SOPWWUX12AB018164E,SOHBMVS12A58A7B3C5
SOFRDPR12A8C139B54,SOEFJDB12A8C139561,SONIONZ12A8C13FBCC
SOHIJHR12A6D4FBF89,SOHCBOL12AB018CD55,SODXDOW12AC95F0351
SONFOLB12AB01841B9,SORWJGG12D021B0F6A,SOMGORG12AB01832FA
SOBBEES12AB01812D1,SOJAOFG12AAF3B546C,SOBVUQI12AB0182684
SOBSZLJ12A8C13F542,SODCTPU12A6D4FC835,SOWMSNW12AB0184CEC
SOEYBCC12A8C139A3B,SOCRQAP12A8C13B855,SOYTCBE12A58A7EBF3
SOENXSF12A8C1366DC,SOFZAAD12A8C1386F9,SOXBIQX12A6D4F8D50
SOHJOLM12A8C138BD8,SOWKFWT12AC468A5A4,SOZENXK12A6D4FA8A9
SOWLAEH12A58A7DE7F,SOKBTUN12AB018A645,SOQSUHJ12A6D4F7637
SOPHXJG12D021B59A6,SOCNCGL127D9786D66,SOWKLMM12A8AE487DF
SOBCGNG12A81C23752,SOJIPPT12A8C13F9FC,SOABUER12A6D4F800A
SOIYHYN12A8C13E536,SOYLNSY12A8C138022,SOTJVRD12AB018209B
SONOXQP12AB01862F3,SOVEQSU12A8C133250,SOFQLOD12AC468A7A5
SOCWIDQ12A8C14110C,SOSAZGK12A58A7C8CA,SOCFHAZ12AF72A68F6
SOFWZTE12A8C13FECD,SOQVIWD12A6D4F906F,SOSWHUW12A8C14092E
SOWPIUT12A58A7D780,SOXDCKU12A6D4FBA45,SOCIJPC12A8C143303
SOHAGSO12AB0185C31,SOHMYGA12AB017F997,SOMWRSR12AC4688F6C
SOEESJP12AB018188C,SORQXWH12AB0182FCB,SOGDJTH12AB0182F32
SOKZYFQ12A6D4FCE96,SOLPPNA12AF729ACEC,SORNVIG12A8C13FC07
SOIVVJY12A8AE46A5D,SOHQXAG12AB0180FD9,SOUMRBN12AB0180ADC
SODRYJZ12A58A79845,SOCVPIU12AB017ED74,SOUJJUM12AB01845B9
SOORRFU12A8C137E2F,SOKZCPW12AB018738B,SOHYRES12A8C1391BA
SOGIJBN12A6D223B51,SOJARVZ12AB018DAB5,SOJXDRQ12A67AD90F9
SOEUYWT12A8C1329CF,SORNTVZ12A8C131DB0,SOZCTXZ12AB0182364
SOJNBYN12AB0184232,SOXKKUW12A8C13C614,SOMYNRK12AB018A4CD
SOXMFNF12AB0184BAA,SONVZZX12A8C14027D,SODYYMX12AB0182FC8
SOXWECK12A67020594,SOTSCFD12A67020596,SOAJVCD12A6701D947
SOSJJFL12AB017F7BD,SOYHJMF12AB017F7DA,SOFWPJK12B34F32C82
SODWYJL12A58A7BCE4,SOBZUIG12A8AE48C94,SOOIWMK12A6D4F6972
SOOFCSG12A8C13AE9C,SOMRBST12A8C13AE92,SOQTXVQ12A8C13E6C4
SOIHCOM12A8C13631C,SOPLCVT12AB018D0E5,SOEDYHS12A8C139D4E
SODMTBH12A6D4FA819,SOUQQBO12A6D4FAE31,SOVHTGK12A6D4F8A2C
SOMYTMK12A8C13DE94,SOTLTKQ12AB01861C9,SOVGYQM12A6D4F752E
SODVWXG12AB018769E,SOEKYTN12AB0187689,SOYWPNH12AB01809FB
SOCOPXW12AB017C1AA,SOBWVPD12A6D4FC231,SOQNVTX12AAF3B13D0
SOJJIKA12AB01880F1,SOWJWBC12AC96182F8,SOWDBUH12A8C138B73
SOGNXKI12AB018A941,SOKUVWC12AB017D6E5,SOOPHLF12A8C1332DD
SOQFFRN12AB0183C34,SOPMWIJ12AB0183C48,SOFRYYA12A8AE47A2D
SOZSSCO12AF72A554D,SOEMFLG12CF530D4F6,SOEBXBQ12A8AE47F49
SOHCVFZ12AC9072B54,SOUZMDN12AC9072B10,SOKTFBG12AB01805FB
SOGOJII12AB017C0B2,SOHYFLR12A6D4FA3E2,SONHXUK12AC9E15B85
SOMWXMU12A8C145901,SOGYMYF12A8C1438B1,SOGVJNV12A8C132B9E
SOAPMAI12AAF3B2CB9,SOCUTLY12AB00F59C3,SOTVAFQ12A81C22D3B
SOYQNNE12AB018A91C,SOTNEEA12AB018A916,SOYCLVO12AB017B630
SOINLKW12A6D4F8F83,SOETIGS12AB0186644,SOFRBDS12A8C13CAA9
SOOVCXL12AB0181446,SOKXQWL12AB0183974,SOLWDED12A8C13B82F
SOKWGBG12AC4685CBC,SONXHGK12A8C141541,SOATDYE12D02190252
SOLLNRI12AB0187563,SOKUYYD12AB018C5E3,SOFZHXD12A6D4FA2C2
SOKMXVW12A8C139402,SOAACFC12A8C140567,SOITRZN12A8C134E5B
SOLPYAZ12A8C131225,SODVGJY12CF530E5E4,SOOSXTS12AB0184C2C
SORLTAN12AF72ABBFA,SOZZAPM12AB01873DA,SOLYFEM12A8AE4836E
SOVGVPY12AB018668E,SOGDPQA12AB018B0FC,SOWBUVU12AB0180787
SOBTUXJ12AC3DF9261,SOIJFIS12AC3DF9261,SOTQMEG12A58A7B8BC
SOALEHA12A8C13ECB3,SOGQTRZ12A8C13C8B0,SOSAYLH12AB018B106
SOZAVWB12AC46880FD,SOMTDDB12AB018CA6C,SOHOLTI12AB0180938
SOACZGF12AB0187559,SOCFWXA12AB0185542,SOXUCKJ12A8C13CB75
SOOJUJY12A6D4F9AFD,SOTTKFE12A6D4F9AFE,SONYCWH12AAFF437E3
SOSVQXV12A6D4FD6A2,SOFDXWE12A6D4FC327,SOZFCIB12A8AE48D02
SOBWAGJ12AB0185883,SOFZIRY12A8151AE36,SOABROK12A6D4F59E5
SOERWEA12A6D4F4CB8,SOJDURH12AB018847F,SOUZEGO12A58A7E6AF
SOLEFXD12AC3DFA062,SONQCXQ12AB017BBAE,SORGKBN12B0B8076D4
SOSYYZK12AB0182B1D,SOJBKCD12AB0182AE3,SONRJAB12CF57023B3
SOZQWJK12AAF3B425C,SORXWXC12A6D4F87B3,SOIQMNX12AB0181898
SODSOFW12A8AE47950,SOPPRLV12A8AE47975,SOISPBI12AB0187873
SORTQBK12A67ADF33C,SOPXJHT12AB0187228,SOYWPDQ12A8C131481
SOOZCMB12A8C1402B6,SOYSUPX12A8C1402C8,SOEODOC12A8C135BC2
SORSIBU12AC468E2E3,SOGFMCG12AC468E4F1,SOYTSKQ12A8C1373B4
SOIWNRL12A8C13BA13,SOCVDUF12A8C13BE9B,SOKXAKV12A8C137668
SOFNXKS12A8C14057D,SOAXHRH12A8C13C5FB,SOENCLV12A8C133110
SOCIUKE12AB0187EB3,SOQKJWC12AB018715F,SOMEZEU12A67AD86E8
SOPULCW12A8C134F41,SOOFLJN12A8C1440B9,SOELIHM12AB017CE54
SOUCDYU12AB0181DE9,SONZGST12AB01873B3,SOKAJCZ12AB018B056
SOCXFQM12A8C13AC28,SOCYAPR12A8C13B692,SOJFRNT12A6D4FA2DD
SODGKWB12A8C13F612,SOLRAOA12A8C14067C,SOOLLNC12AB018901F
SOKSPST12A6D4F9490,SOYYAIQ12A8C13E1F9,SOPOIWM12AB0181B35
SOLEFXD12AC3DFA062,SONQCXQ12AB017BBAE,SOZZEXN12AB0184E54
SOYGJEK12AB01847AF,SOSGXWH12AB01862A1,SOLROLP12AB0184558
SOMBYVD12AB01884BE,SOXWHXX12AB018E307,SOLSYJA12AB018810D
SOXYIWC12AB0182A8C,SOEPSWX12AB01853CF,SODEDAK12A6D4F8163
SOKBICE12A8C1396BB,SOPTHJB12AB01801F5,SOLVSGJ12AB017C67B
SOVYPUO12AB0183E05,SOFCLVQ12AB0183DF9,SOOQODB12A8C13D264
SOUSXRA12A8AE490AC,SONNDRB12A8AE46705,SOSKSNF12AC46897EE
SOCVINZ12AB0186F7D,SOUREKF12AB0182B48,SOKGDOX12AB01858CB
SOUPTFE12AB017DA4B,SOKYGGU12AB01836E0,SOTWJNY12AB018B214
SOPWLNM12A8C130708,SOHXCVV12A8C131BFE,SOVEQTQ12AB018DC21
SOTWTSO12A8C142128,SOJKDEC12A8C131E8B,SOBFSMG12A6D4FA344
SOASZCO12A8C138A0A,SOFRBVQ12A8C1389DD,SOJYSOQ12A8AE47381
SOZMUCI12A81C221FE,SOPUVJY12A58A7A8B2,SOKKKMP12A8C138CBD
SOKQSXN12A6701D935,SOCOGPZ12A6701D924,SOIUPVP12A6D4FAD67
SOHWGUM12AB0186B87,SOSQCCK12AB0186B7C,SOXDWHZ12AB018448C
SOABXON12AB0187956,SOOMHZS12AB018794F,SONPCUI12A6701EA55
SOACRBY12AB017C757,SOOCVLE12AB0184DBC,SOLWNZE12AF72A6208
SOJAQGB12A58A7AA08,SOKFEUG12AB017E353,SOCVTPO12A8C13414F
SOPJCRH12AB0188ECE,SOAHSLC12AB0188ED1,SOXYQDH12A6D4FDAA7
SONUAMN12AB017C683,SOIHDHD12AB017C6A3,SOQDBNE12AB01852A7
SOUUSPT12A8C13A109,SOTGNRH12AB0189930,SOLQBAW12AB0184198
SOBASZR12AB0188D8E,SOAQLJU12AB0185B2A,SOILNXR12A67ADE63C
SOPMDZJ12AB018C420,SOQAHLN12A8C13F853,SOHCOFB12A6D4F75AA
SORRXCI12A8135828A,SOQBIEB12AB0187D27,SOUJRYP12AB0183AE4
SOLSBAK12A8C1391F9,SOYMYBX12A8C1361E0,SOWKZVC12AB0186C0A
SOPPEBK12A8C13B9CE,SOFWXNQ12AC3DF5F8B,SORUCCJ12AB017D30A
SOAIAAF12A8C138374,SOWEDAB12A8C1383A9,SOMWYRR12A8C143501
SOGNYGR12AC468766A,SOQMBJA12AB01872B2,SOLSLTL12AB018391A
SOMWFVO12A8C134A7F,SOOWBSY12A8C13807B,SOZCHTH12A8C13F312
SOFQAZF12A58A7EE50,SOALFUO12AF72A4B98,SOATRQD12AB017DEE3
SOLGHDZ12AB0183B11,SOZAPQT12A8C142821,SOMFSJZ12A8C13358D
SONQQCW12A58A7963B,SOJOFOD12A8AE46FC3,SOOWRZN12AC468AC5D
SOQSLWS12A8C133FF6,SONAEFF12AB0184072,SOGMMCF12AB0185968
SOLJSQF12D02199154,SOPMFLZ12A6D4F9D3A,SOFYIZF12A81C1FF4E
SOVWMUR12A58A7AB4E,SOALVJW12A6D22824D,SOIHSCB12AB0186267
SOMHFSD12A8C13496B,SOXKQKC12A8C134975,SOIRDJV12AB0181B74
SODYDJK12A58A7B863,SOCLXAC12AB0185B3C,SORXPNQ12A6D4F9317
SOMUDDO12A8C13AE6D,SOBQCSC12A8C136A31,SOAVBMD12AAF3B440C
SOLUIUU12A8C13BA59,SOGCKDA12A8C13A3B9,SOFMOWZ12AB017F3B7
SOAAXXH12AB018CAD8,SOXPAKR12AB018AB42,SOGMMAD12A6D4FCA14
SOIOIPW12A8C1412A9,SOZWEJT12A8C1412C8,SOZFTBV12AF72A2C68
SOEIQWU12AC3DFB5D8,SOACJLB12AC3DF6D43,SOBJNSW12AB0180985
SOPFEAW12AB0189A7D,SOVALOX12AB018607D,SOLGUSQ12AB0182768
SOBQSBL12A8C1390F2,SOHGAJZ12A8C136BEB,SOKCMPZ12A6310E886
SOIMVKI12AB018827B,SOXXUWY12AB01815D7,SOEGJPY12A8C134B1B
SOHSEGN12A8AE48FFC,SOFHNYA12A8C143302,SOJBXXB12A6D4FBB39
SOFTJHT12AB0180955,SOVFFVM12AB0186705,SOHKXRA12AB017CB5C
SOAGIPB12AB0181E21,SOITAJG12A8C132B26,SOAMZTS12A81C22FA8
SOVJHFQ12A8C13BBF1,SOSMURO12A8C13BBFE,SORNAKH12AF72A1FDE
SOPHUOP12A8C1406F7,SOAHZSF12A58A7662E,SOWDPKB12AB0185629
SOXSFEO12AB0188D4A,SOYCJTN12AB0188D65,SOARTHE12A8C134F1C
SODKOQO12AB017E555,SONAARK12AB017AF1F,SOVQUOR12A6D4F93A1
SOLKJHQ12A8C142B93,SOMAYRT12AB018EB54,SOHSJUO12AC468944B
SOBLUQR12A67021450,SOFYIZF12A81C1FF4E,SOKVJQB12A6D4FD0CE
SOQBLCB12AB018D6A5,SOOWJFS12AB018D69C,SOJKVWF12AB018403F
SOIYEQD12AB018AD99,SOIZQDQ12AB018AD8E,SOYEKJU12AB017E7F8
SOXZFUQ12A58A763DA,SOPYAJA12AB018D010,SOCAVSX12AB0188973
SOYMARM12AC907592C,SOXOWIB12AC961878C,SOHCPCO12A6D4F7B2C
SOLANWU12A8C141D4D,SOCGURJ12AB0182AEE,SOJUKNJ12A8C1395D5
SOXZGFK12AB0182F47,SOPQJWP12A670212C5,SOIJFIS12AC3DF9261
SOAQWLF12A81C20529,SOEBNGB12A81C2051A,SOHDMOY12AB01882CE
SOIXZRZ12A8C13A2C2,SOPRFIF12AB01867F4,SOEIMHH12AB0180A6B
SODVBYC12A8C135241,SOHZDKK12A8C135215,SOGDTJU12AB01879E3
SOMXBNG12A8AE46E32,SOWOZLR12A8AE46E3C,SOMCSDR12A8C135024
SOBNWPN12A67ADD8F0,SOLGJDQ12A8C1312BB,SOHDSGQ12A8C141B05
SOMLMRZ12AB017D510,SOEYIHF12AB017B5F4,SOMYQHF12AB0182995
SOJEDWA12A6D4F7F96,SOFSXEW12A6D4F8BA5,SOZXZPX12A8C1315C0
SOMAPYF12A6D4FEC3E,SOLKQAF12A8C1386B7,SORIACJ12A6D4FC4EF
SOHSRGI12AB0182F14,SOUNQKH12AB01858E4,SOUUWBK12AB0182C9E
SOPPBLS12A8C1364E2,SOYOJMT12A8C13159F,SOMHPHC12A6D4F918B
SOSKQWN12A58A7D155,SOJOBVT12A6701E062,SOKROYY12A8C144511
SOGTAQT12AB0187328,SODVEEU12AB018CB92,SOROFXO12AB01813A3
SOHPOIM12AB0179D57,SOHBMQD12A67ADAB3E,SOYYFCM12AB018536D
SOIJWMK12AC9073334,SOEDKVK12AC468B6B5,SOVDFAM12AB017C2A1
SOFVVWJ12AB0183B6A,SOLUCSP12AB0183B9E,SOTWVWU12A8C142E49
SOGVKRE12AB018296E,SOXBWOG12A8C138A74,SOWEZBD12A6D4F8143
SOWARJB12A8C1410C6,SOAIFNO12AB0184E2D,SOAXGWR12A8C1386B6
SOIMULA12AB0181A62,SOIEBHY12AB0181AB3,SOANSYG12AB0187C57
SOYRMWG12A6BD51A61,SOUBYCL12A81C22869,SOBWEUA12AB017EBA4
SOCJFRN12A8AE459BF,SOMNNMY12A8C13247F,SOCVDUF12A8C13BE9B
SOWVIBF12A58A78921,SOHBFVF12AC468D8EC,SOITZQI12A8C1336CD
SOPESRK12A6D4F8B92,SOVQPMO12A6D4F8B8E,SOIGXJX12AB017DE33
SOBZZEQ12AB018802D,SOVFFIH12A81C217E6,SOJBXHS12AB018285A
SONXNLN12A8AE45A94,SOGGFEF12AB018A0F2,SOGHDRL12AB0181688
SOCBHZK12AB0180631,SOEOQIK12AB0180654,SOZJYJO12A58A79493
SOLENZV12AB01868D1,SORYDUB12AB0186EAC,SOIFETX12AC4689BC0
SOKPNNH12A8C13F86A,SOOMNUO12A58A7D199,SOPYPCN12A58A7A856
SORUFQL12D0219AB32,SOEURCH12AB0182980,SOLXXUC12AB018A397
SOHYVTD12A8C130A40,SOVTZTF12A8C130A1A,SOOQXIM12AB018D123
SOGYBHP12AB018ED4C,SOBEVGX12A8C134380,SOJSOLN12A6310E2BA
SOZDPUG12AB0187FC6,SOXGLDU12AB0182C23,SOTPLEJ12A8C13BE58
SOYWXIK12AB017C22B,SOBYHEB12AB01877E6,SOTURHB12AB018691B
SODVJID12A6D4FB5B3,SOUGFJX12A6D4FA846,SOVPUUR12AB017BA6F
SOVZVYC12AB0186E17,SOTCFKS12AB0186E1A,SOVVRWX12A6D4FD2BA
SOOMGJA12A8C132876,SOQWTLY12A8C1405AE,SOZFIIU12A6D4F7A12
SOIDGWS12A8C13F0CF,SOHXTJN12AB0182360,SOXLKXC12A58A804AB
SOUJJVZ12A8C14222F,SOUIKCB12A8C141EDF,SOCDABA12AB018AA60
SOBKSND12AB0183FBD,SOUJOSM12AB01832C6,SOJHWJB12A8C13650E
SOKHFOD12AB017CC40,SOFTYEM12AB0184168,SODASBS12AB01821C6
SOJAAZY12A8C133849,SOABNVJ12A58A7E7FB,SODVOJO12A8C1388A8
SOLLNSS12A6310E2CA,SONOOQK12A58533A67,SOXNUGJ12A6D4FAAC7
SOMKDEK12A8C1415A7,SOXGIXA12A8C141395,SOKESNV12A8C139F86
SOOPHLF12A8C1332DD,SOMGDOR12A8C133312,SOHYLQX12AB017F86F
SORZUVX12AB017BDCB,SOIDULJ12AB017BDBA,SOSJFHQ12AAF3B2D2A
SOMOLKC12A8C137DD6,SOAVCNL12A8C1439DF,SOYJVPZ12AB0182993
SOVEKOC12AB0187262,SOBNGWX12AB0183AF2,SODGZLK12A6D4F9791
SOVCJCE12A8A9D59F4,SOIXFFL12A8BED74A0,SOHMFIQ12A6D4FCDC9
SOAHCUU12A6D4F93B2,SOTURHB12AB018691B,SONRVWD12A8C13388B
SOYLIKY12AB018DAAB,SOHZJIH12AB018B3B9,SODZYPO12A8C13A91E
SOIQVOE12A6D4F8B0E,SOAADUU12AB0183B6F,SOBAFTJ12A8A9D979B
SOLXZKA12AB018CB33,SOQKSMI12A8C13EB2C,SOFVDNZ12AB0184B07
SODYTSW12A8AE46FC7,SOHUBYW12AB017D5E5,SOVOSQB12AC468A609
SOIOHGI12A58A7A953,SOIANZH12A8C138AA0,SOIUTCL12AB0188849
SOWGDGL12AB018627F,SOMJCNN12A8C136B78,SODSIZV12AB018A3AB
SOVRJQI12AB0183C6B,SOSPMPH12AB01849F5,SOAURIO12D02197DD8
SOOEVDT12A58A7D32F,SOQJQNA12AB018128E,SOYHQFQ12AF72A1440
SOMQELK12A8C13CC1D,SOLKIHW12AB0185AAE,SOTPFBX12AB0184CDB
SOXHYEH12AB0187FF4,SORVXFP12A81C22116,SOACCRN12AB01855AD
SORWDCM12A6D4FC397,SOXOUJH12A6D4FC39B,SOXUDLB12AB0185EAA
SOANHCK12AB0182623,SOBUXON12A8AE493EB,SOKDKFM12A6701D10B
SOXKVPZ12AB0186982,SOBNWUY12AB0185F14,SOMHVVV12AB01800F1
SOGJYCV12A6D4FCDE4,SOIUVFV12A6D4FA1E6,SOKCTOO12D02193F29
SODUZGB12AB0181E92,SOCVSIF12A8C1323B1,SOFKTPP12A8C1385CA
SOHJXAC12AF729FCDA,SOQKSLT12A6D4F888C,SOBEBKC12A8C13E6FA
SOWIEEH12AC468C6C1,SOZTDIN12AB018AAD1,SORLQLI12A8C1373BB
SORZUNR12A8C13B201,SOJMUUQ12A8C1388BB,SOYFLXJ12A58A77801
SOHVQGL12AB01810AD,SOYIUJK12A8AE46346,SOIGIVK12AB018E9AA
SOAAQJI12AC3DF63A6,SOCZDXN12A8C13BB63,SOFCJUA12AC960A4C6
SOXOZNO12AB0186818,SOXGJQQ12AB0186812,SOHOIUZ12AC4687424
SOUKLIL12A58A7B7B7,SOQVCUR12AC46861CD,SOUDHWL12A8C133F15
SOQDMXT12A6D4F8255,SOHLMNH12D02197768,SODKHQC12AB018A3E0
SOHZNER12AAFF43D08,SOODIJF12A8C13FDBB,SOKHJSC12A8C14016E
SOOJTJU12AB0184C22,SOZBPDJ12AB01841C3,SOEAUXQ12A8C137881
SODYIOV12A6701FD17,SOORMRG12A6701FD1F,SOMJBZK12A8C13A2B7
SOKTFBG12AB01805FB,SOMYIUG12B34F1EB72,SOXSAFL12A8C1380C3
SOGRWFX12AB0189A18,SOUYMFA12AB0189A53,SOQHGWW12AC3DF5A25
SOIQNIL12A8C132A0D,SOBAPXQ12A6310F2A1,SOEVQOI12AB018B8EA
SOVAZYS12A8C14091B,SOIRMFU12A58A799F7,SODKAOW12A8C13BDC6
SOGINAY12A8C138666,SOCIFIF12A8C1378E5,SOZOTHE12AB017C38A
SODKUTW12A6701F50E,SOGWCNT12A6D4F8D9F,SOJZSHY12A8C137A17
SOMSXGC12A6D4F962D,SOWMQNJ12A8AE471EE,SOVJFTQ12A8C13D7EB
SORILKO12AB018330F,SOMKVLU12AB0183326,SOCGDAB12A6D4F6125
SORHFDN12AC9E12650,SOOIWUA12A8C137460,SOJHNYL12A67ADD743
SOBSEFA12AB017C3DF,SOOIKRG12AB017C40F,SOTTBXU12AB0189281
SOPIFCF12AB01807EA,SOOQRAJ12AB0186175,SOETTYL12A6D4FAD2D
SOYXCOI12A8C1421AB,SOIKIJC12AB01839D1,SOVTZVQ12A8C138429
SOFTQEY12A8C13B3B5,SOWGQWX12A58A7CFB6,SOJQMPN12AB0184341
SOUREKF12AB0182B48,SOCVINZ12AB0186F7D,SOMOREW12A8C135368
SORTBWU12AB017CC09,SOKVYHL12AAF3B48A5,SOHTPNA12A8C140461
SOXSNIW12AB018681A,SOOGPJF12A8C13F9EF,SOBWDPL12AAA8C5AB5
SOUAFIJ12A58A7CC67,SOFMZFX12AB018437A,SOSGAMK12A8C1446AA
SOWXCTI12AAA15D209,SOONVYU12AB0187F8E,SOWYTFW12A58A78BE4
SOUTSSZ12B0B80854F,SOYEZUY12A81C21610,SOJUDLR12A8C137DDC
SODSWGN12A8C145016,SOMHMYK12A8C145007,SOWHDPO12A6D4F899B
SOFWDXB12A58A7E141,SOISVLX12A6701F5FE,SOASMIK12AB01844F1
SOJBXXB12A6D4FBB39,SONRHJA12A6D4FB6E6,SOYWFWL12A6D4FE07D
SOZNRAQ12A8C13B2CF,SORQBYE12A8C13C89C,SOMYTEE12AB018E501
SOSWAKR12AB017B202,SOIITOF12AB017B187,SOSHESM12A58A7CB90
SOKCJLP12AB0186E2E,SOLGEYB12A8C133BE6,SOIMNDG12AB018323C
SOLOHII12AB0184E6A,SOWUOEC12AB0181E40,SOQMRWI12A8BED0308
SOLUIAF12A81C20616,SOFLKLL12AC468B353,SOQCTJN12A8151DD96
SOLMKGN12AB01846AC,SOSCDXD12AB018708E,SOEHFRI12A58A7EA25
SOKDUHV12A6D4FC256,SOEPTKX12A8C13FEE4,SOXPAKR12AB018AB42
SOOTFBM12A6D4FCD69,SOPTEDP12A8C139E74,SOYKEID12A6D4FA436
SOXUPIP12A58A79B14,SOJIZPM12A58A7B9F1,SOZOBVZ12A6701DEF4
SOWCHDR12A6D4F6AD4,SOCMKBY12A6D4F6AE2,SOISGUV12AB01832DF
SOCXKRO12AB0189FC1,SOXUSYC12AB0186290,SOCKBOQ12A8C13F68E
SOBGCQV12A8C1339D1,SOZRYBT12AB01806F8,SOREPDA12A8C13FFE9
SOAPMND12AB018A272,SOKOJXJ12AB0186E24,SOESAWL12A81C1FCC2
SOXIXMQ12A8C142026,SOZPXDE12A58A7E24C,SOQURWH12AB017D5A9
SOPAITG12AB01818E4,SOWYSHC12AB01826C2,SORORSS12AB017EC81
SOOHLZM12A8C1352BF,SOZRKKG12A8C13719F,SOPASFP12AB01850F3
SOZFZCT12AC468C51F,SOCWPIN12A8C13FBE3,SOYVXXE12A81C23333
SOENOCP12A6D4F8C46,SOZOTHE12AB017C38A,SOMMXAD12A58A76FBF
SOZMERB12A8C1409B4,SOLYBGV12A8C140995,SOHDMOY12AB01882CE
SOHVNDA12A8C1382B1,SOSSNGR12A8C137FB9,SOMAJWB12AF72A6875
SOESGIR12A8AE4855D,SONHURK12A8C131104,SOLPLOM12AB0179F24
SOGWZBN12A6D4F6AB2,SOJMUAN12AB0183911,SOELUSF12A58A7A7D2
SONERDT12AB017EE72,SOVEVEW12A8C13D5A6,SOMZSKF12A67021446
SOKMRWW12A8C142EC9,SOLRCOC12A8C1419EC,SOKUFTL12A8C14082D
SOBEBKC12A8C13E6FA,SOFFDQG12A6D4FD9A5,SOCFWPA12AAF3B6014
SOPSAGM12A81C22BE3,SOEPPWO12AB0180881,SOMEVZJ12AB018F1CF
SOQFFRN12AB0183C34,SOPMWIJ12AB0183C48,SORKRKK12A8C13C12F
SODDPYN12A8C132735,SOCKVDU12A58A7CB2B,SOOHLQI12A6D4FBD34
SOXNUWK12A8C140027,SOYGEQE12AF729A51E,SOEUSWR12AB01886B9
SOUDZAX12AB0189771,SOIXWEU12AB0189778,SOBBOFW12A8C13E2A9
SOQBLYE12AB01804E9,SOJPHOO12A8C13F9B7,SOORWVR12AB018D00E
SOEWHUG12A8C145650,SOYDTGN12A58A77427,SOGKKYT12AB018185F
SOLJPLD12A8C1376F8,SOVQGCP12A8C13FCA5,SOHPWUL12A6D4F93B1
SOWLLXC12AB0180FFE,SOAYDWV12D021B3BD0,SOOWUWR12A8C13A62C
SOXMWPM12AB0185A0A,SORFQCM12AC3DF9530,SOTUGEK12AB018BE28
SOARKTN12A8C13BE3D,SOVNOTB12A58A76A76,SOCIHFU12A6701E5DE
SOKZYFQ12A6D4FCE96,SOLPPNA12AF729ACEC,SONNLKB12A6D4FB14D
SOMJJYN12AB017F0BB,SOUPOOE12AB017FC1B,SOLNMWP12AB018C883
SOOQYGD12AB018C614,SOPHGFZ12A6D4F98A1,SOWWQPZ12AB0188BB0
SOXJKWH12A8C145B92,SOWOLUH12A8C13744C,SOZEQVC12AC468E38B
SOWZQLG12AC468D9A6,SOZSYBN12AB0181F75,SOLJRFT12A8C144187
SORYUTI12AB018885E,SOTNANN12AB019000F,SOFKDZO12A8C13DD5C
SOEVMNT12A58A796E7,SONMCNM12A58A7DD9B,SOKRBIR12A8C12FF4B
SOLSMOM12AB017FEFB,SOSANVY12A8AE484C9,SOUCPDS12A8C14368E
SOTJXAQ12A8C13E0C3,SOVCUSA12A8C13FB1F,SOHHYWP12AC3DFB61B
SOTMODD12AC3DF4C13,SOFVQGA12AC3DFA95D,SOVTFGQ12A8C143E1F
SOXGQFU12AC468E18B,SOYQOWF12AF72AB280,SOYMPFK12A8C141D1A
SORDDBO12A58A7EE4B,SOVWFNE12A8C13FF36,SOTUBOA12AB017E8B5
SOCDHEA12AB017E936,SOEFLMN12AB017AE97,SOIBHYW12AB0188F49
SODSIZV12AB018A3AB,SOSAVBB12A8C13D255,SOHGTXY12A6701DD2F
SOCLHYJ12AB01820D4,SOWVVYJ12AB018767A,SOHVUCD12AB017F5E9
SOFBIME12AB01898AB,SOBDEHK12AB01869EB,SOEHCMO12AC4689A22
SOXVMRU12AB018A7DA,SOZFUSK12AB01827F9,SOTVNSF12AC960D9CD
SOYXJZO12A58A7ECA4,SOHNNWT12AB0181F1A,SOYOBLW12AB018826F
SOMKTRO12AB017DE4D,SOKEOPP12AB017F799,SOGAISJ12AB0180168
SODJOWL12AC468D389,SOXLNHY12AC4688B63,SOOSALG12A8C1352AD
SOYKTQM12AC468D0F9,SODUQPC12AC468D0FA,SOMFBMB12AC46898EC
SOGPAIN12A8C13C439,SOPKDLL12A8C13C442,SODGGKP12AAA8C6B42
SOYGYXG12AB0186BC8,SOIMXUF12AB018CE43,SODWDAK12AB018BC6A
SOPBQVG12A8C146BCE,SOZONRX12A8C1331CF,SOKPPAU12AF72A5AA6
SOYDVOE12AB0180ABB,SOJVYGS12AB0180AB8,SOEJBBP12AB017F03E
SONQTZF12AB0181781,SOIUJEF12A8C13C878,SOVZNLL12A8C1434CA
SOCYCOU12AB018E69F,SOLBDAS12AB018BB6E,SOJWAXL12AB0182DA5
SOSMPEJ12AB0180194,SORHMLN12A6D4F6D38,SOYNBUO12A8C142FFD
SOVPIUN12A6D4F8F1E,SOEZDAP12AB0184409,SODDONJ12A58A7E222
SOOHYFC12AC468E19C,SOHBVFY12AC468E181,SOPBZTQ12AB0183040
SOJLTEX12AB0184688,SOMRPXI12AB018788D,SORXUZT12AB018AC61
SOYOMCS12A8C13A416,SOKSDKL12A8C139F22,SOQLWQT12A3F1ED117
SOMNWQN12AC90754DA,SOFSZUD12AC95F0253,SOAWEPH12A8C13893B
SOCHFLG12AB0188124,SOFDUWV12A8C140DFE,SOQJQNA12AB018128E
SOSACSU12A8C145261,SOGTFPU12A8C143510,SOILXVI12AB018A512
SOEEESC12AB01835B1,SOBWVGX12AB017BD87,SOKLUQJ12A6D4F9E48
SONOEDB12AAFF41629,SOIOKCW12AAF3B4C14,SOKUNPN12A8C13F34F
SORTRUL12A6D4FA12A,SOBLOJA12A6D4FA128,SOMAMRQ12AB0180CEC
SOTCXIY12AB0183D7A,SORWLOJ12A6D4F871E,SOPPVFF12AAF3B309F
SOPXOYP12AB01883DE,SOQWDSR12AB01850B6,SOCSLOR12A8C136EEE
SODVZPS12A8C130D57,SOUJIHX12D021B3123,SODZAUK12A8C13F92F
SOEWEVP12A8C13A82B,SOJFOWZ12A6D4F65EE,SOJJIKA12AB01880F1
SOIVTWJ12A6D4F7346,SODSBJS12A58A7A956,SOBGWIG12A6D4F6329
SOUXLVX12AB0180AAB,SOBWTSQ12AB0184AA8,SOYSHEB12A67AE0883
SOXTXUA12AF72A8963,SOKXBSO12AF72A8B23,SOTAGIH12AB018152A
SOKSJHV12AF72A3F71,SOCJESK12AB01872B9,SOPUQFS12A8C13DE1E
SODNCCK12AB017D50D,SOSONLD12AB017D500,SOFHDIY12AF72A6100
SOOUUAW12AB0187CFD,SODPOTV12AB0187285,SOYGLZC12A8AE44B98
SOTGDSC12A8C1365F0,SOBTGBJ12A8C1393AB,SOOMECA12A8C132878
SOLVXXT12A58A7AFCA,SOXZZUV12A58A7CAA9,SOJWGDD12A8C141DD0
SOCIBEJ12A67020453,SOKWYVA12A81C21BB2,SOKANNU12AB0183D18
SOPCXMX12A6D4FA0A8,SORFQJP12AB017D735,SOVZJCG12A58A79527
SOVPVDA12A6D4F6B37,SOAOETG12A8C139985,SOBEWIS12AB0182D75
SOCVXHE12AB018655E,SOAEWDQ12AB0180EDC,SOHBKHS12AB01831EF
SODSNWV12AB017D967,SOENLQV12AC90752C6,SOWDANW12A6D4F670A
SOZJDWJ12A58A78D12,SOGNKOW12A8AE47643,SOSJCRJ12AB0182918
SOEQLSN12A8C134BDA,SOWUSJT12A6D4F8828,SOEUFKR12AB01898B6
SOMMTIX12A8C139A75,SONUSLF12A6D4F7769,SOARMYR12A8C1345EC
SONCRPK12A8C132226,SOIPGZG12A8C133E33,SOPPACU12AB017EA7E
SOVOTBC12A6D4F696A,SOPHMAS12AB0186B88,SOYYJUQ12A8C1365F1
SOWGUCG12AB01864F5,SOCKUSH12AB01864C6,SOPTQSV12A58A7B5B9
SOHDPSW12B35058707,SORSEUE12AB0183D3D,SOYEYAO12A8C142033
SONFQFL12A58A7BD6A,SOJAYEQ12AB017C081,SOGQGXM12AB01844BA
SOARMUU12AB018DF1E,SOJQVFD12A58A7D501,SOBMHTY12AC9097B7C
SOFBEBY12A6D4FC45D,SOGLTBW12A6D4FC450,SOBZCAE12AB017F002
SOPTPNM12A8C136AD3,SOXLIDG12A8C139D77,SOYOLMW12AC468A000
SOHVQKI12AB01842F7,SOPTBIG12AC3DF615C,SOALOAI12A8C135D67
SOGEVQD12AB01868AD,SOGNRDZ12AC3DF7EB2,SOTMSNC12AB018D09A
SOAAMLZ12AB017E3A6,SOVYJBW12AB017EEC1,SOBJHKK12A6D4F928A
SOITMUQ12AB017DED6,SOVANGU12AB018AFF5,SOHQFOT12A8C130DA9
SOWFCTI12AB018878D,SOGKTPC12AB0188795,SOAMVTM12AC468B804
SOJVSVF12A8C133ADA,SOXBJBB12AB01815E5,SOCQLGE12AB018216C
SOVTNNM12A58A7828B,SOQVCHK12A58A7B6D8,SOALKSA12A8C140F94
SOICHPE12A8C132625,SOTKAFN12A8C136138,SOHTWMI12AB01859D9
SOOKLOY12A8C1345F2,SOARRXP12AB018081A,SOWISRQ12AB0188186
SOINIWW12A8C141DA9,SOLNMRI12A6D4F82C3,SOKKKMP12A8C138CBD
SOZGSVC12A8AE49D61,SOOYLVT12A6D4FA108,SOIBKDK12A8C1326BF
SOWUHHA12AAF3B26AA,SOPWKWV12AAF3B4AE4,SODKJNG12AB018F52D
SOCKMFU12A8C13C911,SOODGAM12A8C13E84C,SOYINCZ12A8C140174
SOGBFIV12AB0182F24,SOIUCHI12A8C14018C,SOYIDBH12AB0189D60
SOYQOXD12A8C1425D9,SOSSMPC12A8C1421CE,SOXATOP12AB017ACAE
SOIMQSC12A8C1344C4,SODHPGT12A6D4F781D,SODJMTQ12A8C13A032
SOIOUIR12AB017ED30,SOKQNQT12A8C134DFC,SOJGNJV12A58A7ED7C
SOTLHGM12A6D4FC104,SOFWNKU12A8C13F57D,SOFQJNR12A67ADE64E
SOKJSKM12AB017F087,SOYLMGR12A6D4F7A89,SOLIMAP12A8AE493DE
SOHZTQC12A67AD852E,SOWYCWG12A81C1FAEA,SOIAJUT12A8AE4888C
SOOTNYO12AB017D3A2,SOTKXFS12A81C21622,SOWNOLS12AF72A417C
SOAGWRC12A8C133B61,SOPLBIY12A8C1326A8,SOJBARE12A8AE47DAA
SOWNCPD12AB0185F83,SOZTRCD12AB0185F85,SOMIPLK12AB017C7B2
SOZTXJF12AB017F0D3,SOPYLWU12AB017F4F0,SOMKNDC12A8C13AB14
SOGERRL12A8C139E2C,SOXAMCL12A8C139E2F,SOPELZR12A6D4FE515
SORMFHE12AB018A235,SOGNSDE12AB018A247,SOAYCEC12A58A79947
SOMSQHR12A6D4F51CE,SOYFLYQ12A8C1324FE,SOQDUIS12AB0184557
SOICIZT12A6D4F6751,SOMPLTA12A58A7D02A,SOBRSSS12A8C1340B8
SOPXFIS12A6D4F4A51,SODEDAK12A6D4F8163,SOFIYHE12A81C212D5
SOACHYL12A58A80E1C,SOGPUOJ12A6D4FA654,SOZBFWB12A8C13E36E
SOZEHJM12AB01893B3,SOUZYQO12AB018939F,SOSLPDT12A8C14273C
SOUBBDV12A58A7C2B2,SOZEUQV12A6D4F6C89,SORZQCH12A8C13EE7A
SOKCIKB12A6D4F9069,SORPIXC12A6D4F9078,SOVLEOX12AAF3B4653
SOCOVNA12AC3DFB229,SOANKVT12AC3DF8070,SONXVID12AB01883FD
SODGNDF12A81C2055D,SOEBIQT12A6BD511DB,SOETFHV12AB018C514
SOKZGOR12A8AE46C6C,SOUQGNA12A8C13897B,SOCXMVV12A58A76D0B
SOTJZBJ12A8C143A71,SOMRBBO12A8C13F67B,SOXDMCY12AAFF41ABA
SOBKVKN12AC90731E6,SOSMIPU12AB0185806,SOXWVHD12AB017F15E
SONILSQ12AAFF42BD6,SOKTFSC12AAFF42BD1,SOULZBX12AB0182DDE
SOMJZOZ12AF72A228D,SOJNZPK12AC3DF511D,SOGCXME12AB0184041
SOAFJWE12AB01837B3,SONYHUC12A8C13B90E,SOFAOOG12A6D4FACE4
SORCOSA12AAF3B289D,SOBELZJ12AAF3B4427,SOKHSQZ12AB017EC54
SOUWQYP12A8C1373F2,SOARFDK12AB01826E6,SOFSKRS12A8C13B208
SONYYQH12A6D4F6ED4,SOJJOSJ12A6D4F6ECA,SODEPKV12A6D4F734B
SORHWKV12AC468C14E,SOPXBSC12AC468B02F,SOPRGBU12A8C1373E5
SOJAHMC12AC9075A54,SOQBSED12AC9071BAE,SOOYAAE12AB01892C1
SOPVXBO12A8C134F13,SOJYVOM12AB017F1D4,SOKVCIT12A8C13756F
SOBVYDM12A6D4FD7F8,SOPFWVC12AB017BDF9,SOHNVFI12AB0181AB1
SODPBUM12A8C142299,SONLCCI12A8C140225,SOOPACQ12AAA15D760
SOHPWOH12AC468DF57,SOOFWBB12AC468DF67,SOMNGVL12AAF3B3D1A
SOQTEBF12AB0180E05,SOCVDDL12A6D4F9A6C,SOKCXSM12AC9075234
SOJYPBE12A58A7A994,SOIPGMQ12A6D4F8A10,SOAAXYX12A8C133B77
SOAWVZG12A8C1443A5,SOFCHBZ12A8C142084,SORETTD12AF72A3301
SOBUQCD12A8C132DC9,SOVINQU12A8C1321BF,SOGOMXN12AB017DF70
SOFAXDK12AB018E446,SOOWNWH12AB018E444,SOLHOXL12A6D4F6524
SOSKWBB12AAA8C93A7,SOARAOQ12A58A7BB51,SOOYWKG12AB018AFB5
SOXQXOJ12A6D4F6546,SOLPCWK12A6D4F654E,SOZZHZX12A8C137EAE
SOOHPFE12A58A7804C,SODCNAJ12A8C141833,SOZLKCB12A6D4F789E
SOUDDRM12A58A7CBB4,SOKVBYH12AB017BFD0,SOFMHKA12AB0189DB8
SOBZMWE12B0B80AEA4,SOBWKWG12A6701D84C,SOJRSGK12A8C13CBB5
SOHRINF12AB0186CD4,SOQRBVN12A58A77A16,SOELUSF12A58A7A7D2
SOCESJW12AB018CB3E,SOUUVTA12A8C133341,SOEKOMA12A8AE45788
SOTBEQR12A8C13B7CF,SOJGEBV12A8C13C46F,SOKJBEN12AC9071730
SOZJBWW12A8C13D43A,SOEODMJ12A8C13D416,SOYQLCM12A8C13D8CF
SOFQFTY12A8C1369E9,SOCPSFM12A8C136A50,SOWVYWK12A8C14141F
SODCWDW12AB0185B72,SOTLQXU12AB0180B85,SOLSBAK12A8C1391F9
SOWSOXG12AB0181600,SOJQDRK12A6D4FABE9,SOBUYMB12AB018EA62
SOOJTDS12AB01809CE,SOBENVK12A8C140262,SOBFAUP12A8C13D2BC
SOTAPSQ12A8C145D9C,SOWFPIC12AB0188FDF,SOMNSCR12AB0188064
SOOFIZD12A8C13AE4E,SOVUIHM12A8C13E3AB,SOSLPDT12A8C14273C
SOSMPEJ12AB0180194,SORHMLN12A6D4F6D38,SOLODHY12A8AE44F05
SOLWJDN12AC468B53C,SOPEIBP12A8C13CD4C,SONQAYT12AB0181D1E
SOGQKKP12AB017C887,SOJYALW12AB017F8FF,SOFLIUW12A8C13B5F5
SOEVPPB12AB0184C22,SOUSHJH12A8C1342AA,SORUSIL12AB01820FF
SOXEBRA12AB0181385,SOUNWMD12A67AE01A7,SORHPPV12A8C1358FC
SOMEZKQ12A58A7C559,SOCGVUO12A8C137A90,SOZQDIU12A58A7BCF6
SOCQGSC12AF72A7AA7,SOJIUNI12A6D4FCA34,SOQOKWC12A58A768DF
SOYYXKJ12A6D4F7DAA,SORIWUZ12A6D4F7DA6,SOMVPGP12AB01881FF
SONRVWD12A8C13388B,SOXOCIT12A8C13386F,SOBCLQQ12A67020342
SOUQOMR12A6D4FF0A6,SOSEPFB12AC3DF7F65,SOUCEDZ12A8C14236D
SOHABKB12A8C143CDB,SOSHNUE12AB017FF07,SOTMSNC12AB018D09A
SOUJRLY12A8C138BD4,SOUUYXT12AC4689EE9,SOEZOYP12AB01831C3
SOPXGZO12AB01886E1,SOTFXLN12AB017C168,SOAZBML12A8C139DEC
SOVXUBX12A58A782FD,SOZEFPO12AB0184AEC,SOYZYIA12AB017EE2D
SOORSTP12A6D4FA02D,SOUAUCJ12A6D4F8505,SOHDXLX12A8AE47465
SOCDWPB12A6D4FA66D,SOIEAJI12A8C13CC85,SOLQQZY12AB0185807
SOMKGPE12A8151CA8C,SOSAJHF12A8151CA87,SOUMLGB12AB0186F66
SOBANHD12A58A7BB7C,SOMMBCV12AF72A78DD,SOKEMYL12AB018B3D0
SOJBWGF12A8159E883,SOAWCYO12A8151DF97,SOKDHCA12A8C135388
SOAUTDN12A8C14115A,SOOFGKF12AB017A856,SOBZOTA12A6D4F8234
SOBZOTA12A6D4F8234,SONDICB12A6D4F8230,SOJFJYA12A8C1431DB
SOYGJVI12AC4685489,SOCTPTD12A58A76CBC,SOEIWHD12AB018D0A9
SOCTQDM12AB0183DBE,SONTQTF12AB018B047,SOVRCZT12A8C142873
SOWMHYX12AB0188761,SOJMOHG12A8C141AA7,SOEMTQZ12AC468B402
SOTXVKA12A8AE4667F,SOQTRGV12A67AD8F41,SOASRJS12A6701FA7B
SOVLNAM12A8C143A96,SODOIMB12A670206E1,SOVYRGY12A67020A0D
SOEPFHP12AB0182891,SOMFCAD12AB0186C46,SOWKNGW12A6D4F78BD
SOJMMGG12A8C13C445,SOTBUGT12A8C13E4C1,SONYGWX12A8C142E79
SOVFKXD12A58A80239,SOMDRBE12AB01813EA,SOPMEDU12AB0185E9D
SOLQPGC12AF72AA14B,SOOPAUM12A8C13111E,SOQMBJA12AB01872B2
SOBKFKW12A8C13B41E,SOBMTJO12AC3DF4BDA,SOALFBA12A81C20681
SOGKFZT12A8C135191,SOEAZZD12AB017FCE7,SORBWQW12A8C130C25
SOOHPFE12A58A7804C,SOYUKXG12A58A77837,SOXCRNB12A8C1336AD
SONLCJU12A58A7B69C,SOCFESM12A8C131EA8,SOQAGWU12AB01804C7
SOVBFNG12AB018EB92,SOCQUUJ12AB0188702,SOGWPTO12AB017EC95
SOMBOYD12AB0183BC9,SOZILXQ12AB018541A,SOXTBEI12A6D4FDA57
SONFWBB12A8C136276,SOYGJTV12A8C136235,SOONOTX12A58A7A88B
SOFDSDX12A6D4FAD2C,SOSHZAM12A6D4FAD23,SOXPAKR12AB018AB42
SOSIXMO12AB0180ACB,SOSFRKB12AB0186936,SOTNSUO12A6D4FBAEC
SOFYAKR12AB01886BA,SOAIYJY12AC4689687,SOCDLVW12AB018371F
SOILTLI12A8C1451AB,SOCPGQS12A8C14519E,SOMKNJK12A8C145989
SOVGYQM12A6D4F752E,SOGXFQK12AC4689F4C,SOTIHTH12A58A7DEC8
SOHYZMJ12AAF3B1347,SOKPINC12AAF3B1343,SOGFVYV12A58A7E25C
SOFBNZN12A6D4FBEE0,SOCUGUF12A8C1415B3,SOXAGHL12A8C13FB9A
SONFUJU12A8C136ED9,SOHPUUH12A8C137C12,SOYFXTK12AAF3B4B29
SOLFIXP12A58A79314,SOUUXNL12A8C13D7CC,SOTTUGH12AAA15EB5F
SOCWIDQ12A8C14110C,SOSAZGK12A58A7C8CA,SODNQGT12AB01899FC
SOILOMB12A8C138467,SODQVOE12A8C1396EA,SOVSYOP12AB018AD05
SOUSYBA12A8A9D85B9,SOTWHYS12AB0187FF2,SOXEJWJ12A6D4F875C
SOJPUTV12AB017C9A1,SOPQUIT12AB01826EA,SOXOHZP12AC46860F2
SOCGDTZ12A8C1416CC,SOFBBIH12A8C1416C4,SOADCCE12A6D4FA324
SOBANAT12A6D4F7501,SOMMJVR12A6D4F98E0,SOZKJLI12AB018270F
SOBUMLO12A6D4F694A,SOAGOSJ12A67ADAF32,SOBNLDO12AB0188CC3
SOPVYQF12A8C13AE63,SOUALEM12A58291480,SORMZUF12A6701F2BA
SOIPJCV12A8C139485,SOQACBY12AB0187937,SOJEJID12AB01804BE
SOFVUXQ12A8AE466A4,SOBHNSY12A8AE46698,SOZGSXE12AB0185C68
SOASXMM12A6D4FB2EF,SODHQCI12A6D4FB2F3,SOUDOUN12A8C13FD9A
SOAGEPT12A8C137139,SOFOHOB12AB0186C23,SOIVVJY12A8AE46A5D
SOYMCYF12AB017F28A,SOYDSNA12AB0186336,SOIRVLZ12A8AE4737A
SOBJLCQ12A8AE4704D,SOBJNCW12A8AE47036,SOCPYTX12AB0181DA3
SOOISZS12A8C13F06A,SOFKHJQ12A8C13F09B,SOYGZPA12AB0188EF2
SOBJLSB12A58A77FB5,SOMBPVD12A58A7FE84,SOOJCAM12AB018AF99
SOFPYXC12A58A7A4B9,SOKLBUF12AB0180F11,SOFPNQF12A8C13A8C1
SOBCYLS12A8C1372A6,SONAWFU12A8C13728E,SOVRHIG12A58A7AD65
SOFLKHX12A6701C32A,SOJCYES12A6D4F78AE,SOPWBFS12CF530E5E9
SOJHUPK12A6D4F69DC,SOGUDEQ12A6D4FAB25,SOAMVPC12AB0180288
SOJFDCP12AB0181DDD,SOQGWOP12AB0181DB9,SOLXPTW12AB017D6EB
SOYFFUA12AB01847CC,SODVXIB12AF72A37F3,SOAUXQN12AB018D2F6
SOHWIFA12AC961889C,SOZPPLM12A8C1355A6,SOXDUIC12A6D4FA5DD
SOPZKAF12A8C140A6A,SOAFNMG12A8C136D00,SOAJDSL12AB018CD11
SOLKDXH12A8C13EC9B,SOVCXTS12A8C144928,SOZPOEK12AC9097A8F
SOANFLP12A8AE484A3,SOUVWLQ12A8AE47F8E,SOKCNCS12A6D4F88D6
SOEDSFB12AB018678D,SOFVMAQ12AB018182D,SORHXYU12A8C13716B
SOFUWWP12A8C13694F,SOPSOFT12A8C137863,SOVGUIL12A8151E16F
SODCTWS12AF729B3D6,SOWEBKB12AB01831F5,SOKGDCA12AC9097667
SOAXHOM12AC95F02AE,SOVZSUD12AC960A01E,SOILNXR12A67ADE63C
SONJPEJ12AB017D462,SORFAVN12AB0185FD3,SOWNGXD12AB0180854
SOLARDY12A8C13D9A5,SOYEEBH12A58A7BA1F,SOMJFXN12AB01876D9
SOGJOVA12A8C142B9C,SOOEOCG12AB0182AB6,SOBJPWL12AB017DF59
SOAHTIN12AB018CCB3,SOEKBEJ12AB018CC2F,SOTFUBR12A8C13E3EC
SONFHPE12A8C13C783,SOSYFOC12A8AE4606A,SOCLIXD12A58A7B60D
SOHCRCT12A8C143A09,SONGTAZ12A6BD55CB0,SOVKDAW12AB017D24E
SONEBEP12A8C139CCE,SOCHCQP12AB01829B3,SODJBZW12A8C142A58
SOTNBMI12AB0187691,SOICUIN12A8C143741,SOUGJKM12A8C13F3CB
SOSGDLA12AB0185477,SOIOAAO12AB01856CB,SOEQFDT12A8AE48018
SOHYQSQ12A8C1321AA,SOHKPVG12AB017F36A,SONPKIF12AB018164F
SOHLEWN12A8C13227C,SOOZTFV12A8C133C99,SOVCJCE12A8A9D59F4
SOXBIUL12A6D4FBBD6,SOULVYL12AB0187BC4,SOYAULL12A8C142A01
SOTUGEK12AB018BE28,SOROYFK12AB018C915,SOJBCTI12A8C13FC68
SOKXTEN12A8C13B438,SOUNAAM12A8C13A752,SOKWYVA12A81C21BB2
SODYIOV12A6701FD17,SOALHVD12A6701FD18,SOVIPHT12A8C139E9B
SOTYZYT12AB018BE98,SOCIWBP12AB0184AAC,SOJSKKY12A8C134B10
SOPYWFQ12AC4686F82,SOAKTFG12AB01821A9,SOZKWYF12AB01821A6
SOOHHBP12AC4689F2A,SOKKTGI12AC4689F59,SOHGKCD12AB017EA91
SOUSRFO12AB0183605,SOQNBGQ12AB018362A,SOIZTET12AB017EEBF
SOIXHDH12A8C140DD3,SOJCGLS12A8C140DC1,SOGDMKC12A6D4F9C89
SOBSLAE12A8C1376EE,SOTRQTA12A6D4F9B09,SOTCYZT12A8C13B53F
SOYNLTX12AB01893A9,SOCYVAZ12AB018A9DD,SOCZJJH12AB0189121
SOHOKVS12B0B806160,SOKYCHK12A58A77DDF,SOTYSQF12A8C13E0AA
SOTTJUN12A8C132C22,SOJBPLF12AB018362A,SODJDMZ12A8C13D32A
SOPSLGX12A8C1369AC,SOBOIMB12A6D4F7ABA,SOPNSVT12AB018A905
SODABWY12A58A7D5BB,SOKCLTG12A8C138F44,SOLGEVE12A6702158C
SOMFSJZ12A8C13358D,SOKGPRX12A8C138268,SONNQST12A6D4F8E13
SOZFUOX12A8C135DBB,SOTKWAA12A8C13919C,SOGXFIF12A58A78CC4
SOSJNQX12A8C13A8A7,SOTLMUK12A8C1399F3,SOUSKYH12A8C134308
SOGZTVU12A6D4F69E4,SOATPCN12A8C143E51,SOJWUOF12AB0187098
SOFZZKJ12A6701D935,SOIXHXP12CF5665060,SOACAKP12AB018638D
SOPIYGY12A8C13839D,SOQISYW12A8C138BAB,SOBYIGH12A8C141D1B
SOEJUVY12A8C135C4A,SOJMWFE12A8C139C13,SOVBLDE12AB017F8AF
SOHRSFR12AB018502D,SOACAKP12AB018638D,SOMLFYP12A8C1367DB
SOBKFXR12A8C13A68D,SOLWNZE12AF72A6208,SOOQOIL12AB0187BCC
SOKLOWV12A6D4F74BC,SOSPCEK12A8C13E372,SOGKKYT12AB018185F
SOGXKNN12A8AE477F6,SOGUOTK12A6D4FB0EA,SOCNKSL12AB0187BFB
SOCHYQQ12A6D4FA52B,SOELAHM12A8C13573F,SOHDWYM12A8151AF55
SOADKNO12AB0182BC7,SOMVGXD12A3F1EA10C,SONCVUH12A8C142A05
SOIONGZ12AB0187B26,SOITXNB12A8C144ECD,SOQZZWY12AB018BEFD
SOGEONB12A8C1429C7,SOQQWKC12A8C1449FB,SOUTCRW12A8C13D937
SOHKHEL12A8C13BD70,SOZDKXX12AB0183C79,SODHYUR12A8C1373E8
SOAJWBY12AC468DBB8,SOFVVSQ12AB017A910,SOHDCWS12CF5826676
SOOUAKQ12AF72A9116,SOORFBN12AB01888E1,SOPLSJK12A6D4FA8C3
SORRFDK12A6D4F88E4,SOULWBB12A6D4F4858,SOOIZML12AB0186743
SOAPERH12A58A787DC,SOARDGF12CF5665050,SOEKMKP12A6D4F8367
SOHDUIG12AB018275E,SOHCWHS12A8C13A23B,SOFFABA12AB01851B7
SOKCJQX12A8C140984,SOOGIDX12A8C13D9CA,SOMTYWT12A58A75BF7
SORUAUP12A8C13B3DA,SOBBGQK12AB0183F1E,SOGJZUN12AB0184BF1
SODNAOR12AB0188697,SOMGONH12A8C1450B6,SOAGHMH12AB0180285
SOTISPF12AB0189080,SOFTAAJ12AB0185ADF,SOPLNWW12A8C133DDF
SOJBVYM12AB018BD69,SOHYOKJ12AB018B902,SOEFJMR12AB0184932
SOBTUNX12AB018258A,SOGZLJZ12AB017B93A,SODYNLW12AB01899CD
SOJCFMQ12A58A77A5A,SOLNXTG12A58A7848B,SOEAGFB12AB018BF43
SOISAFU12CF5F882E5,SOZIMLB12AF72AD1CD,SOAMAMP12AB018C818
SOLRRKL12A6D4F9A14,SOOBTKZ12A58A7B0B0,SONHEUO12AF72A4792
SOGCYGV12AB0186293,SOFYXXD12A8C139AA5,SOIUUIY12A6D4FBC3A
SOKOZWM12A6D4F5847,SOSESHF12A8C13F03A,SOIZMIL12AB018A795
SOSZHZY12AB018E853,SOKZODQ12AB0187AFE,SOFNHTC12A8C13BBC9
SOUSXSH12AB0180A48,SOHHMXP12AB018264D,SODUABU12A8C146DF2
SOFGFPA12A8AE46889,SOMXFPU12A58A7D192,SOJXJQR12A58A76863
SOQJMIU12AAFF41B2A,SOVOGTK12AAFF42AFF,SOECXXF12AB0180834
SOZNGCF12A58A7AF9B,SOYLRSU12A6D4F5E68,SOIJSLB12A58A7AC1B
SOYYTLT12AC3DF6BA6,SOUEYJN12A8C1340F3,SOBIRRX12AAF3B5605
SONQDDO12A6D4FA6D1,SOCYPVW12A6D4FA6D0,SOLYCWK12A6D4FEDC2
SOMIWET12A8C13EDBD,SOZNFIN12A8C13EDBA,SOBOJWI12AB0180EFA
SORVXFP12A81C22116,SOXHYEH12AB0187FF4,SOGOSKT12A8C13CDDB
SOQAADU12A8C13398A,SOWFJYY12A8C132B76,SOLRGLD12A8C142C0D
SOIMFZR12AB017F041,SOBFZDQ12AB0188B04,SOGTJSG12A81C2080F
SOYMARM12AC907592C,SOXVUOV12AC90758D7,SOAEJLS12A8AE47ADD
SOLAGMD12A6D4FD30C,SOQVUVB12AC90726D4,SOHLAPL12AB017F4DB
SOPJGYM12AB018C978,SOWCBVS12AB01871AD,SOAOBBG127D9789749
SOHHKVA12A81C20434,SOJVTNT12A8C13A60C,SOGPBMJ12A6D4FC979
SOGBMQD12AB018F2A0,SOGAEXV12A8C138122,SOBUAJK12AB0180E36
SOPWBZR12AB017C46D,SOVLSST12AB01838C2,SOIFUXC12AB0182A9B
SOTXVKA12A8AE4667F,SOQTRGV12A67AD8F41,SOQFEJH12A8C145807
SOHOJYY12A8C13C265,SOVXNDI12A8C13DCE9,SORMTTV12A8AE47B0D
SOOAPTC12A8C13E8E0,SOIHSKX12A58A76E1B,SOAWJHA12AB0187B40
SOIRVLZ12A8AE4737A,SOFMAZT12A670205A1,SOJCEQS12AB0188A1B
SOPACOZ12A6701E675,SOZDWZJ12A58A7627D,SOLARPO12AB017BF48
SOZSLIM12AB018AD51,SOAWUPQ12A58A7D1C6,SOUOOFC12AAF3B3225
SOWTCLZ12A8AE4572F,SOULDME12AB01887C6,SOEROUE12A58A76962
SOCWWGG12A58A7AC1C,SOECLAD12AAF3B120A,SOIKALD12A81C231CB
SOLJCSL12AB01861A6,SOXPCIR12A8C138B21,SODJOWL12AC468D389
SOVPOYW12AB01864C0,SOKRLDS12AC468CFF6,SOWSRIF12A6D4F748A
SOGCTKK12AB0180659,SOHJKZE12AB0189BB9,SOLYLTI12A58A7BD88
SOWMWFG12AB017F371,SOCQEHT12AB017F37F,SOASFUP12A8151DFD1
SOWWQOH12A8C13BBE5,SOBXMGJ12A8C13BBBB,SODFXNY12A8C138377
SOXZIRA12A67ADEA54,SODRZRU12A67ADEA50,SOMPCXV12AF72A9246
SOLTODC12AC3DF4A9F,SOGVAHK12AB0185038,SOWWQST12A8AE4675B
SONKMON12AB017F750,SOYKNBN12A6D4F863E,SOVGNBT12AB018294D
SOYMAKU12A8C1381DF,SOZZOIS12A8C13ACF4,SOKBBXV12AB0186B8A
SOZARNI12A67020744,SOBRHDZ12A6D4F9581,SOSTAFF12A6701D488
SORUSIL12AB01820FF,SOGLMPW12A8C134E46,SOATDYE12D02190252
SOHSEGN12A8AE48FFC,SOFHNYA12A8C143302,SOQGQIM12A8C13554B
SOUHWRL12AB018ABD1,SODUBHJ12AB018343F,SOPHQUV12A8C130BF8
SOQZQVN12A58A7B99D,SOUMZVI12AB018567C,SOQCZJF12A8C138B9F
SOJYGJQ12A6D4FD6FA,SOONVAD12A6D4FAA34,SOIMFZR12AB017F041
SOQOGVW12A8C1358BA,SOWIYGF12A8C13B5A4,SOJLBHE12AB0187337
SOXDENV12AB017C70D,SOAQSCO12A42806263,SOSXIUX12AB01831F8
SOFASCD12A8C13AD97,SOYBNTA12A8C13AD9E,SOCEDYQ12A670208EB
SOOEFNV12AB01865C7,SOJHRAY12AB01865D5,SOUJNFW12AAF3B5522
SOCADUX12A67AE24B6,SOCBTRK12A8C13CB26,SORMJDF12A8C13C321
SOSUOXG12A6D4F8770,SONTNPS12A6D4F84F6,SOUPDYM12A8C13FFDF
SOCBZSC12A8AE46F2B,SODXZVT12AB0187097,SOXBTSG12AB017CC5B
SOHURCF12A8151CA32,SOHBEOB12A8151BAEB,SOJGLWT12AC468E68E
SOSCUFQ12AB0184B0B,SOACNSF12AB0184B05,SOFOLOX12D021B2517
SOBYEEJ12AB01857EC,SOLSMOM12AB017FEFB,SOHAHEN12AB017D8A7
SOIPAGX12A6D4FA307,SOLIQVU12A8C13A9B9,SOXDAST12A6D4FC59E
SONLSYE12A6D4FAD9B,SOGQJWD12AB01860EB,SOKZJCR12D02190B46
SOZLEZA12A58A7EE61,SOHSILH12A58A7CA6B,SOBARPZ12AB0184A9A
SOHRARU12AC468E3DD,SOHGKZC12AB0184599,SOGYZFR12A8AE4907F
SOWDBXP12A8C134394,SOLIYJU12A6D4F8B4A,SOIWZZD12A8C14505C
SOINDYM12A8C13C453,SODIDHX12A8C13C43E,SODTTFI12A6701DE87
SOIDMWH12AAA15FD86,SOETTKP12A58A7AFE3,SOMGDOR12A8C133312
SODZTOW12A6D4F8FEC,SOPUIQG12A6D4F8FE6,SOGDPQA12AB018B0FC
SOCSAVL12A6D4FAC37,SOIPEHH12AB0189DFC,SODPBAK12A8C136BE8
SOOKKYD12A8C13F1D8,SOPBDWN12A8C134B2D,SOPPNPD12AB0187B23
SOYBOEE12AB018A4A7,SORXPTH12AB018A49F,SOGGTOB12A8C13ACC5
SOKZRZP12A6D4FB05E,SONWJXI12A6D4FB061,SOUBBDV12A58A7C2B2
SOGQEXS12AB01885BA,SOAHTBY12AB018ABBB,SOETZNT12A8AE46467
SOPQLAY12A6701F918,SOAGUHP12A58A77F2C,SOHDMGB12A58A7B479
SOJYSPT12AB017F03C,SOOODYW12AB018398A,SOQLWJY12A58A7E442
SORRELO12AAF3B1184,SOIOLEO12A8AE46C7E,SODHZNC12A8AE47F36
SOOMFBO12A8C13433C,SOFBQQT12AB01898D3,SOCLHCD12A8C145D82
SOKENSU12A8C133685,SOHYHMO12AB018CAE6,SOBIRRX12AAF3B5605
SOYTDBZ12A6D4FA26B,SOTBMFV12A58A7DC74,SOMKHIB12AB017AF53
SORPOLL12AC4688C49,SODPAQH12AC4688C62,SOJRYQZ12AB017C13E
SOOPVXP12AB018097A,SOKLGWP12AB0185FDD,SOIDCOR12AB0188A2B
SOIPNNW12AB018307D,SOTOHMB12AB017D08E,SORWOYW12A6D4FBF07
SOBRSZP12AB017CD0D,SOZTJIY12AB0184C42,SORXYSY12AB01844F2
SOYLKCG12A6D4F647A,SOKRJED12A6D4F48FE,SOAADJH12AB018BD30
SOXTUGT12A8C140B2C,SONPSZE12A6D4F6717,SORKMBR12AF729F4F7
SOIAMDO12AC96184CF,SOFYJJS12A58A762E2,SOUSKNR12A8C13A2E0
SOMFGRH12A67ADA790,SOQWFDC12AB01825B0,SOXAMUR12AC4687143
SOTURRX12A8C1390E1,SOAWGHE12AB0184BD7,SOWYMWC12AB0188D95
SOJOHXA12A8C13A768,SOCWMTB12A8C13A73C,SOEHTZE12A6310F0F2
SOFWNKU12A8C13F57D,SONZOSY12A6D4F88C3,SOANDAQ12A67AE01DD
SOIBDMQ12AB018E4C2,SOGAEVF12AB018A4F3,SOXGOLY12AB017C44F
SOXIZCU12A8C1440A1,SOAYXCJ12AB0183822,SOURNDF12A6D4F8F4D
SOMCPLT12AB018AA01,SOLKBVI12AC3DF9E3A,SOTNAOB12AB017C46F
SOFFJEI12AB0182B45,SODOQHV12AAF3B32CA,SOYEEBH12A58A7BA1F
SOGUFCX12AB0183EF7,SONPYWH12A6D4F7F2E,SOYEZKO12D02198103
SOESXOR12AB017FD99,SOZVKJX12AB01837FC,SOOKSNL12A6D4FBE7F
SOKYCHK12A58A77DDF,SOHOKVS12B0B806160,SOJRMGS12AB01848EC
SOMZCVH12AB0182B8E,SOAFIPD12A8C13A261,SONSGUF12A8C138325
SOYURQJ12A6D4FCFFD,SOVGUIL12A8151E16F,SOZPTTK12AB018A728
SOMLDHL12AC4688765,SODBMSF12A8C135DFD,SOZEOUY12A67ADD446
SOHGFPP12A8AE4624D,SOGIQAG12CF5F88AEF,SODHXXJ12A8C13ECAE
SOVVEDW12A6D4F73F2,SOVMUOX12A8C142D87,SOHWIPS12AAF3B3FBD
SOROJLB12A81C2178B,SOICWAN12A81C21789,SOQZDWB12A8C14330D
SOQBKPS12A8C13A340,SONGTAZ12A6BD55CB0,SOUPDVV12AAF3B52E1
SOHBQUM12A8C13DAFB,SOYTTJX12A8C14334E,SOYORBF12A8C13B3B5
SOUUWXA12A8C142927,SOFTAHL12A8C141197,SOUZBXU12AB018F770
SOFQCTX12A58A7C148,SOMWUDC12A81C1FA9D,SOWBZQO12A58A79B7F
SOJGEBV12A8C13C46F,SOTBEQR12A8C13B7CF,SOZYQQT12A8C13B4EA
SOLPNIC12A8C13EB46,SOFAEVY12A8C13A4A8,SOKBAVR12A8C13441F
SOZDQDQ12AB017DBA7,SOIBJTK12A8C143D5E,SORKDUM12A6D4FA813
SOENLQV12AC90752C6,SODSNWV12AB017D967,SOPBCHO12A8AE4808C
SOORNBQ12A81C21EAF,SOYRAZC12A81C21EAB,SOEOUCQ12A6BD4F935
SOVITJF12A8C143360,SOABWGO12AB0182725,SOFHWUZ12A8AE48B9D
SOOMECA12A8C132878,SONQAYT12AB0181D1E,SOLWVYA12AB017FC70
SOPFOLH12AB018AD11,SOMFQOD12A8C14033D,SOGAALR12AC3DFA33B
SOQKPQJ12A8C141CB5,SOSQAJY12A8C1437E3,SOZASQF12A6D4FA00F
SONNVNT12AB018371C,SOZGHOC12A8C13787D,SOITTVN12A58A7998C
SOQZUCL12A8C13B32B,SOFRDPR12A8C139B54,SOBWHPG12A58A79BE1
SOPSMQL12AC960DBD7,SOOKINP12A8C140E41,SOXZFPY12A6D4F5D7A
SOQDBFA12AB0187B1D,SOYGPBV12AB017EAA7,SOCVHWL12A8C13E56D
SOTQWRG12AB0188A9E,SOAOCCQ12AB0183F50,SOUITLS12A6D4F69B1
SOFHJHR12AB017F04A,SOITHGE12AB017ED88,SOYQWAD12A8C139316
SOBXWRK12A6D4F77BA,SOUCZDK12A67ADE660,SOQVIWD12A6D4F906F
SORMKVJ12AB017E09F,SODIVHG12AB017FCA5,SOIWNRL12A8C13BA13
SOHUNLW12A8C13DCA4,SOVVPHI12A8C13BDF1,SOHUQEZ12A58A7B27E
SOQKDST12AB017E321,SOOOUCP12AB0180D5B,SOQWQYD12AB0182E13
SOCEWMO12A8151CBDE,SOVKKZH12D021977B8,SOJJVJA12AF72A7A10
SOCXWVO12A58A7E7C6,SOCONYN12A8AE48117,SOPQQML12A6D4F90BA
SOOHHBP12AC4689F2A,SOKKTGI12AC4689F59,SOKQJQA12AB0180C0E
SOJEJMV12A8A9D56E5,SOVKMPN12A8C144101,SOWRBWT12AB018B81E
SOXXSPR12AB01855D3,SOACCRN12AB01855AD,SOPENGV12A8C134895
SOEZVWU12A8C138CE8,SODIZRD12A8C138D0E,SOIOXTL12A8C1392A6
SOUQFRD12A6D4FA0B8,SOGNMPF12A8C135C7A,SOQDGRW12AB018417D
SOBRAVD12AB017E841,SONCDRU12AB017C33A,SOITEVV12A6D4F5969
SOXXSJF12A8C133F33,SOVCECZ12A6D4FA35E,SOOVSJA12A58A76FF9
SOAHPNQ12AC468D71B,SOAXKVG12AC4687361,SOTKQRZ12A8C13BDBD
SORPLKH12AB0187DB9,SOFERKA12AB0187DAD,SOJYYCA12A6D4F9C1F
SONKAVD12A6701F2A5,SOULSTL12A6D4F9689,SODPOIA12A8C139FE8
SOBSPWA12A58A7833A,SOMFOKB12A8C142743,SOOHZIG12A8AE470EB
SOSZWHR12A8C1427C3,SOMJKEH12A8C1455FB,SOFIKPT12A58A7DFC4
SOUWZQL12A8C141616,SOQYXOV12AB017FE9C,SOPRGBU12A8C1373E5
SOPGKZK12AB018C511,SOAZTNG12A58A7A8FF,SOQIZDW12A6D4F9BB1
SOABDON12A8C138ABF,SODDQFO12A58A7F270,SOUKQFT12A58A7B3CA
SOBEDIS12AB017F304,SOLESMC12AB0180B17,SOGLGGX12A8C1367A1
SOSKCJC12A81C204F1,SOPVXYN12A81C20517,SOKZEXL12A8C13C8A2
SOUFICU12AC4685180,SOQCZJF12A8C138B9F,SOGIVSM12A8AE46741
SOLHMET12AB018767D,SOQBOTK12AB018768E,SOWWYCN12A8C141D83
SORGPNH12AF72AB8C0,SOQWQSK12AB0180210,SOVVMVD12A6D4FB484
SOLVDJF12A6BD50DFF,SONXRNO12A8C1386D8,SOISABZ12A58A7C581
SOPCLVB12A6D4F74DA,SOAYJBA12A81C22DE3,SOFNMLB12AB0183FF8
SOTHIGU12AB0180D67,SOEWKBZ12AB017E3E7,SOAMMGN12AB0185FF9
SOJNQKR12AB018FD71,SOUGAIF12AB01845D1,SOWRPTG12AAF3B1C29
SOGJARY12A8C13A1A6,SOTDDQI12A8C1393EB,SOIIWWZ12AB0187289
SOEJFJT12A81C20E34,SOENSIR12A81C210BC,SORIVLD12A6D4FB664
SOIHKKW12AB0186CB7,SOPEEDH12A58A7C407,SOAGUPR12AB017FA5C
SOUBCMQ12A8C14393A,SOKFJWS12AB018C456,SOQCDMB12A8C132DEF
SOWXPVJ12A8C135EC7,SOCRDWN12A8C137CB6,SOVAKQR12A6701FABB
SOWXPSO12A58A7B588,SOQBUPE12A8C13B9DC,SOJCEQS12AB0188A1B
SOWMUXA12AB01840EC,SOVAVUD12AB01832AE,SORCJFO12A6BD54EBD
SOJIURA12AB018989C,SOEWDGW12A58920580,SOTPQFM12AB017AC9E
SOFHDIY12AF72A6100,SOPLHPH12AB0184B14,SOLLVWH12A6D4FAA5A
SOXSLIX12A8C142675,SOCAVSX12AB0188973,SOJDYIA12AAFF4430D
SOSQCCK12AB0186B7C,SOHWGUM12AB0186B87,SOSVWOJ12A6D4F7A33
SOHVOAF12A8C143ED2,SOVLQYZ12AC3DF6BCA,SOPIYGY12A8C13839D
SOXHWPZ12A8C141B42,SOLSFZY12A8C141B2A,SOTODXV12AB017E98D
SOAYCWB12AB018CE33,SOMERMN12A8C13FCE5,SONMDHE12D021B3B1B
SOUNDOB12A8C139B25,SOIAEHE12AB0188CA1,SOIVHQA12AB017DBDB
SONCSNY12AB0182725,SOTKRPN12AB017FD98,SOSNZJG12AB0181E8D
SOHRKGT12AB0183781,SOFDRYM12AB017C0C1,SOLJJZK12AB0188E2B
SOFFQOV12AB018627B,SOKJCDI12A81C22EB0,SOMOXSA12A8C141CEC
SOSNCNL12AB01813ED,SOBFFRY12A8C1377FA,SOTTBXU12AB0189281
SOONLAM12AB0185F0D,SOGZHIK12AB0185EBE,SOLEZNV12AB0184E31
SOGSTCM12AB0189F14,SODIGJR12AC468C3E6,SOCGSKG12AAA8C6582
SOITRZN12A8C134E5B,SOYEFBH12A8C13A3B8,SODCYSO12AC960A1B3
SOSAROI12A6D4F8074,SOCSRYF12A8AE458AE,SONLKMX12AB018ED17
SOFWGCC12A6701C018,SOIVPIY12A81C2222A,SOBSFJL12A8AE47879
SOBQBWP12AB018611B,SOCWHIU12AB01872DA,SOLMFNE12AB018F807
SOVKIEF12A58A78927,SOFHNYR12AB0188347,SOMWBPP12A6D4F7B23
SOVMFOB12A8C135A6D,SOTYIPB12AB017E9A7,SOXEXQD12A58A7E72F
SOOUGUK12AB017ECAC,SOKGLAR12AB017EC99,SOYLCIA12A81C2387A
SOSDTMS12A8C134568,SOPLEFJ12AAA15E6E6,SOZHAXW12AC3A40262
SOQUHYB12AB0186630,SOZXHBQ12AB0186626,SOGDOSV12A8C13BBD9
SOMNMLC12A8C144272,SODCEXU12AB018B07E,SOBATFA12A81C20F54
SOYRTWG12A8C142BC1,SOSCFFU12A8C134C67,SOTXLKT12A8C144768
SOMFRKT12A8C146C67,SOXSTYL12AB0185DDF,SOBPVOZ12AB01868D4
SOECMVU12A8C1421F6,SOOPSMX12AF72A2686,SOHYKZG12A6D4FAF0A
SOOROJD12A6D4FC3D1,SOUFCKR12AF729CA02,SOVDMDH12A8C1389EA
SOJVSVF12A8C133ADA,SOXBJBB12AB01815E5,SOLSRIT12A58A79324
SOCDWIP12AB0185D48,SOYMXCV12AAF3B2765,SOTQRCG12A8C131B71
SOQBPMO12A8C139C9F,SOIACXA12A8C139CB1,SOEUCRU12AB017FA94
SODCXFY12A8C13254D,SOFBCCC12AB0183229,SOUDYXE12AB0183777
SOQQXZF12AB01805D8,SOSRWME12A6D4FB7DE,SOLJLRX12A8C13C496
SOPLIYZ12A6D4FBB08,SOUKEVR12CF4FFF27D,SOYYSRZ12AB018D2EB
SOPHGFZ12A6D4F98A1,SOAJCJG12A6310EDB3,SOHIEEP12A6D4F6B5C
SOPNHCH12A6D4FC527,SOUHVGM12AB018445E,SOXBKGA12AB018AF59
SOCSBNR12A8C141443,SOOLTWE12AF729DC9F,SOINZYQ12A6310DFE2
SOKDPUQ12AB017E65E,SOZBQLL12AB017D0D7,SOIJNBP12A6D4F4C92
SOJMXSD12A6D4F81F8,SOLKCPC12AB018297F,SOFNHTC12A8C13BBC9
SOQETNJ12A8C137960,SOGEKSP12A58A78530,SOUSNNO12A6D4F6AAE
SOVHVWI12A8C13F8B4,SOHKAAK12A8C13EB23,SOEFQLO12A8C1362CE
SOMHXPQ12A81C22892,SOBXRGX12A8C138B59,SONPDMJ12A6D4F976B
SOJBGRU12A6D4FC11F,SOUFYCW12A8C132BCB,SOCXSDL12A6D4F7482
SOQOEMZ12A6D4F9C52,SODYVBO12AB017C3A5,SOCDVLZ12A8C13ECD2
SORIFID12A8C140949,SOPOHQT12A8C13AFD3,SOIMRAN12A8C13A5A3
SONKFHI12AB018CFC8,SOOEDUC12AB018CFBF,SOIFOLA12AB017CDA1
SOFFNXS12A8C131D32,SOTDNJJ12AAF3B3748,SOESXNS12A8C13561C
SOBXHCE12AB018B6AC,SOJBDSC12AB018962F,SOTJPUO12CF5F879E8
SOAXEXV12A6310EEB0,SOHDFNS12AB017DB29,SOBSRDV12AB0182614
SOLUIVG12A8C1385BF,SOKLGEF12A8C138EDF,SOUVZKU12A6D4FC06B
SOUZMCR12AB018553E,SOUQVUD12A8C142DCE,SOXAVRG12A8C13B199
SOWWHQN12A8AE46EB4,SORLDVQ12A8AE46E8F,SOFRUDU12A8C13A40C
SOKNHOX12AB017F5AB,SOSAXJB12A81C206DD,SOMTCFU12A58A7D92D
SOFOXYI12AB017D7A0,SOCGYMA12AB017D7B5,SOFCZCY12A8C14111E
SOLWSYC12A6D4F784B,SOYJISN12A8C132647,SOINJHA12A8C134C60
SOVWTMN12A6D4F8ACF,SONYPOM12A8C13B2D7,SOZWGAM12A6D4FB5EC
SOCMDZL12AC3DF4308,SONAQRN12AC3DF60A6,SOTKPYP12A8AE46BBE
SOQGBOR12A6D4FCE7B,SOIBBCE12A8C13673D,SODYNIY12A8C13BA06
SOFPSXO12AB017E22C,SOVXWKR12AB018B22A,SORVLSP12A8C139379
SOAIBAM12A81C23351,SOIGNCX12A8C141AD3,SOOLDZZ12A8C131FCB
SOOTIAI12A6D4FCBE3,SOREYVC12A8C133C42,SODJBZW12A8C142A58
SOCAPBI12AB017A5A6,SOULBTI12AB017F012,SODMUKC12AB017E2F3
SOFOHZX12A8C1403F6,SOYXHMV12A8C13740B,SOKIFXT12A8AE48110
SODJQBM12A8C1353FF,SOHHETM12A8C13DE22,SONPSZE12A6D4F6717
SOQDCJO12A6701C086,SOXWSNO12AB0181372,SOPGLEZ12A8C14350E
SOJOPZK12AC468D416,SOJXJQX12AB018A268,SOQFDBB12A8C1392D5
SOMAXYW12AB018B49B,SOXOQJY12A67AE10D5,SOWYMWC12AB0188D95
SOUIJVE12A8AE4961E,SOVGXVD12A58A7D23B,SOKNKGG12AB0182B51
SOOQREA12A8C135A6A,SOQCCDW12A8C13F357,SOVBFNG12AB018EB92
SOMMCHB12A8C13C495,SOHLUXQ12AAA15E854,SOPKYYY12AB0189DFA
SORRZAN12AB0188FC1,SOTNKGK12A5891E588,SOQWWWS12AB018AEB4
SOPKEEA12AB017C84F,SOGTJEX12AB017DE65,SOXMEBN12AB017C2DA
SOUBOBW12A6D4F48F2,SOYAZII12A8C135317,SOEKOGN12AB018B2DE
SOPLCVT12AB018D0E5,SOIHCOM12A8C13631C,SOYIOJI12AB0185CF0
SOHUSXD12AAF3B4989,SOUBFUT12AAF3B2061,SOMNTCK12A58A7DF30
SOWMGJY12AB018C1FE,SOUWCFD12AB018C240,SOCPYTX12AB0181DA3
SOBCIGV12AAF3B326D,SOSHFYI12AB017E057,SOOMXPV12AB01820F8
SOFZELE12AB01831AC,SOUAEBU12AB0183E72,SOVPLJL12AB0181EED
SOOOGJJ12A8C13B4F4,SOVMYWP12AF72A4C7C,SOPRHHN12A8C135E91
SOOJHFV12A8AE48064,SOEQFDT12A8AE48018,SOTZJCR12A8C135619
SOSLGPX12AB017F336,SOMQTBD12AB0182C94,SOEFMBB12A58A7D005
SOFNSBJ12AB0180694,SODFYYD12AB017F2CD,SOMLVCK12AB018DA34
SOEBWDS12AB017F038,SOLXZOF12A8C13D6B8,SOCOQYM12AB0183F60
SODZWQE12AB01822F9,SODDVCX12AB018A6D5,SOAYKTV12AAA15DE48
SORSTPO12AB017FE28,SOUMRKX12AB017EAF9,SOHTSPQ12A58A7B2ED
SOMZPUL12AB0180754,SODHRBT12AB018074B,SOVAGXR12AB018D6B1
SOMSUJX12A6D4FBB8C,SOCXSAJ12A6D4FBB99,SOUHVGM12AB018445E
SOHJHKC12A6D4F7B88,SOBRXJJ12A58A7CA6E,SOHGTPD12A58A79F6E
SOZTFXG12A8C145EC7,SOFMJLY12A8AE47D8F,SOKMUVE12A6D4FB6E2
SOMUCYB12A58A758B1,SOCKREB12AC9618801,SOPKRBZ12AC3DF9C09
SOGVDRK12AAF3B4161,SOHQNQT12AAF3B2661,SODINUN12A58A7E4AF
SOVBGMA12A58A7A8A8,SOKEYOU12A8C132392,SOQBIQQ12A8159E8CD
SOADMFM12A8C131911,SOXUCKJ12A8C13CB75,SONSNWH12A8C13B6AB
SOKGDOX12AB01858CB,SOWMSNW12AB0184CEC,SOXSXBU12A8C142C83
SOBCCLG12AB0182D08,SOGLEHL12A58A797E7,SOIYVAE12AB01827B2
SOOOEKE12A6D4FBA33,SOAPKIC12A6D4FAA4C,SOOTNYO12AB017D3A2
SOOVRWK12A8C140445,SODQGUT12A58A79D0E,SOTAEUZ12AB0185217
SOEESJN12AAF3B3096,SOEZNUL12AAF3B3D24,SOQZGOH12AB01825D2
SOKEKKI12AB017FDA4,SOOSNCS12A6D4F696C,SOVTXGY12AB018DC52
SOHYWPX12A8C13AD4D,SOFVTAO12A8C13A092,SOTVWTN12A8C1385CA
SOYQLLA12A6D4FCCCF,SOWURWA12A8AE44775,SOEMOYX12AC9DCC5BC
SOLAGMD12A6D4FD30C,SOQVUVB12AC90726D4,SOIJAZJ12A8151D43D
SOAMUWD12AB017C41A,SOZAGYZ12A58A791EF,SOPTBCI12A81C235F8
SONQPMZ12A58A7A6A0,SOQQPGV12AB01885DE,SOTNRCH12A67ADC8BD
SOWPEQS12A6D4F8B84,SOMXWZT12A67ADBD17,SOYLZYT12AB01855C6
SOPJHQK12AAF3B52D9,SOWRJBZ12AAF3B243C,SOFZZZY12AF72A87B4
SONQTUH12AF72A47A7,SOKHLQD12A58A767FA,SOAANBW12A6D4F8DE9
SOSDNTQ12AB018A319,SOOVGLE12AB0189FE6,SOEYXLJ12A8C13A8EF
SOPYFZV12AB0182AAF,SOQIPNS12AB0181AE2,SORVAGA12A8C13066A
SOVXOWA12A81C1FF8A,SOZCRVP12A81C21F40,SOPIHVX12AB017E23D
SOQVJTK12AC9E16E56,SOZPNVK12AAFF4249A,SOKGVVT12A8151D835
SOSCOCV12A58A7A8AB,SOWDPLF12A8C1354E3,SOYFKUM12AB018B7CE
SOZGTLK12A8C141E85,SOGPCRF12A8C141E7A,SOSIVVB12A58A7B639
SONDPQL12A8C134D18,SODAUVL12A8C13D184,SOACONH12CF5663BA7
SOBGUEQ12AB0186E2B,SOVZVYC12AB0186E17,SOLBJOH12AB01887AF
SOTENTP12AB017FD06,SODIIVR12AB0185952,SOSQHBY12A6701EC6F
SOYYETY12A8C13B03B,SOFRBDS12A8C13CAA9,SOCAVVM12AC9E13028
SOKJUSN12A6701F960,SOLJCCO12A6701F987,SOPPJLR12A6D4F98DC
SOIAHLL12AB0180166,SONWUEN12AB018329C,SOPWBZR12AB017C46D
SOCTQDM12AB0183DBE,SONTQTF12AB018B047,SOVPLJL12AB0181EED
SONDDPY12A6D4F8FAB,SOEXISQ12A58A7AB98,SOHQZYC12A8C13B46D
SOKBBXV12AB0186B8A,SOUHNGJ12AB0182844,SOTYVKT12A6D4F7F4B
SOLYALY12AC3DF5182,SOLQRVO12AB01860FB,SOCVHEA12AF72A2D44
SOLKFMM12A8C1328EF,SOXVSSI12AB017BAF4,SONHXUK12AC9E15B85
SOEJSCP12A6D4F28D2,SOGMDFG12A6D4F28B0,SOVTGXQ12A6D4FB9CA
SOLFBGC12A8C13565A,SOESXNS12A8C13561C,SOZCRVP12A81C21F40
SOZAQOG12A8C140005,SOREPDA12A8C13FFE9,SOUCZDK12A67ADE660
SOJLBHE12AB0187337,SOTYZXM12AB0187332,SOXDMMW12AB018BF37
SOLLCFT12A58A7A566,SOAUGJA12AB01869AF,SOLVAZN12AB017DBAD
SOMPBRY12A8C13AC63,SOGVEQL12A8C1356B9,SOCNCRN12AB01836AE
SOTBXXK12A8C145DD5,SOPDTGT12A8C133E1B,SOTKRUW12AB017F41C
SOBMDHU12A6D4FB3B7,SOCGPMB12A58A8125F,SOEERCJ12A8C13A3DA
SOLNBJH12A8C13964E,SOSHCFC12AB018BCA7,SOHVTVT12A8C1386CC
SOBMDHU12A6D4FB3B7,SOQBUSL12AB0182917,SOCLQCF12A58A7F025
SODGRWK12A6D4F5605,SOFNCJY12A8C1354E4,SOWERTA12A8C13EB33
SOACRBY12AB017C757,SOUSORA12AB017F2D7,SOAAQJI12AC3DF63A6
SOGDWVH12A8C131D66,SOMLELM12AC468AA8F,SOPRVXZ12A8C1352FD
SONELVH12AB0182CD3,SOLRWTN12AC90719FF,SOEONAT12A8AE48F90
SOHGMIK12AB0182A33,SOFNKAW12AB0182A06,SOSEPUJ12A8AE44C5F
SOOEMLL12A8C133FB3,SOSHESM12A58A7CB90,SOYHTVD12CF530E56A
SOZKNUS12A6D4FACD5,SOKJDXE12A6D4FB45C,SOQGFFB12A6D4F9C7F
SOACGMN12A8C13AD65,SOYUNJT12A58A7957A,SOCUTLY12AB00F59C3
SOFGLYK12AB017F953,SOERSBE12AB0184E66,SOFXDFB12AB0188F32
SOJYPFW12AB0185F0C,SOSPKGJ12AB01824B3,SOCSZPZ12A8C1458C5
SOIVAEA12A8C1350CB,SOQQZZZ12A8BED7943,SOPMJGP12AB0182DEB
SOTQRTY12A8C13D492,SOXKVHN12AB0184051,SOXGIXA12A8C141395
SOLNCDE12AC468EC62,SODXZZK12A58A7B5D4,SOZJIWO12AB0189335
SOZMGEI12AB018DA91,SOGTNSA12A8C13CCC0,SOJRMGS12AB01848EC
SOVHVKW12CF530E560,SOGTULV12A6D4F74C4,SOHJOTN12AF72A1250
SOOFBFH12A8C140A9B,SOKGMDH12AB0181F8A,SOHGVQA12AB0186DC9
SOBNQQP12A8C13D727,SOPJWCT12A8C13FB82,SOYDJRA12A8C138584
SOUPTEA12A8C13CE40,SOJYWOO12A8C131CA2,SOJHZZC12A6D4F8D7A
SOYLNPP12A81C1F6BA,SOSHOQI12A81C1F6A5,SOYHIIY12AC4687D12
SOYNYUX12A6D4F9B30,SONBVBM12A6D4FCCCB,SOQOEUV12A6D4F9487
SOCWERZ12A8C132275,SOFMGKK12A8C141251,SOBMQTA12A8C138DDB
SOLDYZK12AB018781A,SOAJBWJ12AB01877EE,SOMPYNB12A6D4F8D0C
SOXUTBN12AB0188E0F,SOSFTTI12AB018E7C3,SOXQSNK12AC468C198
SOWQSTS12AB0184437,SOVETWY12AB018574F,SOBUZPM12A81C21E3A
SOYMYBX12A8C1361E0,SOLSBAK12A8C1391F9,SOWOLTH12AB017F41E
SOAPTMB12A8C13ED14,SODVNEX12A8C13A1F3,SOVIPUK12A8C13F6A1
SOOFSOZ12AB01823DA,SOGKHWG12A58A7B648,SOJWTQX12A8C1356E2
SOTSETT12AB01863B8,SONVLLU12AB018639D,SOBCGNG12A81C23752
SOGGLGJ12A8C13FFAA,SOSAWGH12A6D4FAAF5,SOOVNRV12AC468964C
SOBQDXJ12AC9097E49,SOOKGUZ12AC960DEA2,SOHPRCO12A6D4FB43D
SOWSJXJ12A8C13BB96,SOTUBOA12AB017E8B5,SOFGAER12A6D4F71A0
SOUROWU12A6D4F8EA6,SORKMBR12AF729F4F7,SOXFXLL12AB0182FA1
SODVJRR12AB017BAC4,SOCNAIB12AB017F4D7,SOXAZCB12A58A78B28
SOISPSP12A8C1360BB,SOCKUXZ12A8C1366E4,SOBMMJW12A8C1382F4
SOQESNH12A8AE4834A,SOJDJCV12A8C1383C9,SOGZRRD12A6D4F8B42
SOPIMPC12A8C13A2CA,SOFLSEH12A8C13A2F4,SOSHFYI12AB017E057
SOASQSV12AB018385E,SORQYNG12AB0183861,SOPYLWU12AB017F4F0
SOIEPSZ12AB0187926,SOQOHJY12AB018C91B,SODHTQJ12AB018CC46
SOEUZIC12AB01826FE,SOXEEXB12A6D4F9B23,SONHWUN12AC468C014
SOMZTKY12A8C136C1E,SOMNZNU12A8C143D63,SOLWGGL12A6D4F6D01
SOTNOPL12AB0187F61,SOQEZJA12A58A7DB68,SOOKKYD12A8C13F1D8
SOEFDKH12A58A7BECD,SOKERLR12AB0186B69,SOXCHAV12A8AE4672C
SOGDVCJ12A58A7BC39,SOLNALT12AB01869D7,SOIMULA12AB0181A62
SOUCFDK12AAF3B2B52,SOHBEGS12AB017D0E6,SOHBKDH12A67021C68
SOLEKPW12AB01863B7,SODOLBY12A8C142C74,SONLIGC12A6701FA6D
SOSUONB12A8C142E83,SOEMOYX12AC9DCC5BC,SOCQHLB12AB018C5D5
SOACZFR12AB01809CF,SOYPPUX12A58A791F8,SONERIC12A8C132623
SOMBFHE12A8C13A99B,SOEJRAP12A8C13D8FA,SOUCIAT12A8AE47902
SOABCEU12A8C132027,SOLQNHK12A8C131C8E,SOXJDKN12AF72A0051
SOSMETV12A6D4F8DE2,SOIEBJA12A6D4F8DE1,SOVLUKY12A8C13B1F8
SOEWBVN12A8AE48CB0,SODWYJL12A58A7BCE4,SOWONPQ12A8BED02A8
SODLTCP12A6D227106,SOIJMIV12A8C133F4B,SOTLSRN12A58A7D91B
SOQDMED12A67ADE731,SORWVMH12AB017C3E0,SOXQSVG12A6D4F9908
SODXFCU12A58A78087,SOKJDLN12AB01826D9,SOUFKWI12A81C234BE
SOOYTNS12A8C1362AF,SOHACEY12A58A7B1BC,SODGGFU12AB0186E17
SORJGIG12A8AE46ABB,SOPMFLZ12A6D4F9D3A,SOXEBSL12AC960D95C
SOQFPNC12A8C140281,SOTTWSL12A8C1402D4,SOTPHLF12AC4688CF9
SOTIJFR12A8C135CD3,SOKHBBZ12A8C133667,SOIGWSZ12A8C13C695
SOMDKAX12A8C13F1E7,SOBGDRB12AC468DCF1,SOVGOCG12A58A7A018
SOSCFMU12A6BD548F2,SOQBWSM12A6BD548F0,SODSWCZ12A8C13C664
SOWYWPA12AB018B2BE,SOMLSWA12AB0188A03,SONZQMT12A6D4F7769
SOHLMRI12AB0180B3D,SOBTDFV12B0B80B789,SOADXBU12AB01804B6
SOHUCFA12AC4688B88,SOTGJEP12AB0188329,SOGQJWD12AB01860EB
SOSFHDU12A6D4FBD27,SOHAIWX12A6D4FAF62,SOJVIWA12AB0189127
SORIVLD12A6D4FB664,SOHTQZH12A58A7EF84,SOFPTYX12A8AE44BF3
SOBTHLK12A8C137C86,SOSKVNF12A58A7AE3F,SOOMFYX12AB018B552
SOKKUBD12AB0182EAA,SOSZTMT12A8C13D69C,SOCGURO12AB01895EB
SOEAJYC12A81C20869,SOFJYJY12A8C137B9F,SOZNTZA12A8C13897F
SOQQVEJ12AB017F5F5,SOHVMTR12AB018285F,SOJUAMH12AB0184EE1
SOVRJQI12AB0183C6B,SOSPMPH12AB01849F5,SOYMYOU12AB01883E3
SOKSZUR12AB0180AE3,SOJHCJU12AB017DBC1,SOCTUZI12AB0185632
SOSDFRP12A8C14095B,SORZBYW12A8C140954,SOMPXRK12AB0185361
SOCTQDM12AB0183DBE,SONTQTF12AB018B047,SOOAAWM12CF5702403
SOGWSIE12AB018A5CA,SOVZVPT12AB018A59E,SOQXWPR12AB0187919
SOYJWMB12AB0182915,SOSSTWR12AB0184312,SOFEJKC12A8C14438F
SOECSTA12AB01894D7,SORBAIT12AB0181E24,SOGVZCB12AB0180FC0
SOYELYS12AC3DF66B5,SOTKPTK12AC3DF66B6,SORJQWE12A6D4F7D72
SONPSNY12AB0180F06,SOFMZAE12A6D4FA3E9,SOQKQEE12A6701C07D
SORCKXS12AB017F1A0,SOLJFZA12AB018416E,SOGBQDZ12A8C135533
SOFYIOH12A6D4FB317,SOOGZKW12A6D4F71B9,SOLPZTM12AF729F69C
SOOMAWR12A6D4F8D11,SOSDFNI12A6D4F92F6,SOBWMYN12A6D4F5E31
SOWQSTS12AB0184437,SOVETWY12AB018574F,SOPVTAT12A6D4FA787
SOLSVLR12AB0187F67,SOBLDRW12AB0184D41,SOZNOSN12A67ADB240
SOATRKY12AB017FBC7,SOWHSFS12AB0183B7D,SOJVYGS12AB0180AB8
SOXZRHY12A8AE492FF,SOQUAKN12A8AE486C2,SOGAMBY12A8C140D10
SOFRNGO12A8C13C240,SOYVBGZ12A6D4F92A8,SOQBNTJ12A6701FA57
SOCHFDP12A6D4FAED8,SODDZAD12A6701DC4C,SOXWGIF12A8AE4607C
SOBFOVM12A58A7D494,SOGLVHI12A8C13FF0A,SOLFIWQ12A6D4F644C
SOPFTYC12AB018DC13,SOVPRUW12AB017ADB7,SORDVVU12A8C140149
SOHPJFU12A8C13680A,SOQJXUX12A8C136526,SOWEWUV12AB0185F07
SOOEOFR12A81C21729,SOPTBCI12A81C235F8,SOAJWBA12A8C1377F3
SOQSWCI12AB01846F8,SOFSVLQ12AB01846E5,SOMHYDY12A8C136731
SOZCOFD12AB0189AC5,SOVAZZK12AB018935A,SOKSNPP12AB017C33E
SODYSXM12A8C13ADD7,SOXFFVE12AB017FF94,SOEYJEP12AB01816D3
SOYADOM12A8C13F793,SOQYAZH12A8AE48165,SOBCMRY12A8C136C90
SOQCOGC12AB018B2A4,SOQBUWA12AB018B2EA,SOXXLAD12A8C132710
SOSBHRD12AB01889A4,SOAENKU12AB01879A8,SOMMOEO12AC9072DAC
SOAMTOG12A8C13AC49,SOASDZH12A8C13E5C6,SOESSJW12A8C14557C
SOZNTZA12A8C13897F,SORHPPV12A8C1358FC,SOCXQSA12AAF3B3145
SOQQYDX12A58A80882,SOHAPFP12AC468E57B,SOCAVSX12AB0188973
SOKILZE12AB0187A2D,SOJPYDJ12AB01823DA,SOMWEOX12A58A80D39
SODFCAB12AF729B69A,SOBESUT12A67ADBDC0,SOKKBLZ12A6D4F4DC1
SOXLOXO12A58A7B8EA,SOESAPS12A6D4F6A5B,SOGAOCI12A8C13DF95
SOZTBEO12AB018863C,SOPTPQA12A8C133D5D,SODHXFL12AB018779E
SOMNTCK12A58A7DF30,SOKPGUB12AB01875FB,SOEDAHD12AB017F946
SOIKMMY12AB0179F29,SOTRJSM12A8C144B9A,SOACWXK12AB017F752
SOHYVTD12A8C130A40,SOVTZTF12A8C130A1A,SOSMIDO12A6D4FA959
SOJBWKS12A8C135255,SOKHIUI12A8C135F51,SOFTQEY12A8C13B3B5
SOHACEY12A58A7B1BC,SOOYTNS12A8C1362AF,SOPGQOW12AB0184B48
SOPKURN12AB01894AC,SOXVPWE12AB01894BD,SOAVBMD12AAF3B440C
SOWZMEL12AB018BFC7,SOWDUWZ12AB01848AC,SOGCWSP12A8C13C577
SOWGXQS12A8C141F9E,SOIIJTJ12A8C14221B,SOBORMG12AB0181FAA
SORJESR12A8C13EF8A,SOKQONA12AB01801FE,SOFWWLR12A6D228195
SOICYTA12A67AD86C3,SOUHSFF12AB0188F35,SOZTXZW12A6D4F732B
SOKRAUG12A8C13F796,SOCNHFO12A8C14009F,SOAIPWV12A8AE4563D
SOSUXUY12AB0189A6B,SOJMGEE12AB0189462,SOAFUPM12A6D4FD26F
SOOZOFX12AC3DFB2BE,SOEZRNX12AC3DF99A5,SOUKKXH12A8C134151
SOWOYTF12AB0180B7D,SOLTFOG12AB0185572,SOESGZE12AB018994E
SOQXCUZ12A8C1365E1,SONLOKW12A8C1347DB,SOHTMBZ12A8C1430FF
SOBDZUO12A8C140C6A,SOSYUQX12A8C13E335,SOTKXYQ12A58A7D157
SOETFHV12AB018C514,SODKHLW12AB01886FB,SOIVGAJ12A6D4FC0BC
SOMJZOZ12AF72A228D,SOYJBFH12AF729A44A,SOGKTNB12A8C134216
SOZNFIN12A8C13EDBA,SOMIWET12A8C13EDBD,SOAHVXI12A8C143F93
SOVHRDD12A8C13564B,SOFAURE12AC3DF8246,SOCXUCK12A58A77D34
SOORKZY12A58A776DE,SOEMBVY12A8C1374ED,SOENDEG12AB01887F5
SOEDLRI12A8C13EED1,SOEOJRB12B350556E9,SOJGAYJ12AB0186BDA
SOLTLBJ12AB0183838,SOHMLIA12A6D4F6ABC,SOALSYR12AB0188775
SOHHSJT12AB0182A18,SOPDFZI12AC9071674,SOAEAAQ12AB017D7ED
SOKJQOI12A58A7D5B1,SOSCTIY12A8C137AC9,SOCPBQM12A8C1439AA
SOKLZXF12AB01887C4,SOJQVFD12A58A7D501,SOLQNMW12A8C13A068
SOOZIGP12A8C1410DA,SOMKQGN12A8C14144B,SOUWLAL12AB017D4C5
SOGLEIQ12A6D4F856D,SOFVXSY12A6D4F8571,SOLPQGY12A6D4F6F31
SOEIXRK12A8C140FB2,SONXUBN12A6D4FAF7D,SOSNQWB12AB0180EDB
SOCMVDM12A81C21D88,SOOBUPQ12A8AE45A44,SOLJBOX12AB0187079
SOIDCOR12AB0188A2B,SOMBFYF12A58A7E5B1,SOVEJYH12A6D4FDF91
SOOKJWB12A6D4FD4F8,SOBSZGU12A6D4FD4DB,SOFULXL12A8C142C91
SOICYYA12A8C136A31,SOHFRAI12AB0183D3D,SORFAAE12AB0181019
SOKUWPA12AB018128B,SOHMVZC12AB018CF9A,SOKEOPP12AB017F799
SOXODEF12A8C13B056,SOGBKCK12AF72A0051,SOVGNBT12AB018294D
SOXQRKM12AB0186303,SOHUVDX12A8C137F41,SOFGVWR12A8C141D19
SORGCWU12A8C145761,SOLMAOT12AB0180EDC,SOLIEJZ12A8C13CC3D
SOSYIBO12A8C137BEE,SOULRCV12A8C137BEC,SODGSKW12A8151DCB3
SOAYRBG12A8C13988F,SOREMGH12AB017F46F,SODUZWL12AB0183CD8
SOBYUHR12AAFD96E45,SOTZHQK12AB0185045,SOMRUQD12AC468EF9C
SOMUWXQ12D02193456,SODXJOK12D0219889B,SODNLVN12A8C140993
SODUEZG12A67AE0465,SOOBWVV12A67AE044D,SOLYWRG129F0691B7B
SOAKXET12CF5F86E71,SOHMBBX12A58A7926C,SONLTQC12A8C13B7B5
SOPEQXB12AF72A01E6,SOOYJRF12A58A7B885,SOHWHCE12A8C133385
SOQKKFW12A8AE480C2,SOVDTLQ12A8A9D8193,SOGQJWD12AB01860EB
SOXAOYF12AB01894B8,SOWEKEG12A8C13C000,SOFEJKC12A8C14438F
SOLMQQL12A8C13937F,SOGVBXU12A58A7A52C,SOIXLZR12A8C136D69
SOVBVPV12A6D4FBBC7,SOLJVDF12A81C1F8A4,SOBKPPQ12A58A78407
SOFZVSU12A6702147A,SOASVYC12A6D4FB8C4,SOEGVTU12A8C13A6E8
SOELUSF12A58A7A7D2,SOAAIFS12A67020756,SOQADJX12A6D4FE23A
SOCYZPH12A58A7DC7A,SOTWSNV12AB0182B88,SOPESRK12A6D4F8B92
SOODKCJ12A6D4FB1E5,SOWXKNV12A6D4FB1E9,SOCCZWQ12A58A7CA2D
SORGJJW12A8C134D65,SODZLWS12A8C136414,SOBLZOT12AB018AA33
SOCVHEA12AF72A2D44,SOSYMWV12AB0184F86,SOUYIJX12A6D4F96CE
SOUCYKQ12A81C21720,SOBWEUA12AB017EBA4,SOWPNIC12A8C13C449
SOLJYHM12AB0186497,SOPQXKA12AB01861CA,SOKIPZO12A8C143630
SOIHDQU12A8C13CD1B,SOSMPWZ12A8C13B6A7,SOZWEJT12A8C1412C8
SOLNVHF12A6D4F8F83,SOZSKYY12A6D4F8F7D,SOEKNKW12AB018980E
SOHKFDD12A8C142D3B,SOZABYO12A8C143546,SORXGBX12AB0180AA8
SOBUGCF12AB0182FEB,SOEFMBB12A58A7D005,SONTJMJ12A8C136AA6
SOYNKLQ12A8C13A5DD,SOHWDPS12A8C1418BC,SOLLSLQ12AB0183B47
SOVMTCR12AAF3B262C,SOIIUFY12AB01894D3,SOXHMJA12A8C13CEF1
SOTYSQF12A8C13E0AA,SOFYSKU12A8C13A72B,SOGDTEM12A8C13D215
SOIJDOP12A8C131FC9,SOSDQRQ12A8C12FF58,SOHFGXT12AAA15FC5E
SOKMFTY12AB0183216,SOBAORS12A6D4F6820,SOJXXJU12A58A7DE30
SOZDRKA12A67ADBE1F,SOHPHHT12A6D4FA0C0,SOCQHLB12AB018C5D5
SOLANKZ12A8AE467A8,SOEARZA12A8AE467DB,SOHLAGO12AB0188518
SOIEBHY12AB0181AB3,SOIMULA12AB0181A62,SOHRKHY12AB018598D
SOZZPYH12AB0187578,SOSLBDO12AB018117E,SOKLZTC12A8C141362
SOTDHAD12A8C13474C,SOGURBN12A6D4F8430,SODJHAQ12AB0189D11
SONBWUH12A8C1421BB,SOHDWYM12A8151AF55,SONHUZM12A58A79E2B
SOMUOHY12AB0182BE6,SOOMDVR12AB0182BEB,SOGXSOW12A8C13BE05
SOTLEGA12A6D4FB9CF,SOFDXJM12A58A75955,SOCWCBN12AB018383C
SOPHRNV12A8C1350F3,SOWEIDC12A8C13325B,SONSCBK12A8C13FDFD
SOFTFJQ12AC468723C,SOGBOAI12AB017E5BA,SOUQSOI12A8C137D5B
SOBXFTN12CF5665004,SOWETWO12A6D4FA5F3,SONLMRH12AAF3B282D
SOIHTSE12A58A7987A,SOPEDLJ12AF72ABB8F,SOEQUFB12AB0180B9B
SOJAEVT12CF5827482,SOXRPPP12CF530E583,SOABUQC12AC9072EA3
SOYDADX12A8C13F377,SOAZOBH12AC9DCD652,SOUUAOV12A6D4FB804
SOWGGLJ12A6D4FB1A6,SOWTPSE12A8C13EB70,SODFAIF12A8C13A773
SOXJWKB12AB0181728,SOEWETI12AB017E852,SOLPEGI12AF72A2188
SOFUNPG12A58A7F017,SOOJGRF12AB0184D20,SOCDLSK12AB018168E
SOXUQVP12AB0188B59,SOWWNMS12A8AE45B2C,SOKADJU12A6D4FCFCF
SOHPFBD12A8C133971,SOOXEJR12A8C136C08,SOVTNNM12A58A7828B
SOXSNFD12A8C135DAC,SOIKNRM12A8C136B3E,SOTBYDA12A58A789F4
SOSIVYG12A6D4F93A9,SOGWCWD12AB017FC95,SOJCLEA12AB01855FB
SOFZOMG12A8AE46C20,SOUZZZO12AB017E403,SOROWVN12A8C142E90
SOAYSDV12AB0186EE0,SOOTBYV12AB0186EC8,SOAEGMV12A8C1455F2
SORAPOE12AB0182FEB,SOBJUYZ12AB0182F11,SOIKGNC12AF72A912E
SORRKHD12AB0182A8D,SOJBAQO12AB018133C,SOGLEIQ12A6D4F856D
SOYXBCB12AC3DF82CD,SOVDNRG12AC3DF82B8,SODNJFJ12AB0185841
SOHGHHF12AB0189658,SOFAHDX12AB0185836,SOHIVYM12AB017B82E
SOITUPO12AB0181E10,SOHHVDQ12AB018453A,SOLJYFW12A8C13F85C
SONPTCR12A8C14141A,SORLFPE12A6D4F2B84,SOHDMGB12A58A7B479
SOZJCYY12A8C13EFC7,SOOMSZH12AB0189A6F,SOXWQTP12A6D4FBF62
SOZHOFC12AB0184A73,SOMHURB12A58A7F992,SOOAWZF12AB017BE3B
SOEFIIE12AB018AE94,SOQOYGO12A8C136563,SOUYPSW12A8C138902
SOFYVYI12A8C13EBE0,SOABWAP12A8C13F82A,SOTFXLN12AB017C168
SOZZEXN12AB0184E54,SOVLLLU12AB0185D84,SOBHNMJ12AC4686310
SOPYKQP12AB017F0D9,SOJBLBZ12A8C142EFB,SOIPTRW12A81C230DB
SOKLFJH12AB0185DA1,SOFQWMX12AB0185DB8,SOXCQQN12AB0182994
SOKHFOD12AB017CC40,SOFTYEM12AB0184168,SODEQFD12A58A7EB95
SOSSUTV12AB01861AE,SOSRORR12A8C14149F,SOOADFJ12AB0187C05
SOYLRPG12AB018A347,SOVBBAY12AB018A33C,SOIBRMZ12AB018AEF4
SODREXM12AB017C1E8,SOIQENV12A8C133A29,SOAOZYY12AC3DF41F3
SOLJPSW12AC960D92E,SOKWQWE12AB0186BD1,SOIIIYG12C41E0704E
SOYMXXD12A6D4FC460,SOHKMMY12A6D4FC38D,SOSMMRA12AB018FF70
SOKONQN12A58A7F12B,SOYIZMK12AB018BBB4,SOYECQI12A58A7ACC1
SOWZPNX12AB0185821,SOYLVLF12A6D4FB650,SOZJIKM12AB0189C9D
SOFQFTY12A8C1369E9,SOCPSFM12A8C136A50,SOASRSU12AC960D99A
SOZUDLS12AB0183899,SOSVWOJ12A6D4F7A33,SOCDCXY12AB01843AC
SOXOCSW12A81C22DCD,SOLFNBI12A8C13FCF2,SOSUIXG12A81C22434
SOAATSX12A58A76BBC,SONWPCY12AC961867B,SOGAGXB12A8C1439AB
SOOFYHL12A8C1392B2,SOGEELF12A58A78144,SODXLNO12A8C134F3A
SOBUGKW12A8C13AC1B,SOZVHXF12A8C135D35,SOBSCHN12AB018305E
SOHGDHJ12A8C13F54D,SOKCXFJ12A8C1350EC,SOCRELX12A8C143982
SOTJEIC12A8C139054,SOTTZPM12A8C13DD62,SOIEVYQ12AC468C16B
SOINPRN12A6701E0F0,SOKKIGL12A6D4F816C,SODGBJX12AB017CD09
SOCGOZK12A8151BD5D,SODKJWI12A8151BD74,SOFHFIW12A8C138CCA
SOXKUGL12A8C142BB9,SOXNKFT12A8C13316A,SODYHPR12A8C137949
SOUZPUZ12A8C13D70E,SOMDNAU12A8C13B42B,SOSDGQX12AB017F943
SOZDTIR12A8C13E014,SOYLBSA12A58A79B19,SOJWGEI12A8C13CA8F
SOPJAPN12A6D4F72EB,SOPTMXO12A6D4F6817,SOGOHNP12AB017FBC8
SOWDVIU12A8C13E8E8,SOJBWDW12A8C13FB51,SOLERWF12A6D4FB7B3
SOUNJBD12AB0181BE8,SOHBXAL12AB017D84B,SODVOJO12A8C1388A8
SOFJDMJ12AB018A1BD,SOIYEDR12AC9097E3F,SOCALFU12AB018D2D0
SOOJUJY12A6D4F9AFD,SOTTKFE12A6D4F9AFE,SOHEDAS12AC468B897
SOOVDBJ12A8C13A769,SOOVAVU12AB0181CE4,SODDQFO12A58A7F270
SOWWNMS12A8AE45B2C,SOXUQVP12AB0188B59,SOWNSBH12A6D4FA917
SOGZCRP12AB0185D39,SOJIRGC12AB0185D31,SOMYPEW12A6D4F6C04
SOFJFPQ12A6D4F5BBE,SOEJZDP12A6D4F6CE8,SOHBUBB12A3F1ED339
SODLHUG12A6D4F7BB7,SOAKDML12AB018208C,SOAXMZC12A6D4F67A6
SOGIQAG12CF5F88AEF,SOHGFPP12A8AE4624D,SOAXPAX12A8AE46DA5
SOBITFL12A6701C10E,SOFIMCJ12A8C140849,SOTBYIC12A6D4FB983
SOTNLBM12AB0185DD2,SOKGHNS12AB0185DB0,SODFITJ12A6D4F84DB
SOGTSLZ12A6D4F8BA7,SOLFLFA12AB018444D,SOMOOXH12A8C13A0EA
SOBLWHJ12A8C144166,SOCIGMX12A8C144150,SOGGJAG12A58A7C7D8
SOFOLKB12AB018B05F,SOLEYEB12AB018A8B4,SOPZKUG12A8C1417E1
SOLLXOV12AAF3B3B72,SOEQLVJ12AB0186D17,SOZEVUB12AB018E802
SORUJBL12AB0180911,SOALXEH12AB017FD25,SOHCEBI12AB0188937
SOOLYOA12A6D4F8154,SOMQZHD12A8AE465E8,SOTXWQM12A6D4F90E1
SOTBGMC12AB01831FF,SOIMNDG12AB018323C,SONEQFJ12A58A7C55A
SOLFXML12AB0180561,SOCQHLB12AB018C5D5,SOHKHEL12A8C13BD70
SONFFEB12A58A7C434,SOIWXMT12A6D4F9B55,SOSQEWR12A67020989
SOZUSNM12A8C13806E,SOCQNDE12A8C13805F,SOBULMA12A6D4F8EA0
SOQZEEH12AB0185E77,SOXAJVT12AB0185E68,SONGCRV12AC468AE46
SOOHHBP12AC4689F2A,SOKKTGI12AC4689F59,SOVKMUR12A67AE23FA
SOUJCGZ12AC4688886,SOCPFRO12AB018726F,SOQWNGK12AB01897E2
SOZLPXW12A6D4F80FE,SOYVSGM12A81C20CE2,SOMNRTW12AB0185CDE
SODTWEJ12A8C13B0C1,SOLYRHL12AB0180974,SOSEBGN12A8C133411
SOIPTRW12A81C230DB,SODXLNO12A8C134F3A,SOBAEJH12A8C132809
SONZEIR12A6D4F82D2,SOVEGWO12A6D4F5D6C,SOEUKKC12AB0183633
SODDQFO12A58A7F270,SOABDON12A8C138ABF,SOSXDWJ12A58A7CEA8
SOVNTDY12AB018ABB0,SORQACC12AB018E0C6,SOOANCT12A58A7BAE1
SOEOJJA12AB018FCCF,SOJJOAF12A6D4FE1F9,SOAAROP12AB01871DD
SOHTSBX12A8C13CF26,SOJKUVT12A8C13CF17,SOFHWGB12AB0180F70
SOFYFAO12AB0186306,SODYGCX12A8C131EE4,SODCPLV12A8C13CBD0
SOBEMGS12AAF3B53AD,SOLTPPO12AAF3B3275,SOUJNFK12AB0186B86
SOQHTKR12A8C139C93,SOOOVJQ12A58A7926B,SODHWDC12A6D4F664D
SOMXFDQ12A6D4F9E25,SOOMRKN12A6D4F8726,SOKHLQD12A58A767FA
SOBBRAQ12A8C1430ED,SOPVLJL12A8C1430E7,SOGARDI12A8AE45FDA
SOIZCTX12A8C1446FD,SOSDCPD12AB0189F96,SOVHVWZ12AB018A631
SOITPUR12A6D4F7A35,SOFSOBI12A8C13E1BE,SOILNKY12A8C140020
SOQIMBZ12A8C134D81,SOOPFWH12A8C134BA0,SODLSQO12A58A7E2AA
SODTBQJ12AB018BE8E,SOPCUKD12AB018B431,SOSDNOU12A8C13998D
SOYGJVI12AC4685489,SOCTPTD12A58A76CBC,SOVPRWP12AB018B128
SOUKQAD12AB0189A94,SOCMKJY12A8C137AE2,SOICKLS12A8C136DB6
SOVNXRB12A58A7D2CC,SOTLMUK12A8C1399F3,SOVFUXP12AB018F6F0
SOCQUUJ12AB0188702,SOVBFNG12AB018EB92,SONUSEX12AB0180235
SOQFDBB12A8C1392D5,SOTPJHE12A8C14143D,SOSCFFU12A8C134C67
SONUAMN12AB017C683,SOIHDHD12AB017C6A3,SOKDDJT12AB017C4B7
SOLFOTM12AB01825BA,SOJFZJL12A8C13E891,SOVMUUK12AB017B1E9
SOHKQJW12AF72A81D5,SOASWKO12B0B80C005,SOGHNKT12A6D4F720E
SOONDJQ12AC3DF56F2,SOEAXRG12AC3DF5720,SOZEGML12A8C13C27C
SOTUPIO12A67021463,SOIYSPN12A67021466,SOKRNQN12AC468F923
SOVGRWF12A8C144940,SOEFDUR12A8C14337A,SOEKDPG12A8AE475AA
SOSNWFQ12AB017EA4E,SOVLBLF12AB017EA73,SOGKDKL12A8C137D2C
SOXZGFK12AB0182F47,SOPGUJB12A670212C4,SOTZRNR12AB01851A5
SOQXGXM12A8AE45D9E,SOQAADU12A8C13398A,SOPFBRZ12A8C141315
SOCOPFT12AB017FC06,SOYMCST12AB017E8AB,SOTNWXO12AB017E417
SORFNSC12A8C134553,SODYWMF12A8C134555,SOVNOTB12A58A76A76
SOUGJKM12A8C13F3CB,SOYTCBE12A58A7EBF3,SOEHQED12AC3DFA46F
SOGZXOF12AF72A75DC,SOHKUMY12AB0189184,SOTITOB12A58A7BCCC
SOICRVU12A6D4FDA78,SOWVBVH12A6D4FDA73,SOJHPMG12A8C13B715
SOCTUZI12AB0185632,SOHBNSF12A58A77E11,SORFAAE12AB0181019
SOGGDDG12AB018096C,SOEXBBG12AB017A926,SOOKKNQ12A58A78095
SOQLWQT12A3F1ED117,SOADFSR12AB018C17E,SOSNECD12AB01816E0
SODNCTF12AB0187B92,SOGQTRZ12A8C13C8B0,SOIVZJD12AB0182EDD
SONGCRV12AC468AE46,SOEWUBS12A6D4F8DB0,SOVQIBW12AB0188522
SOCOVNA12AC3DFB229,SOANKVT12AC3DF8070,SORSRIX12A81C202BA
SOSIUCT12AB0182323,SOLPTCL12AB0181839,SOSDCZN12A8C13899D
SOBIOWZ12AB0183735,SOXOYFD12AAF3B37B0,SOWCGHO12AB0182164
SOMMAZJ12A8AE48869,SOUUERM12AB01850E4,SOTOZVV12A6701D3FA
SOLIEPT12AC46881B7,SOKWLZT12AC46870C5,SOVZQMT12A67ADC841
SOROFCS12A8C1410C2,SOEHSII12A8C144F69,SOJPFIJ12A6D4F5C8F
SOWTIOB12A8C139D36,SOXCPZT12AC4686553,SOXWZRB12A67ADAF43
SOKKQFY12AC90718AE,SOMIBPT12AC90718B9,SOIWNRL12A8C13BA13
SOSVILE12A6D4F933D,SOTHCAK12AB0188085,SOAUMMW12A6701E41C
SOOAKKQ12AB01842C1,SODLFJN12AB0182559,SOJYVHU12A8C136AA7
SOJMLJM12A8C13F463,SOAODJN12A8C13C958,SOVTEMS12A8C141E20
SOBWVKE12A6D4FCB07,SOEFELU12A8C13F1CD,SOXXODX12A8C13F040
SOBLTSM12A6D4F9EEA,SOGRWLL12A6D4F9ECF,SOUUERM12AB01850E4
SOHOPAT12A8C1436AC,SOECRTE12A8C14296D,SOPOFZU12AC907506D
SOQCVCL12AB017FBF5,SOFQXCX12AB0181D56,SOHPWHH12A58A79664
SOMOYIF12AB01838BF,SOQATPT12AB0189A22,SODRFQO12A8C138906
SOWVZIQ12A8C1433C9,SOMXMTB12A8C145406,SOKLXMX12A8C13EC17
SOUJRUF12A8C138BA7,SOJGMIW12A58A7C7E1,SOLAYFA12A6D4FD30A
SOPBDED12A6D4F93E6,SOWUAYB12A6D4FA1D4,SOGRWLL12A6D4F9ECF
SOITAJG12A8C132B26,SOAGIPB12AB0181E21,SOCGNUC12A6D4F8105
SOVKDPG12A8C144EE8,SOAEXGD12A6D4FB738,SOERMPP12A8C142B14
SOCHMNW12CF582669E,SOJRZQU12A6701FDED,SOOMCZT12AB01878B9
SOHERCW12A8C14292A,SORWKHR12A8C141015,SOCZPVM12AB0183612
SOUJNFW12AAF3B5522,SOHZXJF12AAF3B60A6,SOTIHQC12AB0187B52
SOTISPF12AB0189080,SOFTAAJ12AB0185ADF,SOSQCVI12A8C138447
SOCJTPQ12A58A7E212,SOWINPP12A58A792DA,SOSYBVY12AAF3B24C1
SORTUPC12AB0189688,SORSSEP12AB0187D6B,SOHOZQS12A8C13EB8D
SOKCWYA12A8C13DB57,SOLDADL12A8AE4836C,SOTBSSH12AB01837B8
SOBWPYK12AB017FF52,SOMCMZX12A67AE0221,SONRKMB12A8C133645
SOFWNCU12AB01805B1,SONYWBW12AB017A24A,SOMCBZU12AB01836F7
SOUGUAU12A6D4F8A3E,SOYURXS12A6D4F8A51,SOMABKL12A8C138314
SOVGRWF12A8C144940,SOEFDUR12A8C14337A,SORPZQR12A8C14082A
SOLWTTZ12A8AE482DE,SOQXOXK12A81C219E6,SOISPSP12A8C1360BB
SONCDFK12A8C13E675,SOEQHUU12A6D4F71E3,SOALNRV12A58A7F165
SOCTBYA12A6D4F468E,SOWNMSJ12A6D4F46E1,SOAOJRS12A8C13C698
SOJYBBW12AB0180E41,SOYSFRR12A8C143DD9,SOZNOSN12A67ADB240
SORPQOJ12AC3DF9D0B,SOIOTGM12AC3DF6B6D,SOEAPNZ12AB017B968
SOZRMFL12A6D4F7966,SOZHPIF12A8C1310E0,SOPHZED12AB01830E6
SOZBHAU12AB01849EE,SOEKDOJ12AB018449F,SOHULRD12A58A7C2FA
SOWXWOS12A8C143605,SOSUOOH12A8C133E91,SOUGLNY12A8C135E6D
SOFRXRV12A8C139657,SOXHYBA12AB017B32A,SOIYSPN12A67021466
SOAQQPC12AB0185593,SOODVEL12A8C13287E,SOHRSFR12AB018502D
SOPVGYL12AB017B8AF,SOKMREL12AB017AC04,SONBRVB12AB0188F34
SOGSYWM12A8C134C20,SOTQRCG12A8C131B71,SOEMTQD12AB0183638
SOXKKZN12AB018320B,SOHBKHS12AB01831EF,SOPFBQZ12A8C13B030
SOBOGEI12A8C13E92F,SODVOUV12A81C20639,SOJXWEX12AAF3B3091
SOLZTXD12AB0189AEB,SOCTJYQ12A6D4FD7FE,SOJCZQX12A8C13CF03
SOMBRML12AB018BAB8,SOKZCRU12AAF3B302E,SOQBNMS12A8C137493
SOAJKFN12A58A7FB78,SOQPOPG12A6D4FBE66,SOZEERG12AB017B03D
SOUPLIR12A81C206C4,SOKZSOY12A81C206D5,SOSXRKJ12AB0183F06
SOPAWEK12A8C133F7F,SOLRYLN12A58A7D2D5,SOAYZLY12AB0184500
SOVZTNO12A8C13D0BB,SOPHJJD12AB0181497,SOVUGIJ12AB018040B
SOACJLB12AC3DF6D43,SOEIQWU12AC3DFB5D8,SODBXHV12A8C133407
SOKOHSO12A8C1422BD,SOVJSAH12A8C141B46,SOOKNDS12A8C139FE0
SOKACLL12AC90729F4,SOKETFY12AB0181344,SOQPBEV12AC3DF66EF
SOTBXFS12A8C130ACE,SOONVWP12AAFEB7DE8,SONNNMK12AF729F082
SOQWFDC12AB01825B0,SOMFGRH12A67ADA790,SOJWZGJ12A670203B7
SOACNSF12AB0184B05,SOSCUFQ12AB0184B0B,SORJMLP12AB01877E4
SOQOYGO12A8C136563,SOEFIIE12AB018AE94,SOXVYYS12A8C1334E4
SOKQWRX12A58A7DD14,SOTOXRP12A6D4F8EC4,SOHMJHX12A6D4FD4B3
SOCVOAD12A6D4F6C8B,SODMXNZ12A8C141D1A,SOVYJHX12AB017F591
SOHOFEP12AB017ADCD,SOGCKKO12AB017ADB2,SOEZVEO12AB01811CA
SORKDTO12A6D4FAADA,SOKNGDE12AB017CA4D,SOETTWT12A58A793AE
SOCXQSA12AAF3B3145,SORUSHL12AB017FE4F,SOIOQTU12A8C138E9D
SOFZLWJ12AB0186B4C,SOSGOVX12AB018BA5A,SOQKNNR12A8C13DF16
SOZOXLI12AB018733C,SONMIVJ12A58A76E0B,SOTDTTB12AB0182624
SOZDGQU12AC961890C,SOHCYQQ12AC907253E,SOWWNMS12A8AE45B2C
SODOXXA12AB0182E78,SODFBSV12A8C1449AF,SOCQTDY12AB017D66F
SOUBGLO12AF729B222,SOBWGMF12A8C12FD0E,SOAKXBD12A6D4F90D1
SOBMWXO12A8C132120,SOVQBYB12CF546324D,SOXGEVV12A8C13CB11
SOHOXHT12A6D4F85DA,SOVYPTV12A6D4F85DE,SOXTBEI12A6D4FDA57
SOQXEDM12A63110828,SOHOVIP12A6D4F9267,SOGRWLL12A6D4F9ECF
SOPCIDB12AB0182868,SOBUKXN12AB0182862,SOHBLHT12AB018E5B5
SOEKGFA12A8C1338DC,SOIDGFA12A8C1338AC,SOFNMAF12A6701FB63
SOWHSLN12AB01875F0,SOVCPGK12AB01894AB,SOXOZEO12AAA8C5AFF
SOTUINU12A67ADBA55,SOKGRUO12A67ADBA54,SOGNSWM12A8C143777
SODLLOG12AB01821AC,SOAMQEV12AB01821E8,SOFZOMH12A8C1404F3
SOCVINZ12AB0186F7D,SOUREKF12AB0182B48,SOBAJSE12A8C135A3D
SOMIBPT12AC90718B9,SOUWZHP12AC9071893,SOFAPWM12A8AE45CD1
SOGRKPG12A58A7ADF7,SODLKUO12A8C13CA35,SOVCMVZ12AB0182A94
SOGNKXI12AB0185905,SOKYQVR12AB0183DD9,SOMAGRE12A6D4F8C60
SOGSFGQ12A8C136E05,SOUCDUY12A8C142377,SOACLRM12A8C1437F7
SOCOBMY12A58A7A161,SONCLNU12A6D4F86FB,SOTVVTC12AC468E1AF
SOXUSID12AB018875D,SOPWNFW12AB0181A81,SOWIHSC12A8C1404A6
SOMPCCG12AB0187C5F,SOLRIIN12A58A7B5E8,SOZLOVT12AB01820EB
SONQOZC12A670201A6,SOPPSDA12AF72A3D97,SOGVCMW12A6D4FA6D8
SOHONDR12A8C13E646,SOKYRZU12AB0185E35,SOLNWLF12A6701DC40
SOELAHM12A8C13573F,SOQNAVL12A6D4FA714,SOMJKEH12A8C1455FB
SOISGKX12AB018ACA3,SOTBYDA12A58A789F4,SOHCZOO12A6D4F897B
SOWOOQR12AB01830EE,SOURIUZ12A6D4FAB80,SOCVTWK12AB0187F54
SOBYGMR12A8C136231,SOQEDJS12A8C132F42,SOHHSDQ12A6D4F6368
SOGZNQU12AC3DF6945,SOGQZDP12AC3DF6937,SOTZRNR12AB01851A5
SOLGHDZ12AB0183B11,SOCOICY12A8C140D18,SOOJHFV12A8AE48064
SOPULCW12A8C134F41,SOOFLJN12A8C1440B9,SOSBNWJ12A81C2334C
SOESFUM12A8C13DA45,SOAXWNO12A8C1396E1,SOUFBFK12A8C13D668
SOAPOEA12A67AE1DAA,SOBBLUO12AB0184637,SOYGJVI12AC4685489
SOSPSCO12A8C140907,SOACLRM12A8C1437F7,SONDFII12A6D4F9E26
SOZTUCT12AB018F732,SOGWROA12A8C137D0B,SOBXHIX12A8C13B618
SOIHOZC12AB017CBF6,SOIAHLL12AB0180166,SOMAJYI12A6D4FB0C7
SOBAFTJ12A8A9D979B,SOLHMIO12A67ADE684,SOLUIVG12A8C1385BF
SORCSRT12A8C13477B,SOVXQCH12A8C133EA1,SOJQFDF12A6D4F91C8
SOHMTXX12A8C1332C1,SOXLEKB12A8C1338EE,SOKZWEF12AB017D990
SOFOEGE12A6D4F7C66,SOPZYZC12A58A79314,SOIRDJV12AB0181B74
SOAAYRB12AB0184B94,SOHCEBI12AB0188937,SOSLADS12AB0184E97
SOUTNJO12A670206F2,SOKRURG12A670206F3,SOLDVLS12A8C132A9E
SOHMLNS12A58A7DA68,SOWTHTG12AB0180B28,SOAYXCJ12AB0183822
SOMACLK12AC4687FE8,SOTSXMG12AC468A0DF,SOALLVR12A8C138417
SOQYMAI12AB0188754,SOIAILI12AB0183807,SOWWRKQ12A8C1405EA
SOAKAIG12A8AE46D63,SOHALYK12A8C13E218,SOHRYJO12A8AE45E9D
SONETAN12A58A7ACEB,SORMWFU12AB0185891,SOSSTWR12AB0184312
SOLIGTZ12AC468C6BA,SOQLWSG12AC39266BD,SOOQMWS12A8AE4705A
SOXDIQA12A58A7832F,SOSMJFC12A8C13DE0C,SOOPVJH12AB017D31F
SOFOZRT12AB017F1CA,SORBIHT12AC3DF8544,SOSGPGG12A8C136117
SOIPEHH12AB0189DFC,SOCSAVL12A6D4FAC37,SODTTFI12A6701DE87
SOOUUQC12AF72A56E3,SOOEXUJ12A6701E77F,SOKWXZO12AAA8C902D
SOQEUXG12A6D4FD08D,SOEYLNL12A6D4FD07A,SOBJSFP12AB0179B02
SOZVXEF12A8C13FB7E,SOHNPHC12A8C13FB80,SONQVMO12A8C134FC7
SODAAKS12AB018D37F,SOLHVZC12A8C14307F,SOXWECK12A67020594
SOHMGEJ12AB0187C0E,SOHCNDY12AB0185F06,SOJUXDY12A8A9D59E3
SOXLBKT12A8C14285E,SOWCFPI12A8C135047,SOJRGVK12CF5CFC527
SOKOMCI12A8C13D445,SOLYFEM12A8AE4836E,SOCHYHL12AC3DF93D9
SOJYUXY12A8C13EB54,SOWOMIY12AB0185E4E,SOIFLYF12A8C140329
SOWXEIB12AC90756AC,SONEFMV12AC3DF6DB7,SOBJUYZ12AB0182F11
SOKOFGD12A8C1445F8,SOYXJLO12A8C14459D,SOALZNC12A67ADF93F
SORGVTT12AC4689A40,SOZTHGQ12AC4689A7C,SOXVBBS12A58A7E482
SOZEPTO12AB0184F28,SOMHKDA12A8AE47B40,SOHDQGG12AB018794E
SOEANAP12AB017F765,SOETQOF12A8C14494B,SOAOCAG12A6D4FA89E
SOWXUNJ12A58A7E1A4,SOYDTFR12AB017CADA,SOAAWRF12D021B39CF
SOVWZPP12A58A7AC77,SOQZZZL12A8AE46FEE,SOARXHO12A8C136242
SOIOHGI12A58A7A953,SOIANZH12A8C138AA0,SOAPGDK12A6D4FAF5E
SOJBMVT12A8C133833,SOCKLXK12A8C139424,SOQEUAE12B0B80617B
SOIOESO12A6D4F621D,SOTTOGN12AF729F04D,SOBQXRZ12AC4687E6A
SOJDDRG12AB018330B,SOGQPFS12AB017FD6B,SOOJTDS12AB01809CE
SOCYUNB12AB01864B0,SOFTWAP12AB01843A3,SOEMICA12D02193CE5
SOMPURW12A6D4F6E50,SOEWJFY12AB01869A3,SOWVRGG12A8AE45BFA
SOLZXTF12A81C1FF0E,SOQJLBV12A58A78A30,SONSFPX12AB0186961
SOQYFGO12A58A797D5,SOXVYYS12A8C1334E4,SOJRELD12A6D4F51B3
SOPXOAW12AB01828BB,SOMIVGW12AB0180E11,SOAXUIF12A6D4FB94D
SOUTBHJ12AB017F3D4,SOLLXGC12AB017F3E0,SOCFBNF12AB018849A
SOGOJBW12AB018513B,SOBQPQM12AB0184636,SOBREKP12AB017DD9B
SOJQBCG12A8C135E24,SOECUUP12A8C135E4A,SOEXAYO12A8AE46607
SOGAFIT12A8C142730,SOTLWUH12A6D4FA08A,SOXRTKD12AB018589C
SOMHKDA12A8AE47B40,SOZDHDA12AB018A96E,SOJVIWA12AB0189127
SOQHFWA12AAA8C6662,SOFZWCY12AAF3B3CCD,SOSJINU12AB017D149
SOHSNJS12AB01831C4,SOLLWDS12A670203C9,SOTXYXO12AB018B008
SOAJUIE12A6D4FAC25,SOQBFIA12A8C13BAA2,SOMMROR12AB018DF02
SOQLJPH12A58A7BC5D,SONGUWM12A8C142CE7,SORLCCG12AAF3B514F
SOVZFNH12A6D4F96A0,SOJHUEK12A6D4F9E3C,SOFNXKS12A8C14057D
SOIPKQU12A8C143525,SONQTLP12A8C143513,SODGXZY12A8C13BA84
SOQSYFG12A8C1398FF,SOGOSKT12A8C13CDDB,SOZCKYT12A8C139376
SOAVXSK12AB0180A3A,SOHPPKS12AB017ADC6,SOKPRFU12AC4688BA9
SOMCPWQ12AB01808EC,SOVEUMB12A58A7ED19,SOSOHAW12A8C13EEEE
SORLJDH12AB01870CB,SOPUAZK12A8C13B8A9,SOLVSGJ12AB017C67B
SOJJUVJ12A6D4F78D6,SOBIIGG12A58A79821,SOTYRDJ12A6D4F8DF2
SOHIJHR12A6D4FBF89,SOHCBOL12AB018CD55,SOFYPVD12A6D4F591A
SONYXUW12A8C13EE49,SOEKRSK12A8C13CFB2,SOILWLC12A58A7A3A0
SOCGAMZ12A6D4FC409,SOQRYVB12A58A7DF89,SOGVJUR12A8C13485C
SOYYHXD12A58A7D8FE,SOZZXEH12AB0189D03,SOVTAYI12A8AE47ED3
SOJSXCM12AB0182A86,SOYPAIU12A3F1EBAD5,SOAAAQN12AB01856D3
SOZEGUZ12AC90713F4,SOGGRXI12AC907140D,SOXVUBM12A58A7DAE2
SOMKTYK12AB017D65A,SOLRJKY12AB017D675,SOQKQBA12AB017E410
SOIOQRX12A6D4FB036,SOVHWRD12A6D4F8F87,SOUEEKG12A6D4F6857
SORUILS12AB01806D3,SOULHBU12AB0180C41,SOIVSDJ12A6D4F8B07
SOBDFWN12AB018552C,SOSEGVX12A6D4FC143,SOHQVWU12AAF3B3186
SOCHDCZ12AB0188A57,SOWDBDB12AB0188A83,SOEXJKS12A8C141064
SOQGLPH12A8C141089,SOPYPCN12A58A7A856,SOWAAMH12AB01877F3
SOHNOFV12A8C13A177,SOGWBXF12A8C138E48,SOQERUH12A8AE47EB2
SORZVAB12AB017F819,SOZPGUT12AB017B0C7,SORHTPM12AB0189E9B
SORMZUF12A6701F2BA,SOEGSML12A6D4F8D93,SOACNDS12A8AE45586
SOXLWPS12AF729D5DA,SOZYURR12AB0180369,SOCXPYV12AB0185818
SOWYNAH12A8C143A01,SOMSYGL12AB018630D,SOOXBWR12A58A7D09F
SOVCXTS12A8C144928,SOLKDXH12A8C13EC9B,SOZMYRG12AC468AEF4
SOIDVKP12A8C13A8A2,SOTXDYB12A8C13A8D4,SOUFOHM12AB01854BB
SOEMLBO12A6D4F67BC,SOZPSFK12A8C13AC5C,SOSNQRQ12A6D4F9D36
SOKAVYA12AB0188454,SOISFRK12A6D4F573D,SOLIFQM12A6702054E
SOWJGCY12AB01824A1,SOSPKGJ12AB01824B3,SOBJLSB12A58A77FB5
SOJHPMG12A8C13B715,SOSTIDX12A8C13C526,SOLKOLV12AC3DF5241
SOTCYZT12A8C13B53F,SOFYOGR12AC4689E87,SOTNJDC12A8C133C6C
SOQWXYR12AAF3B3AA0,SOPNZRY12AAF3B5C98,SOBXEJI12A58A79725
SOVHUBB12AB01817FB,SOAYRJM12AB01867AE,SODNIXB12AB018A2A2
SOIFXOI12A8C13FD2C,SOMRVBV12A8C13FDEA,SONOJYZ12A6D4FBFD3
SOVGYQA12A67AE2352,SOVBANJ12AAFF444CF,SOQUYZZ12A8C13EF45
SOTOJTK12A8C1385FD,SOBYTCZ12A8C13B0A0,SOBKXAF12A8C131F3A
SOEEFGJ12A8C140ADE,SOOVEXD12A8C1424A0,SOHDTLT12AB0183F06
SOTJWBE12AB017BBDE,SOMUUNK12AB0183AEE,SOAYONR12A6D4FBF84
SOBLMBJ12AB0189747,SOBDWHO12A8C13440D,SOHQRXW12AB018B171
SOLSKOH12AC4686767,SOVHGNU12A8C142FE5,SOUDAHM12A58A7B19A
SOQFPLS12AAA8C664B,SOAGNOL12AAA8C6CA9,SOKQOSZ12A8AE468A7
SOCYBZS12AB0184317,SOBHLWQ12AB0181B81,SOOJJQO12A6D4FB913
SOYSAAB12D0219BDE3,SOGISLX12D021B3D27,SOHWDZL12AC4686E88
SOXATOP12AB017ACAE,SOMVWOK12AB017D07F,SOKBCZC12AB018524D
SODWFBM12A6D4FAF53,SOTWWLY12A6D4FAF77,SOMZICS12AB017D548
SOSANVY12A8AE484C9,SOLSMOM12AB017FEFB,SOFVTAO12A8C13A092
SOTQTWI12AB01892FD,SOVSYOP12AB018AD05,SOUGYMR12AB0188403
SOAZGWL12A6D4F7AC2,SOAWKUR12A8C1402E1,SOTYGMX12AB018A0BA
SOWEEGD12A8C136D4D,SOEFZVQ12A8C138735,SOJOILE12AB01889BA
SONNVKK12A8C13CFBC,SORYKRN12A8C13CFC5,SONZIVD12A6D4FB2E4
SONCUFJ12A67AE2285,SOKLOHZ12A58A7E58C,SORCIKK12AB0184E4D
SOZUPRG12A8C143BC9,SOLYRHL12AB0180974,SOSERTL12A8C138CDA
SOGBSWM12AC4687EE6,SODIXPV12A8C132E8C,SOZZXEH12AB0189D03
SOEOFPQ12A6D4FB284,SOBGDZJ12AC46865B7,SOMIDKH12AB018F5AC
SOJSPSR12A5891FFB9,SOFQLHB12A58A77520,SOGLPNB12D021990CC
SOLWXXB12A6D4FA86D,SOYKOLU12A6D4FA862,SONMIVJ12A58A76E0B
SOHHBXG12AB01867BC,SOBMURI12A8C1426CB,SOBLSAK12A67ADA433
SOTXXZR12A6701FA28,SOAEUQV12AB01813F8,SOPHBXZ12AB0185258
SOKKDOF12A67ADD645,SOHKQJJ12AB0181050,SOIIIYG12C41E0704E
SOYZVHB12A8C136FE0,SOCUWKH12AB017C742,SOPPVFF12AAF3B309F
SOBHODS12AB01813BC,SOZILBD12AB01813CE,SOGBFIV12AB0182F24
SOJBGIF12A58A7DA69,SOCQBIM12A8C14419E,SOEPJXE12A8AE47FF5
SOCEKJL12AAFF44A8E,SOQEDJW12A6D4FB3F3,SOVYCTD12AB0186097
SOQVCQK12A6D4FD32F,SOYWFWL12A6D4FE07D,SOLZPBH12AC3DF578D
SOBVRXY12A6D4FC669,SONLVGG12A6D4FC66B,SOTLJUT12AB018B1AD
SOPEHBB12A8C14309C,SOMEUNQ12A81C1F8D0,SOAXMBI12A58A78919
SOMDPEU12A8C145E15,SOQAVEY12A8C145E27,SOHBNTW12A58A79B88
SOHRZGI12AB0189466,SOJFOFR12AB0180EEF,SOPPZUY12A81C20AF7
SOLCSEG12A6D4F9390,SONLIGC12A6701FA6D,SOCVTWK12AB0187F54
SOCALFU12AB018D2D0,SOWTFTC12AB018D2F0,SOVMPFJ12A81C20829
SOKAAAY12AB0186459,SOACIFE12AB0187C9C,SOAUSXO12A8C136872
SOHACYI12AB0186821,SOIONEB12AB0189972,SOMZTWP12A8C139DEF
SONQAVF12A6D4F5FE3,SOLDQOV12A6D4F5BBB,SOFAURE12AC3DF8246
SOLXZOF12A8C13D6B8,SOEBWDS12AB017F038,SOOGNRX12A6D4FBDEC
SOPSQXW12AB0185BAE,SOCCIIB12AB0185BBF,SOHYJHG12A8C13D5CE
SOHBYMZ12AB01884B1,SOFWZIV12AB01824EB,SOVGJSO12A6D4F80AA
SOMCQZY12A8C136BBF,SOBQWPU12A8C144A5E,SOVVMZB12A8151BDF3
SOHUOWD12A67ADE622,SOWOFRL12A67ADE623,SOTWMRA12A6D4F6075
SOYTZPS12A8AE49E42,SOQJAID12A6D4FB775,SOSSDXT12AB0181111
SOOWNTL12AB0184305,SOPLWCS12AB018430E,SOKXAFQ12AB01891A2
SOZLOVT12AB01820EB,SOJBNJZ12A8C138A73,SOKONXI12AB0183D8D
SOCFBDL12A8C140F37,SOKTDVT12AB017B65A,SOHKXRA12AB017CB5C
SOPRMBN12AAA8C59AA,SOGKQTG12AB01891C9,SONSFPX12AB0186961
SOHURCF12A8151CA32,SOHBEOB12A8151BAEB,SORFDKB12A6D4F469F
SOJAAKP12A58A7D6AB,SOQJYZT12A8C13796E,SOGCZSL12AB018572C
SOPIKEG12A58291636,SOOFUMT12A8C133296,SOOIOBE12D021B2392
SOERFXP12A8C1394C1,SOLAOJM12A6D4F7CA9,SOONODE12A6D4F81D9
SOHWTCE12AB0183BAE,SOKJBIY12AB0183B8B,SONQWCG12A67021300
SOWIMQH12A8C13BB7C,SOCIWDW12A8C13D406,SOPOISC12AB018C718
SOJROJY12AAA8C4F65,SODJIVU12AB018B699,SOFVUXQ12A8AE466A4
SOWRKVH12A8C13FBC8,SOUFDQA12A58A7C89A,SOCUGUF12A8C1415B3
SOCNUKY12A8C13CC6F,SOIPOUY12A8C13BC3C,SOPPYYY12A8C144425
SOKRWXU12A8AE467B2,SOGHDII12A8C130FDC,SOXKVPZ12AB0186982
SOTETFB12A8C13BDE9,SOLZFRY12A8C13BDF3,SOFXROQ12A8C135AA7
SOUBUIS12A6D4F963F,SONLDYQ12A6D4F97F1,SOQURWH12AB017D5A9
SOXDPGS12A8C13E193,SOXUEBY12AC46850CB,SOHVKMD12AB01822AA
SOAXWNO12A8C1396E1,SOESFUM12A8C13DA45,SOVKRNJ12CF5F876BB
SOYGXQM12AB018CD16,SOCWZML12A8C143F64,SODXYFV12A6701E4DE
SOHVGFF12A6D4F71DC,SOKDSWP12A6D4F9B5A,SOUNVMP12A6D4F468C
SOYJWLC12A6D4F9E71,SOUNESD12A8C13B2B0,SODYDMB12AC46896F8
SOCNYSW12A6310D91E,SOUJDKW12A6310EA77,SOANOBW12A6D4FE698
SOFYKCC12AB017FBFA,SOSXMMJ12AB018345C,SOJNPLJ12A8C13FB89
SOGWLRV12A6D4FC243,SOOUKOL12A6D4FC24A,SOHSMFA12CF5664FD8
SOIMICQ12A58A76383,SONKMON12AB017F750,SOVIKWG12A8AE45F01
SOYXERA12A8C13B0BC,SOHVTVT12A8C1386CC,SONGWKK12AB01869A5
SOLDATQ12AC468D1FD,SOPGOHU12AC468EE79,SOKSAGC12A8151C64A
SOPOWJI12A8C14159F,SOFDYYA12A58A78E73,SOEFMBB12A58A7D005
SOQOWVQ12AB0183506,SOYCTOJ12AB0185204,SOQIWJU12AB0188173
SOUGMLW12A8C14005E,SOLBVAK12AB0185E15,SONQIZO12D021B14BC
SOTYMMB12A8C1418B3,SONLJKQ12A8C1427CC,SONNOUH12A8AE47C47
SOPJOJH12AB018CCFE,SOMLURN12A58A78E73,SOPDBJA12AB017F65D
SOGZNLG12AB018344F,SOXYOZX12A6701F933,SONXDTV12A8C13B7A0
SOHPRCO12A6D4FB43D,SORYYAW12AC468BF85,SOIRHHG12AAF3B3CC9
SOEBGLX12A6D4F74CF,SORANTR12A67AD7243,SOIEAMX12A8C137AED
SOKGPRX12A8C138268,SOMFSJZ12A8C13358D,SOFYNQX12AB018B8E1
SOUNWJW12A8C14097C,SOYEGFP12A8C13FE10,SOBIAIW12AB0182B47
SOCXKXJ12AB0189B03,SOHGDYQ12AB0189B05,SOOJKZW12A8C1410F7
SOPXYGQ12A8C143CE8,SOLIBAM12A8C142A02,SOSUONB12A8C142E83
SOJOUBX12AB018A61A,SOHIHOQ12AB018A613,SOIULNU12A8C1368F2
SORMVCI12AAFF428F3,SOAXOLJ12A6D4F8B92,SOMRKHY12AB018916B
SOFPYXC12A58A7A4B9,SOKLBUF12AB0180F11,SOLITWK12AB017ED5E
SOLPQGY12A6D4F6F31,SOOMXKQ12AB0180B1E,SOJFLSM12A58A79F83
SOAPOYC12A6D4FBB27,SORYKNV12A8C140702,SOVHTGK12A6D4F8A2C
SOQIBCH12A8C142CE5,SODHWXG12A6D4F9F87,SOLPMPN12AB01821C6
SOCLIXD12A58A7B60D,SOELUFA12AB01805B5,SOXPGZA12AB018698D
SOQHYNT12A8C13B77A,SOQDVPI12AB01846C4,SOCWDKB12A58A786A8
SOJSKKY12A8C134B10,SOKNWHQ12AB017CC6C,SOBVBMF12AB017D963
SOOUXUD12AB0188D97,SOWIOMV12A8C13C6AD,SOUTPRN12A8C13657E
SOTPTOJ12A6D4F7FDC,SOYCSJD12A8C13A77E,SONMCAX12AB017DB61
SODWVYV12AC468B2DA,SOFEJKC12A8C14438F,SODNLEN12AB0188208
SOMNYBF12A58A7CBCF,SOKLWBE12A8C13431A,SOCSXBH12A58A78109
SOAOLVC12A8AE47EC1,SOSDXSS12A8AE481CC,SOHHIXI12A58A78DBE
SOTURHB12AB018691B,SOAHCUU12A6D4F93B2,SOJPGUL12AB01844A8
SOVTJXR12A8C1389F6,SOJHMYB12A6702041F,SOLURWH12A58A7DD13
SOAAZTG12A8C13B0C0,SOGDCED12A8C13B662,SOEKEMZ12A58A784C1
SOVOGTK12AAFF42AFF,SOQJMIU12AAFF41B2A,SOXSHHH12A8C141A54
SOHIQSW12A8C139A38,SOONYFK12A6D4F442C,SOLZKHB12AB018A070
SODCJKB12AB018C5A8,SOVHTEG12AB0188A10,SOQDXTI12A6701C54A
SOIZDIG12AB018B293,SOHYQYX12AB01833DA,SOYJGWT12AB018F7EB
SORUAUP12A8C13B3DA,SOBBGQK12AB0183F1E,SOSELXM12A6D4F8129
SONUBPB12A8C13C5E5,SOSFFJA12A6D4F72C8,SOTBSSH12AB01837B8
SOWEYUT12AB01837D2,SOXKCUJ12AB018875F,SOPBPBT12AB01831A5
SOVUJGX12AC90977B2,SONSZYC12A58A7C753,SONPMIM12A8C13CBE3
SOTSEFJ12AB0187FC3,SOPJWTM12AB0187FB5,SOSNUSH12A8C1337DB
SOCPVQM12AB0184ABB,SOBFXXF12AB0182007,SOIBMDU12AB018607D
SOIOTOT12A58A7D5EF,SOFWTMY12AB0187044,SODIAHF12A6D4F809C
SOTVUAD12AB01851FE,SOOIOSN12AB018524E,SOSPCBI12A58A7BF1E
SORJFKG12A8C1351F0,SOTAIJJ12A8C133E4D,SOESDHP12A8C1375AD
SOGDYTB12D02198105,SOVTLBU12A6D4FB125,SOMOSTB12AB01798BF
SOJGNQT12A6D4F9EF0,SOQQBSZ12A6D4FBE8C,SOEZAPN12AB01864D3
SOXEVCF12A6D4FAC26,SOGTEWJ12A8C13DA81,SOKWUAB12A8C1386FE
SOULSIJ12A6D4F9DDC,SOTCYEO12A6D4F9DD7,SOAAXEV12A6D4FA21C
SOVGSAM12AB018441C,SOMYOVE12A8C1341DE,SOHCZTI12A8C139141
SOWIIVC12AC3DFA276,SOSZGNO12AC3DFA244,SOTNQVV12A6D4FE367
SOGMZGN12AB0188EAD,SODUNIV12A8AE47CD5,SOBZOTA12A6D4F8234
SOLYRHL12AB0180974,SODTWEJ12A8C13B0C1,SOIMULA12AB0181A62
SOSJMIV12AB017D7DA,SOLYPIE12AAF3B5524,SOVSDVZ12A67020D7D
SOWSUAA12A6D4F5F22,SOIMXDG12A6D4F5F1D,SOPFLBY12AB0187DC0
SOMLKVB12AB018940C,SORBWVI12A58A7C3CF,SOXLIDG12A8C139D77
SORQUMA12A58A7A84B,SOEQHSE12A6D4F6514,SOTNBMI12AB0187691
SONUJML12A6D4F6E6F,SODRQXJ12AB018BB3E,SOOATGI12A67020FC4
SOTSTKL12A8C141122,SOANHZN12A8C141172,SONETAN12A6701C55F
SOVUJGX12AC90977B2,SONSZYC12A58A7C753,SOYJFCZ12A8C137848
SOYOGCH12A6701F708,SOTNEHM12AB0183EAB,SOYBKEI12AB018884E
SOEWLTH12A6D4F8E29,SOMZNFA12A6D4F8A2A,SOQBIEB12AB0187D27
SOCWGLQ12A8C13D14A,SOQIVDD12AB018A979,SOEFRRE12A8C145A7F
SOWHCEB12A8AE476C4,SOBJYXZ12A8AE45FF1,SOMXOCV12D021B243F
SOHKDXA12A8C134775,SONMPUE12A6310DF6C,SOKXRDR12AAA8C6626
SODCSQO12A8C13DD3C,SOYZOXH12A6D4F730F,SOOIRCH12AB0181EFE
SORAKMV12A8C140074,SOCKILJ12A8C132BF8,SOLIPCK12AB0188CCA
SOAXKDL12A67ADD93C,SOMMUEG12AF729B982,SOICHPE12A8C132625
SOZSRKU12A6310E220,SOCHNGZ12A81C22D0C,SOJXJQX12AB018A268
SOTPULV12AB017DED5,SORYDPO12AB017DEB4,SODYSVW12A679C805B
SOCSRZZ12A8AE4892C,SOWLOUZ12AB01819E0,SOKXXDP12A6D4F92DD
SOJNJAX12A8C13354D,SODHZCE12A6D4F6A0C,SOCUNOT12A8C136E33
SOJFLYC12A8C13E5C0,SOOTKOP12A8C140D18,SOHMGEJ12AB0187C0E
SORLTFY12A6D4FC61E,SONKHIU12A6D4FC61C,SOGTAQT12AB0187328
SORNNYA12A58A7D4DC,SOXCQQN12AB0182994,SOPBXRI12A6701CDBB
SOWOOYZ12AB01833EE,SOEGUJY12AAA8C867E,SOSJRRW12A6D4FA5CE
SOWWGAA12AB018A947,SOYMCOA12A8C143166,SOMZALT12A8AE4804B
SOXUANH12A58A7DD14,SOFKLSW12AB0187126,SOLGJQW12AB0183C04
SOMDNAO12A8C137E7F,SORPDFR12A58A78B47,SOHONDR12A8C13E646
SOCLZQL12A8C13F997,SOCJFFQ12A8C13E02A,SOKKSMS12A6D4FA5C7
SODJQBM12A8C1353FF,SOHHETM12A8C13DE22,SOEGSML12A6D4F8D93
SOEXFZF12A8C13E0DB,SOOTYVJ12A8C14184B,SOSSZUC12CF546516F
SOIJXNH12AB018C530,SOKOIZD12AB018C13E,SOANHJM12AC4689D83
SONTOZF12A8C138296,SOSPGMD12AB0180C42,SOQZDWB12A8C14330D
SOOBPTU12A8C132CA7,SOUKFRR12A8C1383E4,SOVVSKV12A6701FCA0
SOPZTCM12AB0188B6B,SOQQHYU12AB0188B80,SOWISRQ12AB0188186
SOOBUUM12A8C13696A,SOTIRUS12A8C13F53D,SONURGC12A6BD51224
SONDALK12AB018573E,SOVTSDN12AC4688B6A,SOKJSLO12AB0180F23
SOOTDEC12A6701D0FF,SOFHBAR12A6701D0FE,SOQOWVQ12AB0183506
SOUAFNT12A81C1FDDC,SOZQJHY12A81C2290F,SOYOMGJ12A58A7A668
SOUHZDY12A67ADE9AD,SOPOLJZ12A6D4F735D,SOJQSVJ12A8C1360AF
SOICTIE12A8C135603,SOSGSTX12A8C137AF2,SOODAAU12A8C13CBC7
SOWRLSY12AC4687694,SONSSZX12AC4687680,SOUPZWV12AB0185A80
SOCPTXX12A670216E9,SOFUUCS12A81C23A5D,SOQUHNH12AC468A150
SOFFIQX12AC960DA6E,SOEDFBN12AC9072EFE,SOKULWV12A58A77A7F
SOAZYYF12A58A783C3,SOBYPWH12AC960A335,SOEGJPY12A8C134B1B
SOLTHKX12AAF3B598D,SOHFIDA12AB018872F,SOIZPQD12AB017E788
SOHFPCP12A8C142328,SODGJOD12A6D4FC564,SOPHRVQ12AB01893FE
SOSHESM12A58A7CB90,SOOEMLL12A8C133FB3,SOCRKXP12AB018A10C
SOVAAIY12AC4689D7D,SODFMEL12AC4689D8C,SOXODZX12A6BD5490F
SOJRYPF12A6D4F550C,SOMQNVV12A58A78880,SOLWFIW12AB0183257
SOTZJPT12AB018B29A,SOQJNYR12A58A7D507,SOFYXVK12A8C145137
SOFLVLO12A8C13DDD9,SOBDRZV12A8C134650,SOQFMFP12AB0188BFD
SONCOVN12AB017B6A7,SOSUTVG12AB0183C5C,SOFTGYM12AB018444E
SOMOEFU12A6D4F94D5,SOSCMEX12AB0182580,SOOQYHX12AB01824D0
SOLIZTL12A8C13A809,SOEEQSG12AB0182FDD,SOLXMQJ12A8C13E09C
SOWQZGN12A6D4FC9CF,SOOSMUV12AC46884AD,SOTQDCZ12AB0181A10
SOYAIPW12A8C13B1DE,SONKBTN12A8C13E8CB,SOWFZAH12AB0182D05
SOIAMUS12A58A79FBE,SOEVNIS12A8C1327B1,SODLBFN12A8C139B35
SOJZSHY12A8C137A17,SOEDNSN12AB0185148,SONQMYP12CF533CFFE
SOBEVGX12A8C134380,SOGYBHP12AB018ED4C,SOYXMXM12A8C138E61
SORAOMT12A8C140327,SOALKSA12A8C140F94,SOLVXXT12A58A7AFCA
SOXAEJL12A8C13CB8C,SOCESIF12A8C132E89,SOMVWHF12AB018A3D3
SOXSKAR12AB01867E7,SOBVVKA12AF72A5795,SOHQXJU12A67ADA856
SODYZSD12A8C13FC46,SOXZFPY12A6D4F5D7A,SOGRXSE12A6D4FB47C
SOKSZUR12AB0180AE3,SOJHCJU12AB017DBC1,SOHBJLC12AC468932E
SOJGGVX12A8C13A652,SOVZQRM12A8C13E9BC,SOQQABM12AF729A392
SOFTONP12A6D4F86E0,SOGKPSJ12AC468C94A,SOQNORV12AC468BDE1
SOLPRRV12AB017E6A3,SORXZCL12AB0182056,SORGYPV12A8C141682
SOTMALT12AB0189D0C,SORMCQL12A8C141C85,SOHLAGO12AB0188518
SOTTUGH12AAA15EB5F,SOSYSGS12AB0186A23,SOJYNKH12A8C13A0D6
SOGRZFG12A8C135B63,SOWWWCG12A8C1399F6,SOAOZYY12AC3DF41F3
SOHXUPK12A6D228242,SOOSOBU12A8C13DFF4,SODAIFM12A8C1319C2
SOAOMUV12AB018B851,SODVIBY12AB0186823,SOCLQKJ12AF72A4AB0
SOLPTCL12AB0181839,SOIBMQP12AB017FF20,SOCQAEO12AB01825BC
SOICRZD12A8C1321FA,SOZUTGY12A8C133BD5,SOOIKRG12AB017C40F
SOUQJAM12AB0185FA4,SODCPLV12A8C13CBD0,SOCKBOQ12A8C13F68E
SOQBIEB12AB0187D27,SORRXCI12A8135828A,SOXUSID12AB018875D
SOYSODT12A8C13BFEC,SOWOPFU12A8C138C38,SOOEEMY12A6D4F79D2
SOSGCVQ12A6D4F8B80,SOSPINI12A8C1376B9,SOUAFSX12AB017B642
SOIMZSM12AB0188CB8,SOVEXXE12A8C134E83,SOESGEF12AF72A8765
SOTONBN12A58A7EE68,SOYGKYC12A8C13BB24,SOKCTOO12D02193F29
SORRELO12AAF3B1184,SOIOLEO12A8AE46C7E,SOREVJG12A8C142855
SOYJTIE12AB0188AAE,SORWQRH12AC468C033,SOTDFLN12A8C1391D3
SODDBJR12A8C132CAE,SOTEOXP12A8C132C44,SOMSTTN12A8C1353CD
SOPEJWE12A8C138996,SOABNPC12A8C13A9CC,SOGKHWG12A58A7B648
SORETTD12AF72A3301,SOAVIUW12A8C13F8D3,SOANTZI12AB017BFA0
SOHVOBI12A5891E993,SOPNFYY12AB01828D4,SODIBWW12A8C13467B
SOZYFSB12A8C1393CF,SOPEYTA12A8C1352AB,SODPNXD12AB0184A97
SOIYJXO12A8C142278,SOAQOVR12A81C1F7D9,SOVPWRB12A6D4FB0C3
SOFDDSM12AB0182DCA,SOAWDBP12A8C144CB2,SOLVDJF12A6BD50DFF
SOVEIGH12AB017D5C5,SOJHFUV12AB0185257,SOUHSFF12AB0188F35
SOTKKSP12A6BD53D32,SOBLFTH12A6BD53D38,SOFRWEQ12A58A7DF40
SOENIDD12AB01855A8,SOJDINM12A58A7D2A0,SOUPSLG12A8C13E734
SOPFBTY12A6D4F8D0B,SOZEHNN12A6D4F8D14,SOJIBUI12AC9072E8F
SOEUWAU12AB018B659,SOUGVRX12A8C1337CB,SOBGNHG12A8AE472C2
SOPHUOP12A8C1406F7,SOAHZSF12A58A7662E,SOZOLQY12AB017AAE8
SOFMZFX12AB018437A,SOUAFIJ12A58A7CC67,SOONOTX12A58A7A88B
SOCZPSD12A67AE220F,SOLRPQK12A67AE220D,SOSTQSC12A8C13684C
SOELVWV12A8C143206,SODSAQC12AC907549A,SOHDVMB12A8C144469
SOXEOQW12A58A7DB48,SOSVMOH12AB018CAD1,SOKHTXQ12A6D4F9416
SOHUFXL12AB0183AE8,SOGLJEN12AB0183B14,SOBZQYJ12A8C1350BC
SOBMFZK12AB017B922,SONSJIB12AB0189CC4,SOKEYOU12A8C132392
SOEMTZO12A8151DD78,SOMISOP12AC468D9D5,SOAKWPB12A81C21625
SOZBXRR12A8C132593,SOWDKXG12AB0182FC6,SOALFYI12AB0183465
SOHIQKE12A6D4F83B2,SOMEOAK12AC468E983,SOUVGZR12A8C1461A9
SOWPRDH127CF8DE745,SOBBGLL12D021B415C,SOWTFTC12AB018D2F0
SOEAWIO12AF72A0222,SOGRQSA12AB0189BE2,SOWHFID12A8C133F6B
SOGHNKF12AB0184A01,SOUGIWU12AB0188ECA,SOPAZGG12AC3DF6DC1
SOWSXBL12A8C1369FD,SOHAXOA12AC9DCAFE4,SOLDRTU12AB01838B9
SOCJJDX12A8C13E745,SOGYGFM12A58A77D96,SONSZYC12A58A7C753
SOSEFMC12A8C136D2A,SONMVHP12A8C136D33,SOAJKFN12A58A7FB78
SOSWJXI12AB01854F5,SOBOYEV12AB017DD60,SOGAQYH12AB018AFDA
SOMPRYY12A6310E843,SORQAGF12AC468718A,SOOBRTK12A8C13D6A9
SOUDEDR12AB018AE35,SODNMZG12AB018AE3D,SOUWZHP12AC9071893
SOSZOXP12A6D4FB9A9,SONTHOF12A6D4FB9B3,SOPOUHD12AB0183F20
SOJDMUS12AB018259A,SOUYIJX12A6D4F96CE,SOVQWOK12AB0188CFB
SOBMIYJ12A8C13CC31,SOPHJOH12A8C13F436,SOQPBFS12AB0181CD1
SOGRJSY12A8C13C25E,SOCDZMU12A8C13C256,SOGPDDF12A8C134333
SOFFFRA12A81C2059A,SOBZGTU12AC3DFB6E8,SONJIAS12A58A7AE75
SOAHKTB12AAF3B1834,SOLUXXH12A8C144DF4,SOPDTGT12A8C133E1B
SOJELTQ12A8C1301E2,SOLDLXG12AB0185707,SOHAXFE12A8C13F057
SOSCJLH12AF72A11FD,SOHFHRJ12AF72AB7E5,SOPGWTM12A58A79E9C
SONJFNL12A8C13A066,SOLJLRX12A8C13C496,SOBZUCH12A8C13DCA0
SOOXPOB12AB0186771,SOYWOGZ12A58A771C8,SOCPFDY12AB018300D
SOPROVK12A8C131899,SOCMGWK12A8C138B92,SOMMWXY12A6D4FD8D7
SOAEGIH12A6D4F8B51,SOMDFUX12A6D4F8E61,SOGUTLT12A8C136B2B
SOHAVRS12AB01815D0,SOYOYEV12A6701D2B4,SOFHGPK12D021B3902
SOHOTNU12AB0180C23,SOZDGSX12A8C139AA7,SOTTVHO12A8C138279
SONPKIF12AB018164F,SOVQIJC12A8C141CF6,SOGTWVV12AB0180C03
SODMTUR12A8C13C8A4,SOQGFVO12A8C13C8C3,SONTEZP12A8C135E51
SOYIQNZ12AB01830CE,SOVKPBJ12AB017FC44,SOXVCLO12A8C137F4E
SOPHEQT12AB01859F4,SOSBPDC12A8AE479B2,SOSWHRZ12AB018A65F
SOZMZPN12AB0186689,SOHFTIW12AB0186687,SOAMOID12AB017F0C2
SOJQFNU12B34F329EE,SOBCUJG12A8C1346B0,SOURNDF12A6D4F8F4D
SOQSAXZ12AB0186CE8,SOPIHMB12AC468E0DD,SOXZZUV12A58A7CAA9
SOGAIYO12AB0188029,SOFGMQR12A8C1426B0,SOSMPWZ12A8C13B6A7
SOXUCEA12A8C13B69A,SOWDANW12A6D4F670A,SOKUECK12A8C140B7F
SOJNQAK12A8C13FDA8,SOFMTLV12A8C13FD9B,SOONPTU12AB0180F49
SOLIKDN12A58A7E814,SOMUWDF12A8C1362A4,SODZJIJ12A58A7EDBD
SOGCDYR12AC961854A,SOWGZFG12A8151AF41,SOCYEZO12A8C14360F
SOJOZGI12A81C235CC,SODBFHB12A8AE45752,SOKBLVA12A6701F38E
SOURQCZ12AC468CA6C,SOZEQVC12AC468E38B,SOLEOEP12AAF3B4211
SOGPIRE12A8C131A25,SOJZJVQ12A81C2320B,SOYTSKQ12A8C1373B4
SOKXISM12A8C14335E,SOIDOHE12A8C135371,SOVYJCJ12AB017FA24
SOXQXOJ12A6D4F6546,SOLPCWK12A6D4F654E,SOIXFFL12A8BED74A0
SOPHJJD12AB0181497,SOZUVKP12AB017DACD,SOIQBUA12A8C14125F
SOQQDOT12A8C13BB64,SOJTLYI12A58A7B730,SOYPZAE12A81C1FDC3
SOZQDRV12A8C133FB1,SOPFURM12A67020D2A,SOSIPVN12AB018A341
SOQURWH12AB017D5A9,SOLHPWF12A6701C362,SOBZMVV12AB017F74C
SOWYRQW12D0219B739,SOANXLR12A6D4F82BF,SOACNDS12A8AE45586
SOHBIHR12AB0184C6B,SOMIMMD12A58A76E47,SOGVIRG12A8C135E90
SOOVPVS12AB018B4EE,SOKMJVM12AC468D9AF,SOGXBAN12AB017EDA7
SOJUPRU12A58A7A5B6,SOCWDKB12A58A786A8,SOOSACS12A8C13A149
SOGKWBX12A8C142EA4,SORZQEV12A8C142ED0,SOPVAOQ12A8C132F94
SOMPBTH12A8AE48A8B,SOONKCD12AB018353D,SOZQDIU12A58A7BCF6
SOKBSER12A8AE4851A,SOZVETB12A81C2277A,SOBEBDG12A58A76D60
SOMLLDX12A8C131B6D,SOXHSLU12A8C13467B,SOBQCSC12A8C136A31
SOSMXVN12AB01850E9,SOOXHYJ12A8AE46EDA,SOXIEUD12A67020BCE
SOSCFLW12AB01824FE,SOKXFPD12AB018BA1F,SOLMXOH12A8C134DD5
SOYMSWO12AB0188C2C,SOCELKB12A8C1455A2,SOOKFEN12AB0183285
SOFMNAD12A8151D766,SOMSGRA12A8C134190,SOULLCE12A58A799B6
SOFKRRF12AB01877F4,SODEMFQ12AC4687FBF,SOFERCQ12A6701C0A9
SOUWQYP12A8C1373F2,SOARFDK12AB01826E6,SOEZBGB12A6D4FDE36
SOCJJLC12AB0184BDE,SOTZIEZ12AB017E1AF,SOBXYJA12A6D4F967E
SOOMQUZ12A8C142142,SOESYXM12A81C24253,SOJJYKJ12AB01849E5
SONMCJJ12A8C13CB68,SOJPRQL12AB0188B88,SODIUNE12AB0183435
SOFDBDI12AB0180323,SOAVASV12AB017BC9D,SORCLNI12A58A77CBF
SONXRNO12A8C1386D8,SOLVDJF12A6BD50DFF,SOKFMOV12A58A7C26E
SOEFLPE12A8C1336CC,SOAIJRB12AB01835F9,SOQDFTK12A6D4F8904
SORBDXW12A8C14382C,SOZISWN12A6D4F6933,SOVDUKM12A6D4FED65
SOCIAJF12AB0187593,SOMKPCU12AB01875AD,SOBHHUS12A58A78589
SOEQGVM12A8C132AB5,SODDXCD12A8C1339AB,SORWTCQ12A8C1371DB
SOPESRK12A6D4F8B92,SOVQPMO12A6D4F8B8E,SOHVPTO12A8C138ADF
SOUKYTV12A8C13964D,SOGLPIC12A8C13AD53,SOVZOCY12AC468F2F1
SOFTNCB12AAA15CFC1,SOCARSN12AB0189577,SOPXJSI12AB017EB47
SOPWURE12AB0185307,SOJLNBP12A58A7C0B0,SOATHCH12A8C1425DD
SONTXYO12A8C13DB08,SOEIRMV12A8C13C017,SOZMIUP12AC9070DBA
SODJYRI12AB0188BDD,SOFORRV12AB01840C4,SOMZYDI12A58A79E51
SOCYWJP12A8C140771,SOHEAUB12A8C142E9A,SOQATOP12A6D4FAC89
SOCIUKE12AB0187EB3,SOQKJWC12AB018715F,SOVGPHM12A8C143F7A
SORCKHW12AB017B513,SOIWQAY12A8C13F7B8,SOAFPRK12A8C144369
SOKOWHC12A8C135F1A,SOMEJCN12A8C135F20,SOIPEMF12AB0187A7A
SOQHTJT12AB01882C8,SOYTCAX12AB0181685,SOOEFNV12AB01865C7
SOBQAYO12A8C14075F,SOJJBSB12A8C13F69F,SOJOXOT12AB0180E3C
SOGDCUG12A8C13C069,SOEBNEL12A58A7C389,SOOIRCH12AB0181EFE
SOFQCTX12A58A7C148,SOMWUDC12A81C1FA9D,SOYGLAR12AB0180AEE
SORNKMJ12A8C131ABC,SOLALOA12A8C131AA0,SOBKWDJ12A8C13B2F3
SOXQYSC12A6310E908,SOBEKEW12A58A7C0C6,SOHPRWH12A8C13C472
SOIVAEA12A8C1350CB,SOQQZZZ12A8BED7943,SOGDCED12A8C13B662
SOGPWTU12AB0189341,SOASVPM12A8C146828,SOZMGUF12A8C142A6D
SOCHCGY12A8C13B029,SOCLPQH12A8C13EF34,SOTLJGY12AB0188E32
SOLAYSZ12A6701F5BE,SONJNQI12A6310EDEE,SOPVIQU12A8C133D4A
SOGWCBX12AF72A1352,SOMHAYF12AB018067E,SOWSOXG12AB0181600
SOHWOTE12A8C13B827,SOZPUPO12AAF3B3146,SOIONGZ12AB0187B26
SOSEFMC12A8C136D2A,SONMVHP12A8C136D33,SOUFHPA12AB017CC39
SOLDPYY12AAF3B4633,SOBUWPY12A8C1446C0,SOGAGXB12A8C1439AB
SOBASGW12AB018C4E6,SOXINAP12AC468C4F5,SONTEWC12AB0186E51
SOXZUAY12A58A7B63C,SOTQMEG12A58A7B8BC,SOAAQJI12AC3DF63A6
SOQFWIS12A58A7BD61,SOGCZSL12AB018572C,SOYOYEV12A6701D2B4
SOCPSMO12A58A7C691,SOCKZDX12A58A7B950,SORLYBE12AF72AD168
SOHFVQY12A6D4F9AAE,SOXPDTY12A6D4F6DCC,SOGLBWS12A81C22C0E
SOAJDGL12A8C132A2E,SOPJVZN12AB0187744,SOMQXWV12A6D4F3F33
SOYOPWA12A8AE48A5A,SOLDCZI12A8C136A9E,SOWHIHY12AB018B64A
SOXZTQK12A67AE03A0,SODKPFP12A67AE036D,SOAYWZN12A8C13E429
SOSVBAP12A58A7ABC2,SODWVNV12A8C1423C6,SOQILGV12A81C221D2
SOJTFTS12A6D4F64AE,SOUGNFJ12A670215CE,SOPUMXP12AB018648E
SOJFLYC12A8C13E5C0,SOOTKOP12A8C140D18,SOKUWPA12AB018128B
SOWRKVH12A8C13FBC8,SOBMUKT12AB0184AE7,SOHCRCT12A8C143A09
SOYLMGR12A6D4F7A89,SOKJSKM12AB017F087,SOFNOOO12A8C13F8A8
SOMMNUY12A8C141B06,SOVFZWE12A8C14136B,SOTYCDS12AB017CDB2
SOVNRFU12A8C141288,SOPONSG12A8C14128D,SOGHIDT12A58A7E4AD
SOLQYYJ12A8C13A732,SOIQRJC12A58A7A05F,SOGNGFL12AB017FA32
SOLZKHB12AB018A070,SOPUNTY12AB0184A92,SOVDSIH12AB017F823
SOMKHES12A8C137EFC,SORLKWU12A8C137F18,SOYIKSI12AC468DE1B
SOMTNCQ12A67020988,SOQPQBJ12A67020983,SOGMZKQ12A8AE48BF0
SOGQGYF12AB018A200,SOCSJWT12AC468BD5A,SOLKWDF12A8C13F3F6
SOOORXL12A6310D98D,SOPJINA12A6310D991,SOYLRSU12A6D4F5E68
SODNDSP12A8C1352CC,SOJKCNV12AAF3B45F2,SOEIMHH12AB0180A6B
SOHDPAA12A8C134A21,SOSMVOC12A8AE4580F,SOOFWBB12AC468DF67
SOWFAXO12A8C13E40B,SOJGBAQ12A8C141EB2,SOOZBOB12AB0182F7F
SOEOXMR12AB017D8A8,SOIZJFN12AB017EB0F,SOVLDMX12A8C141DB5
SOBVHGZ12A8AE45DDD,SOUKHLG12A8AE45DD2,SONHKPE12A8C139754
SOAMZJB12A6D4FA4B3,SOREWOY12A58A756FA,SOLFYKE12A8C143EA0
SOBBBRT12AC468AA75,SOFMRUH12A6D4F5BED,SOQUYLS12AB0184144
SOASZCO12A8C138A0A,SOFRBVQ12A8C1389DD,SOCRGCL12AB018BC19
SOFHWIG12AB01855B5,SONRSQW12A6D4F6D1C,SOFCJMX12A8C1363F3
SOTGYLC12A582910F5,SOBMHJW12AC4686BAF,SOOGLCD12A6D4F5FCA
SOENJKK12A58A7B34C,SOWRQWX12AAF3B49D4,SOKOBAV12AB0183B10
SORSAQC12AB0183191,SOWBHSX12AB0183195,SOSFQZH12A8C143F49
SOUELAH12A6D4F7876,SOLIHAT12A6D4F5B22,SOKUFTL12A8C14082D
SOYLNIP12AB017EDAE,SOQRWBU12AB017CF0C,SOFWTCP12AB018653C
SOKWUDO12A8AE4905F,SOLWTTZ12A8AE482DE,SOHWGUM12AB0186B87
SOUOVVA12AB01821C8,SOTHEYF12AC4689772,SOOEBNU12A58A7BF98
SOJNQAK12A8C13FDA8,SOFMTLV12A8C13FD9B,SOBRFHG12A81C210FB
SOBJTDX12A8AE46724,SOOTKHV12A8AE47B54,SOAHVXI12A8C143F93
SOHMXPV12A8C143893,SOGMZPR12AB018D33C,SOKAHJS12AB017C94A
SOFQLHT12A8C141077,SOWDRCO12A58A792F7,SODMWNM12AB0182592
SOHYVTD12A8C130A40,SOVTZTF12A8C130A1A,SOBTGBJ12A8C1393AB
SOGTWUN12AB0182D21,SOAIQYV12A8AE4786A,SOBDFVK12A8C13A862
SORXEPC12AB017E98A,SOLMKFY12AB018758D,SOAGUPR12AB017FA5C
SOBXHCE12AB018B6AC,SOJBDSC12AB018962F,SONQTUH12AF72A47A7
SOFVMHW12CF546525A,SOBKIGU12AB018B95C,SOKXOZN12A6D4FC788
SOGDJTH12AB0182F32,SOWTRWJ12AB0182F3E,SOIAMCP12AAF3B2F72
SORZRUJ12A6D4F61A6,SOOXYTR12A8C1426D5,SOYRDZA12AB018A678
SOMMAZJ12A8AE48869,SOUUERM12AB01850E4,SOYVTPT12A8C13FBD4
SOIQVOE12A6D4F8B0E,SOAADUU12AB0183B6F,SOKMDIG12A8C135B7E
SOOLVIB12A8C1408E2,SOPANEB12A8C13E81E,SOLUETC12A6D4F9D49
SOQTICX12AB0181EB9,SONMTOQ12AF729F2B7,SOACSHJ12A8C13EB52
SOOYFUC12A8C13F122,SOCVHWL12A8C13E56D,SOFTAHL12A8C141197
SOWSDGU12AB0182488,SOZFEXY12A8159E936,SOZXIOL12AB0185264
SOJHUEK12A6D4F9E3C,SOVZFNH12A6D4F96A0,SOXWEYS12A6310EBA6
SONTEOK12AB01883DF,SOUFOHM12AB01854BB,SONICET12A58A7F290
SOPUMFQ12AB0187B54,SODRFQW12AB0186454,SOKQSXN12A6701D935
SOLKIUR12A8C1393C5,SOFGOUH12A8C13A250,SOATWYP12AB017B841
SOAXKSW12A8C13E7FA,SOBVXQL12A6D4F7FC0,SOIDWDG12A8C141672
SOKXFLF12A58A795BA,SOFGFEX12A8AE4598B,SOENOCP12A6D4F8C46
SOWRAIR12AAF3B1307,SOYGZDU12AB0189DE6,SODYZSD12A8C13FC46
SOHDTLT12AB0183F06,SOIYUEY12AB0184151,SOOTRFL12A6D4F5428
SOUQYYT12A8C13BA09,SOQGLWB12AF72A632B,SOLIDWN12A8C1411A5
SOWXWQG12A8C136FF9,SOZYFFN12A58A7BFD5,SODASBS12AB01821C6
SOVYUOH12A8C136CEC,SOXEEVG12AC3DF565D,SOOLNZK12AC46862AB
SOQCYGT12A6D4F7FB1,SODVKON12A6D4F8D53,SOPATHD12A8AE48156
SOHCOYE12AB017C488,SOCJCTE12AB017C49C,SOIXAJN12AB0183EE3
SOSWPJV12A58A77714,SOHNKGV12A8C12FE01,SOJQLDK12AC468E6C5
SOHQPUR12AB018A2AB,SOKVYDA12AB017ECCA,SOADZEU12AB018AAFD
SOKEAKL12AB018CE28,SORDKQF12A8C13D407,SOPZNLQ12A8C13B0B8
SOLUWXL12A8C13FB1B,SORQQGK12AB017E63E,SOCYPVW12A6D4FA6D0
SOWYWNY12A6D4FC9A8,SOPUVKK12A58A779AA,SOJWTQX12A8C1356E2
SOATBVU12AF72A283E,SORJFZS12AAF3B1F05,SOWTBHE12A8C142D85
SOHDVMB12A8C144469,SONNBOV12A8C144477,SOSGKCB12A6D4FBF6D
SOFSHGP12A58A7F48A,SOFTGYM12AB018444E,SOCUQRP12AB0183B21
SOPINBM12AB0188A9F,SORLUOG12A8C13B8F4,SOQCNTW12AB0184FD7
SOUFDQA12AB0189758,SOKWBGF12AC3DFB033,SOOMQKR12AB018ADA3
SOVGYQA12A67AE2352,SOVBANJ12AAFF444CF,SOUFOHM12AB01854BB
SOGEYSL12A8AE46B8E,SOJQRIH12A8C135D86,SOAXRSC12A8C140D49
SOFIQXI12A6D4FB58A,SOSULSU12A8C13A054,SOYOYEV12A6701D2B4
SODIQPL12AB017E167,SOGOMXN12AB017DF70,SOFSHGP12A58A7F48A
SOMSFLH12AB0187781,SOHBONY12AB017F942,SOLXFJD12A81C23BED
SOIPVLC12A6D4FAB33,SOZLKMV12A8AE45D5E,SOKHAAU12A6D4F71EF
SOIJIOC12A5891F956,SORLIRN12A58A79C37,SOIYWXJ12AB0185160
SOTWQPU12A8C13FACC,SOFNXKS12A8C14057D,SOQNPMC12AAFF4454F
SOQHYAX12CF530D50C,SOCMQWN12A58A754A7,SONHAKV12A8C13A123
SOETQSU12A58A7E2A0,SOSGFNT12AB0182B70,SOSFGSY12AB0188254
SOLVYRN12AF72A9C09,SOIGEWM12AB0184077,SOQJRZJ12A6D4F4F5C
SOWYBXJ12D021945AA,SODJHZL12A8C143261,SOJSZNW12AB01865E3
SOJBJAO12AB0183A1D,SOLTRLX12AB0183A0E,SODZZGS12AB01899C4
SOGLVHI12A8C13FF0A,SOBFOVM12A58A7D494,SOMGTHT12A58A7DDFA
SOCEACR12AB01876CE,SOHMBWK12AB01876B9,SOQPENF12A8C13D7D8
SOWIOVE12AB0183FF9,SOHGYDF12A6D4FCD5E,SOXTHDG12AB0183C40
SOTHYHN12A8C1388EA,SOJERHW12A8C1388AE,SOTCGSU12AB0184E2D
SOHGPJM12A8C13F528,SOJQTIW12AC9E141B5,SOAXEBM12AB017E5F9
SOKKLAD12A6D4FD1C0,SOXAALK12A8C13AEC8,SOERMBU12CF566502C
SOXJWKB12AB0181728,SOEWETI12AB017E852,SOFGYWC12AB018FBD3
SOIYQRE12A8C14521F,SOARIUW12AB0184EA4,SOEJGDS12A8C13875E
SOFYGXD12AB018A333,SOATYDP12A6D4F85A6,SOAPLDU12AB018252D
SOCLQNE12AB018172C,SOVZBAL12AB0184A6B,SOEURCH12AB0182980
SOGDIUG12A8C13B730,SODTYWZ12A58A7A27A,SOWEIDC12A8C13325B
SOCKEJQ12AB018686B,SODHXBE12A58A7A62E,SOASUCB12A8C13659C
SODHXBE12A58A7A62E,SOXZFHQ12AB017F1F8,SOTYZXM12AB0187332
SOHZENU12A6D4FA379,SOJYVGQ12A8C144DA8,SOYEWIR12A6D4F7A53
SOMHUOT12AC468C48D,SOJAWWR12A6D4F90D5,SODUVBS12AB0182180
SOUXPIR12A81C21E21,SOZUQAZ12A81C21E0D,SOLCFAU12A8C141408
SOCKYOP12A58A7C4EC,SOFYCSG12A6D4FBA5F,SOSUVKW12A6D4F58BE
SOXGASM12AB0187292,SOCPFRO12AB018726F,SODGGKP12AAA8C6B42
SOIZDGY12AB01865DF,SOMRYWN12AB0186608,SOFLBQJ12A8C1334BF
SOOAWIP12AC960A24A,SONHQKV12AC960A260,SOEUWYJ12A8C144BE8
SOAUFQM12A8C13C97E,SOIJTYG12AB017F24D,SOASWXF12A8C13960B
SOVMTCR12AAF3B262C,SOIIUFY12AB01894D3,SOMZPVX12AB01836A6
SOYILXK12AB017EDB8,SOVXOMQ12A58A805BB,SOJXBQD12AB0186386
SOTNTNJ12AAA15FBD6,SOTYGMX12AB018A0BA,SOWHYDW12AB0186487
SOJGYZS12AB017F604,SOQAPZO12AB017F5EE,SOSXOTX12A8C13790F
SOYGNKL12A8C13BAE7,SOYQTWQ12A8C13BA51,SOUHTWB12A8C13BA4D
SOTSALA12AB018E9EE,SOACJNS12AB018E9E1,SOMCLTR12D021B2EC6
SOVXNDI12A8C13DCE9,SOHOJYY12A8C13C265,SOYGGMQ12A8C133C39
SOTNBMI12AB0187691,SOICUIN12A8C143741,SOIXPAY12A6D4FA533
SOACNTO12AB0188A09,SONLYGH12AB0188429,SOUPUNK12A58A7AE60
SOCMKXW12AB0187C9C,SOESCEH12A58A7EC90,SOKIYRS12A8C141A0F
SONYHUC12A8C13B90E,SOAFJWE12AB01837B3,SOINERS12A8C13F450
SOPGBUJ12AB018C4B0,SOIEHVS12AB0189FC6,SONIZAC12AAF3B3EC8
SOMOLZE12A8C138917,SOXCISD12A8C1358E6,SOOPLYX12A8C141FC8
SOGDCEK12AC468BDD7,SOWVYOW12AB018B30B,SOIOUTN12A8C138EEA
SOYVGBE12A8C1420B4,SOENVPC12A58A771C4,SOCJVAC12AB018E3CB
SOFAETB12AB01827B3,SOIHSCB12AB0186267,SOVAHFD12A8C13CA8E
SOYYTLT12AC3DF6BA6,SOYQJTV12A8C1321F9,SOLLDQQ12A6D4F5DB8
SOMAMRQ12AB0180CEC,SOOZCRC12AB0180CC2,SOERMNK12A8C13D0C0
SOBOFTU12A6D4F7E92,SOWNOLS12AF72A417C,SOBPUVE12B0B808A06
SOVYMAE12A8C144AF3,SOVFBCH12AB0183AEC,SOPQTWV12AC3DF9853
SOKAXSJ12AC468AFA2,SOZFMJU12A81C22C95,SOFWBAG12AB018EED3
SOVAQJI12A8C135CA0,SOUKIJS12A8C135CB7,SOCJJFQ12AB0182A36
SORNGBD12CF54651CC,SOGITOE12AB018327F,SOBYRVP12A8C141920
SOGPHXH12A6D4F8A97,SOZRARQ12A6D4FA4E6,SOCBXUU12A6701F860
SOCUPHK12A6D4FC491,SOCMHUW12A58A7A5A1,SOAFFAD12A8C130310
SOARDGF12CF5665050,SOFVMHW12CF546525A,SOAYFOA12AB0188CA3
SOBPGTJ12D02191A8D,SOMLXKF12D02193081,SORDCOH12A58A76015
SOSHGBG12A8151BD89,SOVJHFQ12A8C13BBF1,SOFNMAF12A6701FB63
SOKVERZ12A6D4FA16E,SOFBWFL12A6D4FBE30,SOJIIDB12AB017BC10
SOQMSFM12A8C1350CF,SOXDNDB12A6D4FA2FA,SOEMFLG12CF530D4F6
SOENAYU12A6701CDB3,SOLWPXP12A81C233FD,SOFKSXM12A8C141F48
SOBMWTE12A8C13C2AF,SOPRNQZ12A58A7B8E5,SOTRBZB12A8C14141C
SOBOXSN12A8C1469BD,SOEKJPL12A8C13CDC4,SOCLAFZ12AF72A6D7F
SOZKKDQ12A8C13FB98,SODPGNH12AB0184DF5,SOTUWPH12AB017DEBC
SOISHVF12A8AE496BB,SOBTQGV12A8AE496ED,SOMHGDS12AB017F0E2
SOJQBRU12AC468A690,SOFXWHB12A58A7DFF0,SOKJZRV12A6D4FBEF7
SOUYPSW12A8C138902,SOMLRBT12AB0186071,SOEEWMB12AB0184D39
SOQWMCM12A8C139038,SOPLSJK12A6D4FA8C3,SOUYPSW12A8C138902
SOLQYYJ12A8C13A732,SOIQRJC12A58A7A05F,SOQAEEA12AB018BC83
SORRTMH12AB0180DBE,SOSZHZH12A8C139FCB,SOTJBAF12AC468B3C3
SOIIKZG12A8C13ACEA,SORDUCC12A6D4F8DD1,SOUWTCD12A8C1376BD
SOASKUM12AB017DBE4,SOETRHV12A58A7B465,SOPEFMO12AAF3B317C
SOATDYE12D02190252,SONKXAC12A8AE47260,SOIGKIJ12AB01859AB
SOACIFE12AB0187C9C,SOKAAAY12AB0186459,SOMODRR12A8C13EAF6
SOPVIMT12AB01879A6,SOHKJNI12AB0180965,SOFHTFD12A8AE47A17
SOJCLTU12A6D4FB371,SOQUMGA12A6D4FA518,SOVSXZZ12A8C13EEC2
SOROSGC12A6D4FD57C,SOCARFI12A8AE470BA,SOSDCZN12A8C13899D
SORIACJ12A6D4FC4EF,SODFOHJ12AB018D19B,SOCSIIO12A8C14460C
SOISYOA12AB0180AB4,SOTKDQN12A67ADA0D1,SOPOARW12AB0187062
SOGALXT12A8C1332F5,SODOKFV12A58A7B924,SOTNKGK12A5891E588
SOLSRIT12A58A79324,SODEWQE12A8C143E6A,SOOVPSA12AB0182979
SOZQVTJ12A6701D96B,SOGWNKK12A6701D95A,SOWZPSA12AB0187979
SOYBHGR12AC468D82B,SOLRHAK12AB0187187,SORPHST12A8C13EA08
SOJJPCW12A8C13CF15,SOHBJBZ12A8C1406C7,SOOGSIB12AB018443E
SOEIQWU12AC3DFB5D8,SOACJLB12AC3DF6D43,SOZCYVH12A8C13EB54
SONOBOA12A58A7F6F4,SOBBHEY12A8C1367D7,SODRLKP12A8C142BB2
SOICGPP12A8C1426D5,SOOVMSC12A8C142719,SODHOIO12AB017D99A
SOXZZUV12A58A7CAA9,SOLVXXT12A58A7AFCA,SOZPUPO12AAF3B3146
SOIEVYQ12AC468C16B,SOQCJCW12AC468C1AE,SOAMZJE12AB018A962
SORRYJK12AAF3B555E,SOLLUWY12AAF3B4A20,SOGMCVY12A8C13584C
SORMYLG12A8C13C3C0,SODGXTZ12A8C13C3BB,SOKALLO12AB018A62E
SOOPEAP12A6D2282A3,SOWRFQM12A6D2282A8,SOHKSWI12A8C136156
SORDRUK12A6D4F789C,SOUITES12A5891ED78,SOXHMZS12AB018A2C3
SOPLNEQ12AB0183578,SONBCCB12A8C14355B,SOFZUTL12AB017E5EF
SOBNYPF12AB0179B22,SOIGIUZ12A8C1337B1,SOVWSYP12A8AE45C00
SOHGMSD12A8C138808,SOJIWHN12A6D4F9CE2,SODTULR12AC4687C9A
SOKBWXA12A8C13DCFA,SOBKKRK12AF729F24D,SOXHQEI12A8C13B48A
SOKXDIF12AC95F07C7,SOYJTXQ12AC39265E6,SOJJOFE12AAF3B2F52
SOMPEQV12AF72A616A,SOYQVOE12AB018C8B8,SOKIGAA12AB0184D4F
SOHDZYK12AB0187E7C,SOUIZAK12AB0187E3D,SOONLYF12A8C132B90
SOEOVWW12AB0182ACE,SOLDWBO12A58A7F41E,SOUMDNC12A8C141A42
SOPONSG12A8C14128D,SOVNRFU12A8C141288,SOQWONU12AB0184490
SOTXPKU12AB018034E,SOYZFMG12AB0180334,SOUQCBC12AB017EE43
SOLHVZC12A8C14307F,SODAAKS12AB018D37F,SOZFUQF12AB0189D41
SOLUHOT12A58A7B91F,SOCFCMM12A58A7C92C,SOLNLIC12AB0184BAA
SOVKAUG12AC468672A,SOEZWYI12AC4686705,SOCXIYL12AB0185958
SORUZIY12AC4686C65,SOMNUEC12A8C13D9D3,SORTAIB12AF729F4FC
SODIIVR12AB0185952,SOTENTP12AB017FD06,SOHLKRL12A8C141B63
SOAONPI12A6D4F8A49,SOHUOWD12A67ADE622,SOICAEX12A8C139D0B
SOERPVK12AB0185466,SOOHXQA12AC468C52D,SOHXJPM12A8C13AD69
SOWYRIA12AB0186A02,SOIOGGI12AC468F58E,SOQDMSY12AB017F542
SOSRAML12A8C132BFD,SOIRQNF12A8C134D92,SOMMKEI12AB0180457
SOVAHFD12A8C13CA8E,SOOKGBI12A8C134BE9,SOUHMDV12AB01846D4
SOJEWUE12A8C1437CD,SOUUOSZ12A8C14378D,SOZXRYD12A58A79AAF
SOIIHLC12AB018BB3B,SOFPPPB12AB018BB18,SOKEOEK12A58A79B48
SOBHAQP12AB018B4D9,SOBEGGN12AB018B4CE,SOCZSYW12AAF3B490E
SOLTFOG12AB0185572,SOWOYTF12AB0180B7D,SOTRSZD12A58A7B05A
SOFPNYL12AC468B839,SOHFXRF12A8C134AEA,SOIIIYG12C41E0704E
SOAIGOQ12A6D4F9A76,SOHIUXB12A8C14321A,SOICRLE12A6D4FB2CB
SOLSFUP12AB0185DCF,SOISSOL12A8C13915E,SOAELFY12AB0185B1A
SOUBZKN12A6D4FB691,SOJOIZR12A8C13E554,SONEDGA12A8C13F068
SORSRIX12A81C202BA,SOXXNNR12A8C14109A,SOCUJLU12AC46896C5
SOCVNXQ12AB0186E30,SOBIFDE12AB018AD33,SOLHMGO12A8AE45782
SOTTEAF12AB018680A,SOJCYQL12A58A79A3B,SOXCBRH12D021B1EF5
SOFDCGQ12AB01821E3,SORSJVO12AB017D537,SOHWEKQ12A8C135C4C
SOKEKKI12AB017FDA4,SOOSNCS12A6D4F696C,SOSQHWP12AB01875DE
SOWSUAM12A6D4FDA56,SOXVMRU12AB018A7DA,SOKWLZT12AC46870C5
SOIDFCA12A8C1310B4,SOXPVJS12A8C1326A8,SOKJBKQ12A8C143666
SOHXKAN12AC46872F1,SOFZXJY12AC46876EA,SOQFERN12A8AE47FD0
SONISOI12AB0185F53,SOERMNK12A8C13D0C0,SOHBQIX12AB018A113
SOKEHAS12AB01852A5,SOPNJID12A6D4FA681,SOJDOWC12AB0188F47
SOPGLEZ12A8C14350E,SODMDCE12A8C14355D,SODFBSV12A8C1449AF
SOVRNFO12A8C13A3F9,SOMTNHX12A8C13A447,SOUDNCJ12A6D4F8ECC
SOEMNRZ12AB017E965,SOAQXJV12AB018550A,SOCPTXX12A670216E9
SOPUFYD12A58A7C37E,SODCXQW12A8C141B9A,SOMOZHP12AB018369C
SOTISPF12AB0189080,SOLYCGB12AB0185ACE,SOYQDSF12A8C1342DE
SOBQUTC12AB0179C24,SOTWBZS12AB0179C00,SOAMOID12AB017F0C2
SOBFAZU12A6D4F7C98,SOMIUFL12A6D4FC098,SOOQDSE12AC468B61B
SOOYJRF12A58A7B885,SOPEQXB12AF72A01E6,SOMGTTY12AB0185986
SOVVYPN12A8C1435D7,SOTYVNV12AB017CB2E,SOMUDQE12AB01846D7
SOOIKRG12AB017C40F,SOBSEFA12AB017C3DF,SOANUWE12A8C13CEC9
SONCOVN12AB017B6A7,SOSUTVG12AB0183C5C,SOQENMV12A8C13C32F
SOHUSXD12AAF3B4989,SOUBFUT12AAF3B2061,SOAYPJF12A8C131DE8
SOHLAYJ12A58A7EC8D,SOPJEXC12A6D4FB529,SOSBDKK12A8C13F61F
SOPBHMH12AB018252F,SOEGFSO12AB01846B9,SOSEMDM12A8C13E837
SOFXMYQ12A8C13752C,SOEIYMX12A8C1374F8,SOEPSUW12A8C13FCED
SOTOGVB12AB01822A2,SOHNBQV12A8C13BF4D,SOUISUE12A6D4FAEEB
SOVVITW12A8C146BD0,SOQMWJG12A6701E1AC,SOWTRWJ12AB0182F3E
SOKTKGY12A8C13F3AD,SOQBAMF12A58A80B7E,SOZEQVC12AC468E38B
SOJXHAS12AB017F81E,SOEKMUY12AB018CB47,SOBPYAB12AC468AAB0
SOHPRCO12A6D4FB43D,SORYYAW12AC468BF85,SOIYJXO12A8C142278
SOGCPLD12A8C132755,SOMRXSE12A8C13235E,SOXKNIV12A8C132248
SODMDCE12A8C14355D,SOPGLEZ12A8C14350E,SOYIEXT12A8C145ACF
SOKMITN12AB017DB64,SOXDXDS12AB017D9DA,SODWMKI12AB01887A1
SOVKAUG12AC468672A,SOEZWYI12AC4686705,SOHIJHR12A6D4FBF89
SOIVJCF12A8C137A56,SOBCFOB12A58A79815,SOEDJUZ12A8C13F9D3
SOLIHDM12AB01850B0,SOJBPJF12A8C14095F,SORTEEQ12A8C138703
SOYXYUN12AB018AB98,SOXGQIJ12AB0186FF5,SOHOEQW12A8C139343
SOADEBB12A8C1345D9,SOAZHQF12A8C13460C,SOBPYFG12A8C13F08D
SOGPIRE12A8C131A25,SOJZJVQ12A81C2320B,SOUFOGF12A8C13E973
SORIGRC12AB01852A4,SOMSTTN12A8C1353CD,SONSFOO12AB0187F10
SOEIVKE12AB0185B0D,SOPIMMX12A6BD55B8B,SOVCYPK12A58A78DE3
SOROQCO12A8C13D2FE,SOZXMIP12A8C13CE1E,SOFMXAX12AB0187F81
SOQBQDM12A58A7E63D,SOYEYAO12A8C142033,SOXMEBN12AB017C2DA
SOQHTSH12AB01849EE,SORXEQN12AB0184EEE,SOOYZII12A6310D8D9
SOOABOD12A81C20D51,SOWCGXV12A58A78F47,SOFGNTN12A58A7B801
SOMFSUZ12AB017DA1B,SORRSKB12AB017C682,SONRUQZ12AB018A5BE
SOCXPZW12A8C141821,SOFPFTF12A8C14172C,SOAHPNQ12AC468D71B
SOEMQTE12A8C136212,SOGVSQK12A8C1351EE,SOGQWWL12AC3DFA5D6
SODRXYW12A6D4F956E,SOOGRLD12A8C132B2F,SOTEIOV12A6701FA51
SOZBPIC12AB01813B0,SODXXLK12AB017E7AB,SONFOLB12AB01841B9
SOXEKXM12AC4686D09,SOAGYGF12AB018B0F9,SOUYTJK12A6701CD3D
SOTHMMZ12A58A7EA1D,SOIFUXC12AB0182A9B,SOEZMVS12AB018D338
SOJDINM12A58A7D2A0,SOENIDD12AB01855A8,SOFLMPT12A8C1346EC
SOSRRVC12AF72A1B32,SOWGPIX12AB017FD9B,SOTFBZE12A58A7A64C
SOIRQQV12A58A78D36,SOIIVQV12AB0185A57,SOGDQZK12A8C13F37C
SODTUMJ12AB0184B69,SOUMUUK12AB018AEF6,SOOHHBP12AC4689F2A
SORKDTO12A6D4FAADA,SOMPQQE12AB0182BD9,SOGQZDP12AC3DF6937
SOYIDII12A8AE48E4B,SOIFQYW12A8AE45B55,SOXYCDR12AB01838FA
SOXKPVU12AC3DF9B0B,SOCAFPQ12AC468A972,SOZFZMX12AB018BE08
SOPDWWM12A8C137CC0,SOTEWLQ12A8C138B3F,SOYQOXD12A8C1425D9
SOXEVDS12A8C13A7A3,SOKUOCS12A8C13A782,SOFFXCK12A8C14544E
SOGHPKB12AB018146B,SOITLYQ12A8C140705,SOLSPIE12A8C141EDE
SOZHWVN12AB017FAA2,SOBSEXG12AB0180DD4,SOYABTI12A8C13B9A2
SOZIUVT12A6D4F67A0,SOHDPGG12A6D4F67A3,SORRHHE12A58A7EAC1
SOZMYPM12A6701DAAC,SOBARPZ12AB0184A9A,SOHUUWS12AC3DFA7C1
SODJHAQ12AB0189D11,SOBIFKJ12AB018A76E,SOLDBQC12AB0189FCE
SOHYJNO12A8C141469,SOFITBF12A6D4F7D5C,SOCLIXD12A58A7B60D
SOAFPOS12AB018A47B,SOMSNAK12AB018140C,SOBIGSI12AC3DF44BC
SOOPUXI12AB01820BC,SOFTJKP12AB01820FC,SOUDZHG12A8C142EDD
SOPEGTD12AB018426A,SOKFSAU12A6D4F8770,SOHAEBL12A8C1417BF
SOGVPUQ12AC468BCA8,SOXGGDY12AC468BCBD,SOGNTYX12AB0186039
SOIWTHZ12A6D4F2A1F,SOCDSGJ12A6D4F2A29,SOFRSJP12A8C1464C8
SOLDRTU12AB01838B9,SOVQKDF12AB01834B3,SONPWIT12A6D4F7CA7
SOIHDHD12AB017C6A3,SONUAMN12AB017C683,SOJDTBL12AB0188BF6
SOSUONB12A8C142E83,SOEMOYX12AC9DCC5BC,SOLUWXL12A8C13FB1B
SOIPTFI12AB017DFB9,SOLMKEF12AC9071897,SOLWGQY12AB0182674
SOYLKBI12AB018FCA7,SOMUOBA12AB018FCBB,SOKWNWI12A8C13383F
SOUHNLU12AC3DF95F3,SOWMISZ12AB018E8FA,SOXQLAJ12AB018A87F
SOLEIOS12AB018372B,SOFAECD12AC9097B7B,SOXKYZB12AC46886AA
SOGKJJX12A8C1329FF,SOAFLZM12A8C132A2D,SOZDAFC12A8C139F6D
SOKTKGY12A8C13F3AD,SORIFID12A8C140949,SONHHUZ12AB0187442
SORHLVW12A58A7DDB6,SORSSJJ12A8C133489,SOQPCEN12AB0186549
SOIZBFO12AB0189C24,SODMSUY12AB01896AB,SOBSSWQ12A58A7BCA9
SONNEVG12A6D4F7F97,SOJCAUW12A6D4F86C3,SOQYSAU12AB018263A
SONXCST12AB01845DD,SOCCGCM12AB01851F2,SOEEBDC12AC3DF62A7
SOJNSPT12A8C138F04,SOCJJFQ12AB0182A36,SOQQMTQ12AB01849CF
SOYWHBO12AB0181076,SONIRDD12AB0180688,SOSMUCO12A8C13AE8E
SOVTXOI12A8C12FE40,SOZOPVN12A8AE4559B,SOVEVBC12AB0185DCB
SOLWJDN12AC468B53C,SOPEIBP12A8C13CD4C,SONRFRD12A8C1388DA
SOIISMC12A6D4F96AC,SOJIHIQ12A6D4F96A7,SOCQHLB12AB018C5D5
SOKHLQD12A58A767FA,SOEIWHD12AB018D0A9,SORCLNI12A58A77CBF
SOSGQLO12A8C13E29F,SOHYRES12A8C1391BA,SOQOPQU12A8C134960
SOBBBRT12AC468AA75,SOFMRUH12A6D4F5BED,SOUVYQX12AC96182F8
SODSAHW12AB017BD99,SOQSKUK12A8C134C00,SOUDJJH12A8AE4729A
SONAPYJ12AB017F7D6,SOHQNYF12A8C1421AD,SOBNVWT12A58A7AC0F
SOFOKIQ12A8C1377BE,SOSQUGO12A8C135EAF,SOEGTFO12A8C13EA14
SOISPBI12AB0187873,SOMOHEI12AB018785F,SOFJEDJ12AB017E96C
SOMYUHK12AF729E9A3,SOUYQSG12AB018766C,SOJRQAM12A67ADE7EF
SOFFSLO12A8C132CB5,SOBWGKB12A8C1431E2,SOEGESC12A67ADE960
SOSKCLB12D0219911B,SORUGXO12AB0180AEA,SOFVTAO12A8C13A092
SOKREEG12A8C14320C,SOUMPCF12AB018C657,SOLGKUS12A8C1436EE
SOIMSZI12AB0182252,SOGPXXQ12AB0180CC6,SOUKLIL12A58A7B7B7
SOIOTOT12A58A7D5EF,SOFWTMY12AB0187044,SOUAMVI12A58A7A7D7
SOGLHFL12A8C13C346,SOTNWYD12A8C13AED0,SORYUTI12AB018885E
SOEAZOR12AB0189079,SOIMKEQ12A8C144580,SOILWKA12AB0180DB6
SODCYSO12AC960A1B3,SOOTNDB12A8C13AE24,SOJABGE12AF729FC2A
SOGWTMI12A8C145181,SOBAAWT12A8C1405F0,SOGBTJB12AC3DF63D4
SOFFPHR12A8C132A74,SOYYMRJ12A8C1338BB,SOAKZHG12A8AE47669
SOHPFNX12AB018A5FE,SOXIFNK12AB0186B11,SOXPDTY12A6D4F6DCC
SOLUTRU12A6701F8D7,SOKKBKM12AF729F976,SODXPRT12AB0187853
SOMOHEZ12AB01801E7,SODHSRL12AB017A3AA,SOVWRPH12AB0185667
SOQMJCU12AB0185C39,SOAPIHX12AB0184CB1,SOQIGCB12AC468B3E5
SOXIDGX12A6D4F7BB9,SOYADVI12D021944C3,SOZZHZX12A8C137EAE
SOTREPU12A8C136022,SOFSHEZ12A8C1335C5,SOGADCQ12AB017AC31
SOOBRRL12A6D4F96B4,SOCXRIF12A6D4F96B3,SOUWCFD12AB018C240
SORXUCZ12AB018DFED,SOHETFJ12AAF3B3BB0,SOCICPF12AB018CDBE
SOOUYYR12A58A7B988,SOKTVND12AB018726F,SOKPRFU12AC4688BA9
SORKDUM12A6D4FA813,SOVGSGP12AB0189AE5,SOFMAWZ12AB017D4A5
SODBFHB12A8AE45752,SOJOZGI12A81C235CC,SODIIVR12AB0185952
SOWWZWQ12AF72A0D4B,SOQTPLM12B0B809575,SOLPLJR12A8C13363E
SOFLHAH12A8C1321EE,SOIPGZG12A8C133E33,SOHQIVP12D0219B147
SOYPIIH12A6D4F9FF2,SOVOJIQ12AB01892BB,SOXSPET12AB0183111
SOFUWDG12A8C142F6D,SOICUVH12A58A76E9C,SOCKUSH12AB01864C6
SOUBWJK12A6D4F57E0,SOWZZTE12A6D4F57DD,SOXRMGR12A6D4FA5EC
SOGVZWG12A6D4FB28F,SOKAFDS12A6D4FDD5F,SOGSCOA12A8C141218
SOVHVKW12CF530E560,SOVCXJR12A6701C397,SOHCCIW12A8C1342D3
SOGVSQK12A8C1351EE,SOXZYZL12A8C1351F6,SOUEZLK12A6D4FBA57
SOQRVCT12A8C134F65,SOLHRJM12A8C143ED3,SOVIJXX12A58A801BE
SOKJXIQ12AB018982A,SOYHCGC12AB018980C,SODJGKE12AB01817BC
SOVPBNK12AB017AF59,SOVBMBX12AB018E7D4,SOZTRKX12A8C1354A9
SOGMZGW12AB018A98C,SOUOEGN12AAF3B215D,SOABZEG12A58A7CD46
SOYKRYP12A8C13BE7D,SOTKGKQ12A8C13B263,SOHFTIW12AB0186687
SOBRMSC12A81C22E7A,SOUEMWJ12A81C232E7,SODGLJF12A8C13DBDB
SOKSNRM12A6D4FE5AA,SOVTFHL12A8C131A80,SORVLSP12A8C139379
SOLLFCB12AB018C7EB,SOIUBTH12AB0187FFA,SOGTIIR12AB0181271
SOASWXF12A8C13960B,SOFEDKE12A8C13B11C,SOOJCEQ12AB0189C25
SOTWIMM12A8C13917F,SOCCMXE12A58A7CD40,SOPFXXS12AB017BE49
SOEBGJF12AB0186D57,SOXEHQI12A8C1386BE,SOMKLAI12AB018423A
SOJPNIB12A8C14519A,SOKVSGQ12A8C1451A3,SODEWQE12A8C143E6A
SODXLNO12A8C134F3A,SOIPTRW12A81C230DB,SOJOQVU12AB018E143
SOBQPAN12A58A7836A,SOHTSLJ12A8C13EFDD,SOZSKYN12A8C13A883
SOTGVBE12A8C130C87,SOABXHU12AC9072A31,SOOMCZT12AB01878B9
SOASWXF12A8C13960B,SOFEDKE12A8C13B11C,SOZSJVM12A8C13B843
SOWFVUL12A6D4FABE4,SOCLQGT12A8C142EC7,SORHDVT12A8C1394BE
SOAIZPG12A8C1343FA,SOVDKQY12A6D4F8B72,SOKGSWQ12AB0188465
SONRZOY12A58A7A7EF,SOYHDRS12A8C13A297,SOCFESM12A8C131EA8
SONUZIK12AB018AA73,SOCDABA12AB018AA60,SOWKBEA12AB0180A0A
SOESONI12AB0183D50,SOLHJTQ12AB0183D60,SOUTOWZ12AB0185610
SOACRFZ12A8AE46FED,SOKUIFS12A6D4FD60E,SOGVQKE12A8C141409
SOLSYDP12A8C13D0BB,SOFLJDH12A8C13B3A1,SOALPMV12AB017D773
SOVLWII12AAF3B4F7F,SOKLXWO12AAF3B4F71,SOYNFCY12AB0182632
SOJDZBV12A58A78CC4,SOENMMT12A58A7BCAC,SOEVRFM12A6D4F87AB
SOCUYVU12AB0180D50,SOPANIZ12A8C142281,SOVGMLY12A8C1314BC
SOORFJT12AB0187C4A,SOVHBDX12AC468D075,SOEMNZV12A8C14465D
SOZLDWX12AB0181A32,SOFWCRI12A6D4F7C26,SONFSDH12AB017F3AF
SOFWTCP12AB018653C,SOKNCQX12AB018787E,SOHLRNO12AB0181184
SOEMXSR12AB018284E,SOMCKWD12AB017FABD,SOPYBBW12A6D4F8901
SOEKCZV12A8C13D572,SOHHJBV12A8C13D59D,SOVRSOY12A81C1F949
SOALPVX12AB018E586,SOCGWLQ12A8C13998E,SOHILRE12AB018BE8C
SOPHPUP12AB018123F,SOQWNOU12AB0181223,SOJGCRU12A8C1323B7
SOIYEEN12AB018BB93,SOWWYTL12AB01823E9,SORRLFQ12A6D4F8D26
SOSVHMM12A8C137322,SODIELZ12A8C137317,SODDNMP12A81C217DD
SOELXYC12AB0184A21,SOSUXEQ12AB0181C02,SOLQBAW12AB0184198
SOGVEWG12AB018A9BE,SOGXIMP12AB018C5FE,SOVVSKV12A6701FCA0
SOEHNVV12A8C14076D,SOYYJPA12A8C13C550,SOBRJZB12A8C143674
SOMWEDG12AC3DFAC0F,SOGHNAC12CF5663C17,SOHRDOO12A8C13CD95
SOMKMRL12AB0189D1F,SOVBMKZ12AB018A08A,SOBSFJL12A8AE47879
SOCWIAG12A58A7EB8B,SODIYSP12A8C135E0C,SOUMVGU12D021B232A
SOFWPIK12A6D4F6788,SOHROAA12A6D4F7E59,SOVVTGK12A58A7D27F
SOXSPQZ12AB01832BA,SOCNYGS12AB01832B8,SOFWWLR12A6D228195
SOKTLVW12A58A7C529,SOUWMVE12AB017EED8,SOUSMEH12A81C224F1
SODILGF12AB018AAFE,SOFYYRV12AB0186CDB,SOENUJX12AB017EF68
SOSMIPU12AB0185806,SOBKVKN12AC90731E6,SOYIWFP12AB01867EC
SODWFBM12A6D4FAF53,SOTWWLY12A6D4FAF77,SOEGXAU12AB018EB30
SOVOSRQ12A8C13C7E7,SOIAQOV12A58A7D35E,SORQPTV12AB017EF41
SOODTVT12AC9E15740,SOYUKUF12AC9E133B9,SODBXNK12AB0182562
SOCAQZY12AC907545F,SOLMFFI12AC90715CF,SOPCEHF12AB0188A66
SOHQPUR12AB018A2AB,SOKVYDA12AB017ECCA,SOYINCZ12A8C140174
SOHSBLC12AB0183BC9,SOMMLUE12AB0187FCC,SOJFCDO12AB01852EE
SOEHMYF12A6701F42B,SOBEXTE12A6701F433,SOQCDMB12A8C132DEF
SOAMSNB12AB018073A,SOLPEZP12A81C1FC4E,SOFYXIZ12AB018269A
SOQHOWL12CF5F8743F,SOYVCJU12A67AD8617,SOHBKQD12AAFF43386
SONAQNM12A8C14364F,SOSQNXB12A8C143658,SOPVXYN12A81C20517
SOKVNWY12AB0187066,SOGSVYR12AB017D7C3,SOKARQT12A58A78B7B
SOKVESG12AB0183733,SOYOPFR12AB0184A9A,SODKUVJ12AB0187A4A
SOBUZPM12A81C21E3A,SOVSJEE12A8C136496,SOHAEBL12A8C1417BF
SORQNSH12AB018BD1B,SOVKMYG12A6701D1A4,SOFUMCA12AB018740F
SOOPEAP12A6D2282A3,SOWRFQM12A6D2282A8,SOJHUBJ12AC9097970
SOMEZEU12A67AD86E8,SOATGIV12A67ADB4E9,SOJMZTL12A8C1406CB
SONLWFX12A6D4F6EE0,SOFEIEF12A6D4F7908,SOMEZEU12A67AD86E8
SOACHYL12A58A80E1C,SOGPUOJ12A6D4FA654,SOWVRGG12A8AE45BFA
SOBQFAX12A6D4FC885,SOBBTWA12AC4685E61,SOZEVUB12AB018E802
SOFFKZS12AB017F194,SOYNEVM12AB018439A,SOAYQTY12A6701D156
SOXSKCZ12A67ADC105,SOMZNMI12A6D4FA9EF,SOGQQJS12A8C137F10
SOJKCNV12AAF3B45F2,SODNDSP12A8C1352CC,SOTAOLO12AC4689055
SOHYJHG12A8C13D5CE,SOPDTOE12AB018D9C2,SOEAJVM12A6702053B
SOUMMNF12A8C139276,SOBKNVY12A8C13B0F9,SONVPNN12AB0180602
SODCMIA12AB018398D,SOOTPET12A58A7DBAD,SOGLGWT12AB0181924
SODCOSS12AB0181F68,SOLBVVN12A58A7A110,SOKHLQD12A58A767FA
SOINZJI12A8C1337A1,SOWCPMQ12A58A78C43,SOSQTLJ12A8C144735
SOULVYL12AB0187BC4,SOXBIUL12A6D4FBBD6,SOQNHWM12AB018464A
SOZQOHC12A6D4FD52F,SOCPMBN12AB0188594,SOOHHOU12AB018157C
SOZYYCU12A8C13B562,SOVIJYM12A8C13C8AD,SOCRKFT12A8AE4819D
SOABRUZ12A8C137380,SOFEOKR12A6D4F4930,SOOWUWR12A8C13A62C
SOTYXSY12A8C140671,SOAGHOE12A8C144058,SOINAPO12A8151B97F
SOTJUXX12AB0180E7F,SOAAMGY12D021B38BD,SOQZQVN12A58A7B99D
SOMOINR12AB0189188,SOHESPW12AB0184D99,SORYFIP12AC468D76B
SOQATFK12AB017D325,SOKJYBX12AF72A900B,SOPGQOW12AB0184B48
SOKOQDY12AB01882AB,SOCNJIB12A58A7899B,SOJDMUS12AB018259A
SOBKPPQ12A58A78407,SOQDWPD12A8C142F0D,SOXXLAD12A8C132710
SOWONAR12AB018A39C,SODRPJT12AC468DEF1,SOITMUQ12AB017DED6
SOEVOMG12AC4688558,SOEHCUK12AC468B7DE,SOOGNJP12A8C1381AD
SOUUYXT12AC4689EE9,SOUJRLY12A8C138BD4,SODAVPB12AB0182E1C
SOGGADA12A8C13BBDE,SOYAHKN12A8C132CE0,SOSXBGH12A8C13AE23
SONHHUZ12AB0187442,SOKAJCZ12AB018B056,SOOXYAP12A8C136A01
SODGRUE12A8C13C9FB,SODGSVW12A8AE47BE7,SOKFWFN12A8C13E541
SOAEWDQ12AB0180EDC,SOCVXHE12AB018655E,SOXTUAT12A6D4FB186
SOVQKHW12AB01804CD,SOQVJZI12AB018520D,SOCKZDX12A58A7B950
SOWDBXP12A8C134394,SOUXHYG12A8AE46EE8,SOEZUGQ12A8C136EC8
SOTYWTT12A8C13B9C5,SONSNWH12A8C13B6AB,SOHTNRC12AB0189EC5
SOTNNLG12AB0182FB2,SOFFKZS12AB017F194,SODMRNS12A6D4FA124
SOBBRAQ12A8C1430ED,SOPVLJL12A8C1430E7,SOGLCPJ12A58A77D4E
SOALKDJ12A8C143FA4,SOPPDAT12AB01838A1,SOQCEXG12A81C23489
SOKILZE12AB0187A2D,SOJPYDJ12AB01823DA,SOJUNHV12AB017D490
SOPSONH12AB018859B,SOTABZS12AB01886E1,SORAQWK12AB018906A
SOUPFRE12AB017F965,SOUTOFU12AB018337A,SOFEWHS12A8C13E977
SOVPOWY12AB0187709,SOCRPBE12AC907523A,SOCALOE12A8C134F6A
SOGSGBW12A6D4F7150,SOQDWIX12A6D4F6EE5,SOQJDZH12A67AE0CBF
SOGWARH12AB0186D04,SOXDPQA12AB0181EB0,SOSWPJV12A58A77714
SODJMTQ12A8C13A032,SOAMUMJ12A8C1389B3,SOFWTMY12AB0187044
SOXAGXD12AB018D973,SODDYSL12AC468A0DF,SOEVBTM12AB017D362
SOBYXYJ12AB0185C32,SONQPZK12AB0182D84,SOWELFL12AB01858DE
SOULMOI12A8C133831,SOCHUVJ12A8C13825A,SOYFSUO12A8C143328
SODUABU12A8C146DF2,SOGLNMY12AAA15CFEB,SOAFTRY12A6D4F81C7
SOKBXNR12AB01856B8,SOPFSPZ12A58A78AFB,SOHXFBA12A8C13D637
SOUZQFG12AB017F6B1,SOGNRMY12AB01856F8,SOZANDJ12A8C138EAD
SOXURHP12AB01840EF,SOEABIG12AC4689E0C,SOZNCZL12A8C1455B3
SORWAIG12A8C131E7D,SOETTKP12A58A7AFE3,SOMXFPU12A58A7D192
SOLBBCS12AC468D6D0,SOIDOHE12A8C135371,SOXIDGX12A6D4F7BB9
SOHJVZI12AB01843B8,SOGOYHW12AB01872C7,SOJWWEV12A8C136B97
SOGGLFG12AB018E363,SOLEFRU12AC3DF52B4,SOYOMSB12A6D4F786F
SOCZPAT12A67ADE983,SOEPJXE12A8AE47FF5,SOQQAMM12A6D4FA51C
SODKFUH12A8AE4879D,SOJREPO12A81C2334D,SOPRSQI12AC3DF99E9
SOHJXAC12AF729FCDA,SOQKSLT12A6D4F888C,SOKOHSO12A8C1422BD
SOHKHEL12A8C13BD70,SOZDKXX12AB0183C79,SONQGUL12A81C22C4E
SOCQOUY12A8C142344,SOVXYCJ12A6D4FA4FB,SOSBTQV12A6D4FA9B8
SOLHVMP12A8C130B4B,SOKGRTT12A5829117F,SOAMUID12A8C140A44
SOATGDV12A8C13E623,SODXNEZ12A8AE481C0,SOWEGAG12A6BD5571C
SOXUPSB12A81C22EE4,SOCIPWE12A81C22EF5,SOQWMCM12A8C139038
SOPAXCS12A8C140F91,SOWHZIG12AB017CBDB,SONYXUW12A8C13EE49
SOUXMPR12AB018C47A,SOLRXIN12A8C13A604,SOSWRLG12A8C131E7B
SOTXLKT12A8C144768,SOYXZAY12A8C1406D1,SOUIQTV12D021B32E6
SOSEKSU12A8C13F390,SOSYFOC12A8AE4606A,SOGYWIB12A8C144194
SOVTFBM12A8C142D22,SOQFSVV12A8C142D2A,SOTBEOS12A8AE48F88
SOXCWRO12A6D4FA51D,SOSHRVY12AB018CE86,SOXDXCL12AB018BFC8
SOEENNQ12A6D4FA8C7,SODVIWU12A6D4FCDA6,SOCGWLQ12A8C13998E
SOIAMCP12AAF3B2F72,SORPMDJ12AAF3B3F8E,SOKGCLB12A6D4F8A22
SOEMYLB12AB0182CFA,SOILLHT12AB0186215,SOBUUHE12A8C143DD8
SONHWFV12A8C137169,SOVXCID12A8C137FC0,SOOTFBP12A8C13F62E
SOKSDKL12A8C139F22,SOBSPOP12A8C13A407,SOPCUKD12AB018B431
SOFTKRW12AB017D6E5,SOOMHPI12A8C141AA1,SOWNXVC12A8C1451C0
SOZIMFH12A6D4F77B0,SOFPTEY12A58A76AB2,SOZEDHN12AF729E843
SOBVYDM12A6D4FD7F8,SOPFWVC12AB017BDF9,SOBRCMM12AB018DEC4
SOXIATP12AAF3B2184,SOTSMNJ12AB018365E,SOPXLYV12AB018691F
SOTGYLC12A582910F5,SOBMHJW12AC4686BAF,SONJBPU12AB0180558
SOWNOKI12A8C13848C,SOWWYRF12AB0183D45,SOHEJFY12AB017F744
SOHWHCE12A8C133385,SOHJWNE12A8C14140B,SOKVDCH12AB0180E0E
SOJCTES12AB01867CC,SOYQDMK12A58A799E3,SOBPKCR12AB0180868
SOKZBPZ12A8151BA88,SOHNBNW12A6D4F7323,SOZWCRH12AAF3B55D9
SOXQURK12AB01870C1,SOWQFSR12A8C134FB5,SOHSNJS12AB01831C4
SODBFFJ12A8C130BE3,SOYQJRC12A8C130A5B,SOIIRHU12AF72A4D7C
SOHQZYC12A8C13B46D,SOQNKIR12A8C139B61,SOIWZZD12A8C14505C
SOEXXEK12AB018AD5E,SOTIHLB12AB018300F,SOQYCDP12A8C1419ED
SOEXCCR12A8C13A92F,SODQGAU12A8C13A905,SOCUAPA12A8C13FE6B
SORDWNS12A8C1414DA,SOFTOQS12A8C1414E2,SOCEWMO12A8151CBDE
SOGQZDP12AC3DF6937,SOVJOCG12AB018E361,SOJKPOZ12A6D4FB995
SOHJPRE12A8C142921,SOAPHRF12A8C13E3D0,SOCADUX12A67AE24B6
SOFRXRV12A8C139657,SOXHYBA12AB017B32A,SOHTPZM12A6D4F8716
SOBSPCO12A8C13AD2A,SOZEPIY12A81C222C5,SOZWPFT12AB017C217
SORQBLL12A6D4FC83A,SONWAQX12AB0189903,SOVWDUS12A6701ED69
SOYSPWN12A67ADC1CF,SOHHJSV12AAA8C9444,SOCETGU12A8C1381E8
SOQSKMZ12A8C1340A5,SOLZZPQ12A8C130C70,SOUFCKR12AF729CA02
SOMUMJA12A6701CE69,SOXMJOG12A6D4F9889,SOIGIZM12AB01874FE
SOYJCVS12AB01869B2,SOLZGRF12AB018824F,SOKTNOK12A8C1340BA
SOSIZQF12AB017D74A,SOLOHPV12A8C1460C6,SOBJDLY12A8C13B2A6
SOEBMJG12A8C1371BC,SONLQOH12AC468BC40,SOJJYTN12AB01841EA
SOKJINI12AB01887D5,SOYNAGD12A58A7BDEC,SOMVDFN12A58A7CE36
SOQETNJ12A8C137960,SOGEKSP12A58A78530,SOPFXXS12AB017BE49
SOSNGDI12A6D4FB4A1,SOTLAOJ12A6D4FB4B2,SOOKGUZ12AC960DEA2
SOKKVLV12AC9E169ED,SOINAYV12AB018C4A8,SOBJIMP12A8C140F1A
SOEQHSE12A6D4F6514,SORQUMA12A58A7A84B,SOKMORL12A58A7D946
SOVGEJP12AAF3B1A4E,SONEGRP12A58A7F9DB,SONQPMZ12A58A7A6A0
SOOJFIH12A8C142FF5,SOWBRZR12A58A7B5D2,SOXJIJO12D02192E1D
SOQDNNN12AB018414A,SOWALNK12AB018A5DD,SOXSLOL12AB0188039
SOIGNHB12A8C13CAA0,SORCWKC12AB017FFE2,SOICNIY12AB01850C1
SOBXEAC12A8159E915,SOHUUPU12A58A8125C,SOXPDTY12A6D4F6DCC
SOUVTOG12A67ADAE5C,SOVZQMT12A67ADC841,SOYOCQH12AB018D8D0
SOWFPIC12AB0188FDF,SOTAPSQ12A8C145D9C,SOWJJQT12A8AE48441
SORHWKV12AC468C14E,SOBYJOR12AC4688B12,SOSLUKU12A8C138117
SORDYPF12A8C1385BC,SOTVWTN12A8C1385CA,SOOCXWP12A6D4F8DA2
SOAHRLQ12A6D4FCCB6,SOAQUPA12A6D4F81ED,SOPRPKO12A58A7D934
SONHHQN12A8C13DAF4,SOEVYJI12AB0185429,SOAYDBE12AB017E998
SOADWLJ12A58A7AB39,SOGKZUG12AC907592D,SOQTTUW12A8C134DCF
SOKCPLP12A6D4FB42E,SOQTJWB12A670218FD,SOOGOMV12AB01871F5
SOIAMPB12AB01809CF,SOJSDJK12AB0184475,SOEBZCR12A58A775EF
SOQCGBU12A8C13338A,SORCRRO12AB017FA4B,SOKDHZT12AC468EE95
SOYKRYP12A8C13BE7D,SOTKGKQ12A8C13B263,SORNHUW12A6D4F9006
SOLYIEY12AB01827E0,SOAPTVY12A6310E8F5,SOLVDJF12A6BD50DFF
SODSVCZ12A8AE45DC1,SOISYQW12A6D4F9F0C,SOWUFYG12AB018794C
SOTVJKD12A58A7C856,SOMIAJN12AF72A5CA1,SOQUOCG12A6D4FB798
SORYPZH12AB0186EDE,SOJTIAL12AB018BCC1,SOCARSN12AB0189577
SONZCGY12A8C1403C1,SOJGVAK12A8AE46A93,SOCAQZY12AC907545F
SODRSDL12A8C136A71,SOAZOVM12AB017D3A7,SOHRTYN12AB018CCDE
SOMNMWR12A8C13761E,SOWUFYG12AB018794C,SOENDOQ12A8C139A41
SOKJIJJ12AB018A240,SOSQTLJ12A8C144735,SORJERX12A8C145594
SOBJYNB12AB017FE27,SOCHBNH12A6D4F896C,SOBXDBI12A8C139261
SOBLYRF12AB01802AA,SOHJFVK12A8AE46EE6,SOWXNWD12AB0186737
SOZLOKC12A8AE46C5C,SOWAJLC12A8AE46C42,SOZPGUT12AB017B0C7
SOYMTOR12A6D4FA72C,SOYRBFQ12A6D4FA734,SOWCHDR12A6D4F6AD4
SOGWARH12AB0186D04,SOXDPQA12AB0181EB0,SOSFHUB12A6D4FADC7
SOUKNRX12A8C13C471,SOAOXXN12A8C13B7E5,SOSMUXL12A8C136808
SOJNXAX12A8AE4931C,SOBARET12A8C138707,SOWXKUV12A58A80BB4
SOSFWGD12A8C13F9F4,SOAIBAM12A81C23351,SOCCSCK12A58A7B859
SOVGSAM12AB018441C,SOHHBXG12AB01867BC,SOBJNSW12AB0180985
SOHKWNP12AB018A983,SODPUWZ12AB018A9DD,SONDHEO12A58A7E738
SOFQJNR12A67ADE64E,SOHJJTY12A8C139876,SOREBOF12A8C13E102
SOVZOCV12A8C13306A,SOQVFBJ12A8C133ED5,SOUBLEM12AB01809DB
SORUFQL12D0219AB32,SOEURCH12AB0182980,SONSGUF12A8C138325
SOIMKEQ12A8C144580,SOEAZOR12AB0189079,SOGXKZP12AB018DC4F
SOUWSCJ12AB0184B12,SOILSOW12AB0180973,SOZWDQN12AB0182A85
SOTRJTA12AB0180A36,SOOZVPD12AB018A3DF,SOEIWPL12AB01823FC
SOKQDPE12A8C13DDBA,SOFLVLO12A8C13DDD9,SOFTYEM12AB0184168
SOTEIAW12A58A76A51,SOTVTNY12A58A78BDE,SOSCCEQ12D02191531
SOWWQPZ12AB0188BB0,SOWDSUB12AB0189890,SOAQQHI12A58A78FA5
SOHRPJS12AB0180A12,SOWKBEA12AB0180A0A,SOMBKHR12AC9E16EAA
SOOIKRG12AB017C40F,SOBSEFA12AB017C3DF,SOWHIVU12A6D4FA244
SOBEDDS12A8C139DB3,SOAQHFF12A8C139DD9,SODZWQE12AB01822F9
SOGHPMZ12A58A7E0D3,SOGFKGU12A8C136785,SOWHAFN12A8C139AC3
SONCLEU12AB018FF5E,SOTOKNA12AB018FF49,SOQHTBN12A8C138B87
SOIQHNX12A6D4FB000,SOTFRHI12A6D4F8C17,SOTKNFU12AB0180FF3
SOFVSQI12AF72AA9AB,SOXMABV12A8C134663,SOIHOZC12AB017CBF6
SORUFQL12D0219AB32,SOEURCH12AB0182980,SOBFBPL12A8C13BFE2
SOHWWVS12A8C13DB10,SOFHJYI12AB018703A,SOBJKMX12A6D4F93A5
SOVISQQ12AB0184B6D,SOUORSB12A58A80B6F,SOCIHFU12A6701E5DE
SOWJFLR12A6D4FBF97,SOUPQOK12A6D4FDC9E,SORPBLU12AB017F8F5
SOOMAWR12A6D4F8D11,SONNBUZ12A6D4F92EF,SOKXQGF12A8C142C60
SOZXZIL12AB0189931,SOAGTVP12AB0189926,SOVBWNQ12A8C143C95
SOFJHRN12AB017CF8B,SOABHYQ12A8C13D8FF,SONCUSG12A6D4F9316
SOWYTDJ12A8C1449AC,SOHSFLH12A6D4FA331,SORHUEM12A6D4F6A90
SOBAEJH12A8C132809,SOUZSPS12A58A7927A,SOEBGJF12AB0186D57
SOPSOFT12A8C137863,SOFUWWP12A8C13694F,SOIDQZR12AB01849A3
SOQEJLQ12A8C13616A,SOGKZXO12A8C13E3EE,SOEMCDO12A8C143D78
SOUSXRA12A8AE490AC,SONNDRB12A8AE46705,SOFJDOY12A8C13542D
SODRJVV12A8C13437A,SOXNUGJ12A6D4FAAC7,SORKXUL12AB01821DA
SOAMORU12A8C137E6F,SOIDEVL12A8C135667,SOUFASR12A8C1339CB
SONESQF12AB0186364,SOJXBQD12AB0186386,SOEESQT12A8C13C7D5
SOREGPO12AC392A85D,SOIVQSJ12A6D4FC20E,SOIJTKR12A58A7995A
SONQOZC12A670201A6,SOEZAPN12AB01864D3,SOBIQPM12A8C1385A2
SOQKCRV12AB018B431,SOYHMMT12AB018B40F,SOAYZLY12AB0184500
SOJVUGJ12AB0180C0A,SONDXEU12A58A7B3B4,SOLDPYY12AAF3B4633
SOXRMGR12A6D4FA5EC,SONGKFO12AB0183713,SOZJIKM12AB0189C9D
SOENXSF12A8C1366DC,SOFZAAD12A8C1386F9,SOBGXQD12AB0183221
SOWRDPZ12A67ADD437,SOEGHCV12A67ADD433,SOSJNMG12A6D4FB86E
SOMVWOV12AAF3B3883,SOYHMPJ12AAF3B387B,SOTSXZM12A8AE47061
SOWNOLS12AF72A417C,SOLGTTQ12AF72A942C,SOCXUCK12A58A77D34
SOJWWEV12A8C136B97,SOXABVV12A58A7996C,SOHGKCD12AB017EA91
SOICYTA12A67AD86C3,SOUHSFF12AB0188F35,SOGAZZN12AB0189001
SOTKIPP12A58A78579,SOKQJQA12AB0180C0E,SOOLRCD12AC468B0FF
SOBEKYN12C0DCFEE01,SOQANWN12B5F51778C,SOQRIHX12AB0185FCB
SOZNOSN12A67ADB240,SOMCUVJ12A6D4FCBA8,SOMOLKC12A8C137DD6
SOFCEGR12A81C23972,SOKDZCE12A8C134DBF,SOBJOLG12A8C13CC69
SOFWTMY12AB0187044,SOIOTOT12A58A7D5EF,SOZFTBL12A6702083D
SOOMFBO12A8C13433C,SOFBQQT12AB01898D3,SONQCFX12A8C1319E7
SOAOUKR12AAF3B3E20,SOEOTEN12AB018A53D,SOEUBDR12AB018986B
SOJJIKA12AB01880F1,SORZTJA12AB0185B12,SOBMUZA12AB0182FF6
SOPBAXJ12AB0186F91,SONOHUB12AB0186490,SOJLBGO12A8AE48608
SOXBGFT12A8C13B4BF,SONLXKV12A8C13CD49,SOUXPRP12A6701E3EF
SOHTSOP12A8C13C060,SOULJDM12AB01817CA,SOLPIJF12A6D4F9630
SOKJYBX12AF72A900B,SOQATFK12AB017D325,SONRRDM12A6701E6E7
SOGPQGK12AB018A30B,SOQJJLD12AB01822CC,SOTLTFD12CF54651DB
SOKYHYL12A8C13D79D,SOVLDMX12A8C141DB5,SOEALPL12A8C13209A
SOPNSRF12A6D4F6589,SOROPWI12A6D4F6587,SORRKHD12AB0182A8D
SOVARHV12A8C13BF52,SOFOOVJ12A8C134A12,SOOCUMC12A81C22FEA
SOZMGEI12AB018DA91,SOGTNSA12A8C13CCC0,SOJSXCM12AB0182A86
SOEDCOB12A8C142CBA,SOUBCNK12AB017CA1C,SOGKRJL12A6D4FA3CF
SOSYJKE12A8C13AD10,SOFGOCT12A8C1383AE,SOCMGNB12A8C132D58
SOTTNHV12AB01850F7,SOWWSZO12AB01849D2,SOEVAOZ12A8C1389EB
SOVZKIS12AF72A0A93,SOGKIWV12A6D4F86C4,SOEHUNR12AB017C920
SODGXNA12AB0189CD7,SOWGUER12AB0189CC8,SOWMQNJ12A8AE471EE
SODEVNK12A6D4FCE26,SOEOLOO12AB018BB4E,SOGOMEI12A67ADE989
SOGOCYI12A8C139464,SOCFXGF12A8C1382C3,SOVEXXG12AC3DF4028
SOYSCPE12AB0181BBF,SOUJRGA12A6310EC37,SOKDXQV12AC468787E
SOWLCVC12A8AE4868E,SOYTQEN12A8C135A58,SOTSSAU12A67020980
SOMFLBX12AB017E09E,SOLHLGF12AB01821A1,SODKUAW12A6D4F6600
SOPBMRP12A8C144E47,SOZCEKW12A8C143A01,SOOKPXC12A6701EAAB
SOBMQTA12A8C138DDB,SOFQQFY12A6D4F931C,SOJAQFI12AB017E7AB
SOVGXFK12A8C140C83,SOTZFNS12A8C13FF40,SOOBQEI12AAFF41ADB
SOZCDNG12AB01864FE,SOAEOIV12A8C13DDE7,SOWTIGA12AB0188F63
SORAJXA12A58A7A4C9,SODFTEM12AF72A8D40,SOJZHAZ12AB01866C5
SOBUSLM12A8C133D2A,SOPCRED12AB017E0F1,SOMQVIK12A6D4FAB01
SONIALR12A8C142C99,SOFOSWD12A6D4F9089,SODGZLK12A6D4F9791
SOWCJCS12A6310D875,SOBEKEW12A58A7C0C6,SOPWMUC12A8C139FB7
SODYBKB12AB0187780,SOPZFNT12AB018D695,SOMDFUX12A6D4F8E61
SOEMYXK12A6D4F7D6C,SOLVPGN12AB0181896,SOVIEHU12A81C234C3
SOSWLBP12A58A78D89,SOGWPKY12A81C216EE,SOOOCCG12AB0180DDC
SOFSVLQ12AB01846E5,SOQSWCI12AB01846F8,SOCEWQY12A58A7E0CF
SOBRSXK12A8C135932,SOYCOZK12AC9070EB7,SOGMBED12A6D4FBCDF
SOGNDHO12AB017D71F,SOTAGIH12AB018152A,SOINVEW12A8C13456E
SORAMYB12A6D4FBA9B,SOMOQDH12A6D4FA21D,SOLXXAJ12A8C136D53
SOKTOMJ12AB01889D0,SOCBBPM12AB0184899,SOFIIVH12AB01817D2
SOBRXPM12A8C13EF07,SOMHGYZ12A8AE494C3,SOUDJJH12A8AE4729A
SOOXREI12A8C133901,SOZGOKF12A8C13DCB1,SOVLSWM12A6D4F9677
SOUUGFJ12A6D4FA6EE,SOMLJGM12A6D4F8C67,SONUVKJ12AC4689814
SOHCMRX12A6D4F8EFB,SOEKRDF12A67ADADB3,SONCIXN12A8C134423
SONIAPE12A6D4FA191,SOKHDCQ12A6D4FA174,SOTOZAM12AB0182404
SOPTIBT12A6D4FC10B,SORWOYW12A6D4FBF07,SODKAOW12A8C13BDC6
SOFKZBQ12AB017C1E6,SODNDRZ12AB017C1CE,SOEVAMO12AC90716AD
SODPDGT12A8C13B7A8,SOUWQQN12A8C13B7B0,SOBJHKK12A6D4F928A
SOHEHAD12AB0185349,SONIGWG12A58A79881,SORSJXI12A6D4FD61D
SOVTTAO12AC3DF67AF,SOGCAOX12AC3DF930D,SOMICVG12A8C1398D4
SOQFZEE12AC95F05D6,SOTNJDC12A8C133C6C,SOXXCMB12A8C13B7EC
SOAVCCE12A6D4FCB7D,SOXIAYF12AB017CAA9,SOVMZSJ12AB018949E
SONWIJN12AC3DFA69E,SOBAEJH12A8C132809,SOMCDGO12A6D4F5F75
SOETACO12A58A7CC69,SOCZLQZ12A6D4FC3B0,SOQANWN12B5F51778C
SOYILXK12AB017EDB8,SOVXOMQ12A58A805BB,SOENCQG12A8C13599B
SOBCYAX12A6D4FA5CA,SOLTSHM12A8C13B265,SOISSOL12A8C13915E
SOYOFHN12AB018C1A4,SOQELIB12AB017D1BD,SOLPCWK12A6D4F654E
SOHQHRP12A6D4F7DB2,SOSKDNA12AC468B813,SOYUXWC12A6D4FB26F
SODYZVS12A6D4F5E46,SOTJLEH12C41E0741E,SOMVMXR12A8C13E966
SOJCCLL12A8C13FBA9,SOWSJSJ12A8C13FB95,SOLPABO12AB0181FED
SOXLGWQ12A8C13A34A,SOFDEJA12A8C13A055,SOBXRKG12A8C13AF4C
SOSFFJA12A6D4F72C8,SODNNUG12A6D4F72CA,SOZFKKI12AB018602A
SOLSCUE12AB017D8AC,SOWFOMV12AB017D884,SOTCBEU12A8C141EEC
SOBGQVY12AB019025A,SOLFTFD12AB0190254,SOFCVYN12A8C13A97A
SOLPEGI12AF72A2188,SONKNBE12A8C13EEB0,SOYFYRT12A8C140AC2
SOFZSEG12AB01848E6,SORQOXI12AB0188316,SOQJXUX12A8C136526
SOBFIVA12AAF3B2CCC,SODNPSG12A8C13E18F,SOJTAQZ12A8C1399A8
SOLKDXH12A8C13EC9B,SOVCXTS12A8C144928,SOGAEXC12A8C13331C
SOZUTGY12A8C133BD5,SOICRZD12A8C1321FA,SOXVQUA12AC9097BD2
SOYMRBS12A8C1316FC,SOMXIWO12A8C132CB1,SOTMGME12AB017F79B
SOLDQMM12A58A7A182,SOVIJXX12A58A801BE,SOJHUBJ12AC9097970
SOTXQSD12A6D4F947E,SOIMKKQ12AB0182C37,SOWAVLB12AB018366B
SOCZAQW12A8C133641,SOTXHZM12A8C138A0B,SONAUJN12A6D4FA24A
SOOOUDM12AAA15EE2D,SOSXYFZ12AB018C70F,SOFWCRI12A6D4F7C26
SOESPKO12A8AE45845,SOCPJNL12A6701DC85,SOHLMNH12D02197768
SOASHUP12AB0183208,SOKHKTN12AB0181901,SOROSRY12A6D4F7B64
SOLOZFC12AB0180428,SOATHUP12A8C131DC3,SOLUCSP12AB0183B9E
SOXIOLU12A6D4FB16F,SOVTCLD12A6D4FB15C,SOQDXTI12A6701C54A
SONYSPP12AB018A399,SOIDGZM12A8AE46FE5,SOMRFWU12AB018BED1
SOFMGHH12A8C13B5DA,SOFLIUW12A8C13B5F5,SOLODMN12A8C135F70
SOACNQY12A8C137981,SOTCYVC12A8C138F87,SOJWHGH12A8C13A18A
SOKADBB12A8C141EBB,SOWQBWK12A6D4FB58C,SOGLFAO12AB017E80D
SOCQTDY12AB017D66F,SOUUIGR12AB01810E4,SOLCJBY12AC9097A4F
SOQDYXQ12AB017BDC0,SOIFKRK12AB017BDCE,SOLQNSX12AB01894E2
SOFMAMH12A6D4F7E75,SOLVETC12AF72A6740,SOGBSUG12A8C13ED26
SOSXCBA12A6D4F7782,SOTXRYB12A6D4F9E6A,SOAQQZA12AB018E238
SOHOZXO12A67AE00A4,SOBWPYK12AB017FF52,SONBRVB12AB0188F34
SOANBAI12A8C144992,SOYSYXN12A8C14192A,SOCTJYQ12A6D4FD7FE
SOBYGMR12A8C136231,SODYJJO12A58A7C861,SOEZKTY12A8C13CDD6
SOCKLXK12A8C139424,SOJBMVT12A8C133833,SOSMPMD12A6D4FA239
SOABCEU12A8C132027,SOLQNHK12A8C131C8E,SOGZVEM12A8C141494
SODFYNJ12A8C1453B1,SONEGCX12AC95F0456,SORVXJF12A58A7F19F
SOLMPMF12AB0183D68,SOSQNXB12A8C143658,SOURIUZ12A6D4FAB80
SOQCISR12AB0186CAD,SONJXVZ12AF729ECF0,SOHDEVQ12AB018729F
SONBKBF12AB01816E6,SOKJVWL12AC4688C84,SOKEYJA12AB0185BAD
SOJOQGN12A8C142B8F,SOOGOMV12AB01871F5,SOSGPGG12A8C136117
SOIGOXA12A8C143C25,SOWDTQZ12A8C145446,SOKCXFJ12A8C1350EC
SOBESUT12A67ADBDC0,SODFCAB12AF729B69A,SOBHNSY12A8AE46698
SORBVPZ12AAA15FB00,SOISXEC12AAA15FB69,SOTDKGV12AB017E39A
SORRYJK12AAF3B555E,SOLLUWY12AAF3B4A20,SOMWWEJ12AB0186304
SOXDBBS12A8C141C14,SOZMGUF12A8C142A6D,SOUHJSQ12A58A7BC4D
SOQWHUD12AB0181D02,SOIGUEG12AB017DCDA,SOODQEF12A58A7AF5F
SOBGSUM12AB0180A5B,SOOZDVN12AB01811FA,SOYLLVH12AB0180280
SOHNUTU12AB018CA1F,SOIBCDY12AF72A64F7,SOFPYLJ12A6D4F843F
SOKCXSM12AC9075234,SOXFNPW12A8AE457F2,SOCBJLF12A8C13473D
SOZWEJT12A8C1412C8,SOIOIPW12A8C1412A9,SOAKART12A8C13ED9D
SOFJEAL12A8C13E4C5,SOUXAJS12AB0184E3B,SOQFIIE12AB0184C1A
SOWKINI12A8C135E39,SOZPTVU12A6D4F8B4D,SOYIWNY12AC3DF96FC
SOKJRXP12A58A7D198,SOCCFKG12A8C13C7B5,SOTANPT12AC468817D
SOBJDLY12A8C13B2A6,SOJGFNQ12A8C13B2AC,SOYVWTC12A8C135865
SOIAZJW12AB01853F1,SOHCWLZ12AB018781C,SORIXJD12A8C13489C
SOJNYOT12A8C131D8A,SOZHKGW12A6D4F8967,SORLLOK12A6D4F6840
SOLOAIM12A6D4FBBE5,SOVYHIL12A6D4FA14F,SOXYWHZ12A8C13E9D7
SOZRYQY12AB0188BE0,SOZJZQG12AB01828BD,SOWBOCB12A8C13A1E8
SOJBWGF12A8159E883,SOAWCYO12A8151DF97,SOKWBCJ12AB0182A08
SOMMTKT12A8C13F355,SONCPQC12A58A7D3A7,SOYXFQW12A6D4F73DA
SOJBGIF12A58A7DA69,SOCQBIM12A8C14419E,SOOVLAA12A6D4FB16B
SOVHVKW12CF530E560,SOGTULV12A6D4F74C4,SOHORHX12AC4689F58
SOZWNXJ12AC960A3AC,SOQDTFZ12AF729DAD8,SOCQVRD12AB018B84B
SOJYEVS12AB01893EB,SOAGUPR12AB017FA5C,SOWOXFL12AB018C4EC
SOXTBTY12A8C134A43,SOIRJSM12A8C14299D,SOKVSGQ12A8C1451A3
SOOVIBO12A6D4F72E5,SOTFMSV12A8C142C13,SOGRFPZ12AB018100C
SOVRELP12AB0185A7A,SOJCKCY12AB0188482,SOUMWOQ12A8C13A949
SORRNZJ12A8C13DFE8,SONZVQG12A58A7B80A,SOSGNTI12A8AE4560D
SOXKYZB12AC46886AA,SOLJEOD12A8C13AB76,SOQOTOE12A67ADF727
SOUBTDE12A8C14517D,SOHLZIV12A8C145144,SOIIIYG12C41E0704E
SOAZPLR12A8C135C7C,SOQJPYH12A8C135C45,SOLSFKN12A8C1349BB
SORCRMZ12A6D4FCF1D,SOIUBLG12AB0183862,SOPEJHQ12AC468AFA4
SOHZENU12A6D4FA379,SOJYVGQ12A8C144DA8,SOXUUGQ12A6D4FC577
SOXSNFD12A8C135DAC,SOIKNRM12A8C136B3E,SOMVWWT12A58A7AE05
SOOOZCE12AB017FAEC,SOMCQWG12AB018115F,SOONWCU12AB017EF1F
SOWWBGS12AB017BB4D,SOVPRUW12AB017ADB7,SOEPPKB12AB018418B
SOWHKJW12AC468E855,SOBSIYO12AC46866DD,SOOAISV12A8C143ACA
SOZKGKZ12AB017E527,SOSLSTE12AB0180800,SOPOEHC12A8C13BAE6
SOWWBVG12A81C200D8,SOXUOWB12A81C20AD6,SOZOBFV12AB0181413
SOSWZXM12AB017D986,SOMLDHL12AC4688765,SOZDTIR12A8C13E014
SOQERUH12A8AE47EB2,SOQSKSN12A8AE483D2,SOOJLSM12AB0180267
SOFMGHH12A8C13B5DA,SOFLIUW12A8C13B5F5,SOBPRXH12AB01824D8
SOZZLZL12A8C1367D7,SONKHIU12A6D4FC61C,SOKLGTC12A8C140CAA
SOXVRHB12A8C13F14B,SOPJCER12A6D4FCFCE,SOXKVPZ12AB0186982
SOATGDV12A8C13E623,SODXNEZ12A8AE481C0,SOGGNFQ12AB017F83C
SOZPXSN12AB017E27C,SOTQSFS12AB017F032,SOSSYGU12AB0188369
SOMWQHK12AB018050B,SOXNJXH12AB017EFCE,SOWJVLL12AB0184563
SOKVWUH12A58A7D2CD,SOXJGDR12AAF3B2586,SOOMNEP12A8C140050
SOHZNCX12A8C143922,SOJLYCO12A6D4F7BB2,SOQMBJA12AB01872B2
SOLFIWQ12A6D4F644C,SOIZRGO12A6D4F644F,SOAOJRS12A6D4FBDEE
SOKQBVC12AB017F59F,SODODQD12AB017F595,SOJUGSY12A8C141349
SOMFJES12AC468B159,SOWBYVK12AB0188BC8,SOCOMAN12AB0184C27
SORPKUK12AF729A844,SOEIPAY12A8C134192,SOPFOWH12A8AE46A1E
SOUOFNP12AB017FDE9,SOOULGW12AB017FDED,SOCXSAJ12A6D4FBB99
SOEWYVW12AB0188813,SOENMQQ12AC4687CAD,SOKTPEY12AB018170C
SOJMUUQ12A8C1388BB,SORZUNR12A8C13B201,SOOOJQP12AB0182239
SONNEVG12A6D4F7F97,SOJCAUW12A6D4F86C3,SOPOTGM12A3F1ECA74
SOQOOQF12A6D4F9DD5,SOGOTRJ12A6D4FC286,SORLZGH12A8C1386E0
SOGKFUF12A8C13F160,SOMARUD12A8C13FD80,SOMRILT12A58A7A958
SOXWWRY12AB0186D3F,SOBUXUZ12AB018A3A4,SOUHKKQ12AB0184D73
SOSUNVH12AB01871E9,SOCXLSV12AB0187208,SOGRWHZ12A8C13B12F
SORRYJK12AAF3B555E,SOLLUWY12AAF3B4A20,SOUHRQD12A8C141910
SONNOUH12A8AE47C47,SOBSRDV12AB0182614,SORVNMY12AF72AB73D
SORDEOG12AAFF406A0,SOAYKTV12AAA15DE48,SOICEAK12A6D4F4819
SOIDZJS12A67ADC790,SOMTYUC12A67ADC723,SODOXXA12AB0182E78
SOSMGPE12AB0180797,SOPOISC12AB018C718,SOAXUMR12AB01859FD
SOMIDFL12A58A77B02,SOEYNMS12A6D4F7BC8,SOYZLQR12AB0181C53
SOTKSNO12A8C14072F,SOFZCKK12A67ADC9E1,SODNMOG12A8AE46501
SODFZFJ12AB0186837,SOCLLHD12AB018684B,SOPXHVB12A8C139482
SOJNARC12A8C131B70,SOIKIJC12AC3DFB3D2,SOFBRWE12A8C13246A
SOSHQSB12A6D4F8A26,SOJYVGQ12A8C144DA8,SOYVGBE12A8C1420B4
SOCDABA12AB018AA60,SORFTFE12A8C137C27,SOVHUBB12AB01817FB
SOYSTXA12A6D4FA1F0,SOQPBTI12A8C142CB1,SOFCMPY12A8C1372A5
SOIAMDO12AC96184CF,SOFYJJS12A58A762E2,SOMANBC12A8C13955D
SOUOFNP12AB017FDE9,SOOULGW12AB017FDED,SOPBIGK12AF72A34B9
SOBBICC12CF5664F6B,SOIBMCS12A8C13A8BC,SOQBUWA12AB018B2EA
SOBWQWH12AB01866EE,SOILBEA12AB0182C72,SOWZBLL12AB018B75D
SOKOHLQ12AF729B221,SOMUJGD12A8C13EC6B,SOAIEFA12AC9097225
SODUMDU12AC468A22B,SOOZSTX12AB01842AA,SOLXLZW12A8C14046E
SOGBUZX12AB0188569,SODBXDN12AB018194E,SOKGHNS12AB0185DB0
SONECHN12A8C138E13,SOEMGOH12A8C138DFC,SOGBUZX12AB0188569
SOWPNIC12A8C13C449,SOVXAZB12A8C13D1F5,SOHNRGI12A8C13ED2B
SOXQXOJ12A6D4F6546,SOIMQQM12A6D4F7E9C,SOPNIDZ12AB0180414
SOMYWIM12AB01835CA,SOBZMVV12AB017F74C,SOCLJRY12A58A7A4F9
SOROEGK12A8AE47259,SOIANAL12CF5F8747E,SOLFINK12AC468AA1E
SOVIEAR12A8C140803,SOQTXEK12A8AE473DC,SOLPRSM12AB01843EC
SOPFHQV12AB0188A63,SODTKRJ12AC468B9AB,SOCSQHW12AB0181A51
SONRJAB12CF57023B3,SOGOPDF12A8C1356A9,SOBEQZT12AB0183028
SOCYBZS12AB0184317,SOBHLWQ12AB0181B81,SOXYAHE12AB0184CC0
SOVGYQA12A67AE2352,SOVBANJ12AAFF444CF,SOKFQCV12A8C140A4D
SOPGCOH12A8C139789,SOVIJMN12A8C13979F,SOCHCQP12AB01829B3
SOEBYXM12A8C134B8C,SOOANHN12A6D4F6AA4,SOHEHAD12AB0185349
SOQNZOS12A6D4F8E7C,SOYACRZ12A6D4FA356,SOSGNJG12AC468F566
SOGNKOW12A8AE47643,SOZJDWJ12A58A78D12,SORORLM12A8C143E2F
SOLTRLX12AB0183A0E,SOJBJAO12AB0183A1D,SOGXFXQ12AB0188DC8
SORZCIC12A6310ECC9,SORRZGD12A6310DBC3,SOBGWIG12A6D4F6329
SOLSOJN12A8C1402DA,SOBQFYI12A8C13FF3C,SODAAWB12AB0181414
SOFKPMR12A58A7E5DE,SOCVKQO12A8C1416D2,SOAGOSJ12A67ADAF32
SOJAECP12A8C13FE99,SONSCBK12A8C13FDFD,SOQWXMW12A8C13FE44
SOUJJGH12A6D4FD1F4,SOUZTMB12A6D4FD1E4,SOBDLIB12AB0180BF7
SOOLNAT12AB0185FE3,SOAUAOA12AB018776D,SORGUCP12A6D4F6954
SOKHJSC12A8C14016E,SOBXEJI12A58A79725,SOBCCLG12AB0182D08
SOYOCQX12AB0187905,SOQXWPR12AB0187919,SOTXTDL12AF729DD9B
SOLQYFH12A6D4FBD4B,SOCJOGB12A58A7D645,SOLBJOH12AB01887AF
SOGZMNE12A8C14202E,SOKXGOH12A8C142032,SOZRKVZ12A8C142E64
SOPLZYS12A8AE48DE6,SOZMVGJ12A8AE4565D,SOMEWJW12A8C13F04F
SOQQYZU12AB01885C6,SOMIRKH12AB0182F65,SOAJUIE12A6D4FAC25
SODJZVG12A8C139CE8,SOGABBP12A8C138AA3,SOKQAQM12AB018B0DF
SOCTFYZ12AB018CE46,SOGCKGR12AB0184479,SOEMYXK12A6D4F7D6C
SORJGIG12A8AE46ABB,SOPMFLZ12A6D4F9D3A,SOKYJYU12AB0186429
SOSGAMK12A8C1446AA,SOBVJHC12A8C13646A,SOUKQAD12AB0189A94
SOKWKUQ12AB01868D8,SOCXIYL12AB0185958,SOHYQSQ12A8C1321AA
SOYJISN12A8C132647,SOLWSYC12A6D4F784B,SOFQWMX12AB0185DB8
SOQLLCC12A8C139435,SOAPINS12A8C139C24,SOKINIK12AB0188C03
SOPANEB12A8C13E81E,SODTJWJ12CF5F88321,SONLIGC12A6701FA6D
SOUNOAB12AB018837A,SOJMTZF12AB0180549,SORIPMA12AC3DF51A7
SOGVEWG12AB018A9BE,SOGXIMP12AB018C5FE,SOMGTTY12AB0185986
SOYVTPT12A8C13FBD4,SOTMYBJ12A58A7A667,SOVELZQ12A8A9D6558
SOYLEUZ12A8C13E3E6,SOLKWDF12A8C13F3F6,SOUXVUK12A582919B2
SOVHCBL12AB018D669,SOFWBAG12AB018EED3,SOIOESO12A6D4F621D
SOAXLIK12A8C1400B7,SOSFVXD12A8C13EA91,SOIVWNC12A8C133ABA
SOJFUXL12AB0185018,SOXUPNY12A6D4F7117,SOIGQAB12AB0185C4E
SOKEJEJ12A8C13E0D0,SOGJUBN12AB017CF98,SOFIMCJ12A8C140849
SOOHNBC12A8C13A5AA,SOQTKOD12A8C142D86,SOCELDQ12AB0180F85
SOGRYWN12AB018C335,SOJVWBA12AB018C326,SOSEKWC12A8C142038
SOMTAKS12AC468DDC1,SONHBDE12AB018E4FF,SOMPEQV12AF72A616A
SOINLJW12A8C13314C,SOIVRUS12A8C133164,SOXCEOX12A58A7E33C
SOFKLSW12AB0187126,SOXUANH12A58A7DD14,SOQBRHG12D02190B40
SOCAXTL12AB017CE4C,SORMKME12A58A799E7,SOSPKGJ12AB01824B3
SOJYSOQ12A8AE47381,SORXKNG12A8AE46196,SONWZPX12AB017BD12
SOPNSRF12A6D4F6589,SOROPWI12A6D4F6587,SOFDRJB12A6701F3B4
SOTFQEI12A81C210D6,SOZMHUB12AB0181210,SONPLDZ12A6D4FA810
SOZUZOD12A8C136C9A,SOHOVJM12A8C133D7A,SOGVTFI12A8C13F248
SOEKXJI12A8C1451C1,SOUWYAQ12AF72A2A7B,SOERSBE12AB0184E66
SOLCUEX12A8AE44AA5,SOWERTA12A8C13EB33,SOFQUFD12A8C13406F
SOHQLNS12A5891F914,SOMQQYR12A6D4F6F7B,SOYXHMV12A8C13740B
SOSQBDM12A6D4F780F,SOHVVGN12A8AE46FA3,SOCXVET12AB017D97D
SOKHKTN12AB0181901,SOASHUP12AB0183208,SOGYWBW12AB01863BD
SODHTPA12A8C13E79C,SOEZGXO12AB017E330,SOUNBVV12A8C1325F4
SOGAWCF12AB0189C0A,SOUSAXO12AB0189C04,SONRDUD12A8C135449
SOWJAVO12AB0180222,SOOZYMQ12AB018E589,SOWIIZC12AB017C36E
SOQKOKD12A8C13DB4B,SOVTAYI12A8AE47ED3,SOYSTXA12A6D4FA1F0
SOZZNZA12A58A7A5B0,SOWLCIG12AF729F399,SOEURCH12AB0182980
SOORMRT12A8C145665,SOCDCJO12AB018906F,SOOJVHQ12AB0187460
SOUBCXT12A8C133B4F,SOSWWAB12A58A7B3C1,SOTIFMI12AB0186852
SOIZFBG12AC961843D,SOUTKMG12AC9618443,SOBSLAE12A8C1376EE
SOOMWBI12A58A7B082,SOEKDPG12A8AE475AA,SOEEGGY12AB017E36F
SOWMSNW12AB0184CEC,SOKGDOX12AB01858CB,SOFWWFH12AC907110E
SOTWZOY12A8C1339E8,SOMWCOA12A8C13726E,SOZNLZL12AB01809C4
SOHCRCT12A8C143A09,SOQBKPS12A8C13A340,SOUFKWI12A81C234BE
SOIWDID12AB01877F7,SOIOMJX12AB018672B,SOGZRUA12A6D4F78D6
SOHLFKI12AB0184119,SOMJZOZ12AF72A228D,SOSXOTX12A8C13790F
SOOZSTX12AB01842AA,SODUMDU12AC468A22B,SOZQWUN12A8C13C02E
SOQXUWD12AB017D13B,SOTLSRN12A58A7D91B,SOIMUWC12AB0183954
SORNKAW12A8C141D83,SOULZBX12AB0182DDE,SOVESSN12A8C138D11
SOXWHXX12AB018E307,SOMBYVD12AB01884BE,SOUCRLD12AF72A98C5
SOGYBHP12AB018ED4C,SOBEVGX12A8C134380,SODXZSN12A8C1404BE
SOINHRQ12AAF3B4B4C,SOSMVOC12A8AE4580F,SOZJOCD12A8C138200
SOUEMOS12A8AE4855B,SOTIBCM12A8AE45FFA,SOQWLEB12AB018CF53
SOQHPUQ12AB01860F5,SOYLLVH12AB0180280,SOGQKFP12AAA15FD66
SOIBPKO12AB018407D,SOSYZVM12AB0184081,SOMPNFY12A8C140A47
SOGTJSG12A81C2080F,SOFPDCU12A6D4FD0DC,SOTPLWH12A6BD56C5F
SOBBICZ12A81C22939,SOXCRTB12A81C22943,SOANNYT12A8C13E9C7
SOVKNKQ12A6D4F9F1D,SOREJDL12A6D4F9886,SOPGPIM12A8C143E39
SOAQLJU12AB0185B2A,SOBASZR12AB0188D8E,SOVETWY12AB018574F
SOWCCIF12AB0182CF8,SOSTVTB12A58A7983B,SORCBQY12AB0179F6A
SOCSNVI12A8C13ECC2,SOHCJBG12A8C13ECB2,SOFIRXX12AB01852A4
SOHVTVT12A8C1386CC,SOYXERA12A8C13B0BC,SODFHIF12D0219325D
SOPKZOD12A58A7CF58,SONVTNT12A8C1403B5,SOJOWVG12A8C13BEA7
SOCFHFF12AB0188FDD,SOCLBAC12A58A7BC6A,SOBQDGL12AB017D0BD
SOMDTRS12A8AE46E50,SOWCEQL12AF729E70C,SOFVMHW12CF546525A
SOFGOCT12A8C1383AE,SOAQOFF12A6D4FD226,SOWZFIT12AB0187AEA
SOPFEAW12AB0189A7D,SOVALOX12AB018607D,SOCQOBR12AB017C93D
SOVYTYO12AB0188303,SOKRIPM12AB01882EE,SOMUUNK12AB0183AEE
SOGIHUC12D02199077,SOCFMIF12CF582750A,SODXMIR12D021B218E
SOVQRDV12A6D4F8F5B,SOMDPEU12A8C145E15,SOSMEAN12A6D4FA2B7
SODIZIV12AB0182D51,SOMUKAI12AB017E08E,SODDPIA12A6D4F7485
SOEAZZD12AB017FCE7,SOGKFZT12A8C135191,SOWYKKO12A6D4F85A4
SOTZXUC12AB01877CB,SOBCTXP12AB01877F5,SOMWKML12A8C1398BA
SOTSETT12AB01863B8,SONVLLU12AB018639D,SOETIDP12AB0180B94
SOTIHLB12AB018300F,SOEXXEK12AB018AD5E,SOOBTKZ12A58A7B0B0
SONEBJS12A8C13C98A,SOVMIHC12A8C13703A,SOKYMLJ12AB01832EC
SOABVWD12A58A7C3FF,SODSKGE12A8C144435,SORYJBN12AB017F231
SOGWFVI12A8C135FF9,SOSGPGG12A8C136117,SOYPIIH12A6D4F9FF2
SOOVPVS12AB018B4EE,SOKMJVM12AC468D9AF,SOQWHUD12AB0181D02
SOFYRDR12A8C133F7D,SODIUNE12AB0183435,SONIJUW12A8C141C74
SODFRMJ12A8AE4617F,SOQDYZT12AB0189344,SOGQGWB12AB0189B01
SOBPRXH12AB01824D8,SOWHWDA12AB0187A89,SOSMPWZ12A8C13B6A7
SOLKJTL12AC468919E,SOLOQTY12AB018BA29,SOBXEAC12A8159E915
SOCWVLQ12A6D4F904A,SONGSZC12A6D4FAA79,SOJWAGX12A6D4FB5EB
SONODGD12A6D4F9FC7,SOVQUHP12A58A81078,SOZBYWR12A8C133BC3
SOEXBBG12AB017A926,SOCSSYA12AAF3B2350,SOVYFRR12A8C141ACA
SOBUAYQ12A81C237E6,SOLZCWF12AB0188E80,SOWXNWD12AB0186737
SOILOMB12A8C138467,SODVGME12A8C135F28,SOPNBCG12A8151D420
SOFHWIG12AB01855B5,SONRSQW12A6D4F6D1C,SOCVTTO12AB017B055
SOLYLTI12A58A7BD88,SOVYRGY12A67020A0D,SOBTLZH12AC468E008
SOOSOUJ12A8C13ED62,SOXHMJA12A8C13CEF1,SOGZFIU12A8C134369
SOJBNJZ12A8C138A73,SOZLOVT12AB01820EB,SOHBKHS12AB01831EF
SONODJN12A6D4F9838,SOHHVZZ12A6D4F9848,SOHNZKO12AB0182300
SOHXBEL12A8C1355E3,SODNJYF12A8C135581,SONWOUM12AB018555E
SOBDXNG12A8C139A47,SOXYHAQ12A8C139A64,SOPPGFR12A8C1383B6
SOTUINU12A67ADBA55,SOKGRUO12A67ADBA54,SOCDDFH12AB018BA24
SOPVXYN12A81C20517,SOSKCJC12A81C204F1,SOZUTGY12A8C133BD5
SOAOJRS12A6D4FBDEE,SOJBRYI12A6D4F80EF,SOPXRGM12A8C136556
SOCLQKJ12AF72A4AB0,SOLLROO12AB0188D51,SODKKBR12AB0180D26
SOIFLBQ12AB0189070,SOZFUHO12AC95F070B,SOGFKAT12AB0187AB5
SOODTVT12AC9E15740,SOVUVYH12AC9DCF410,SOULENA12A67ADD426
SOYAOXJ12A8C13D3EB,SONRYVE12AB0183FAD,SOQXUWD12AB017D13B
SOZEVKO12A6D4FA87F,SOLUUSO12AB01829A3,SOCGTUJ12A6D4F7C61
SOQDVPI12AB01846C4,SOQHYNT12A8C13B77A,SOSVILE12A6D4F933D
SOQZBAK12A8C135666,SOHXXEV12A8C134A15,SOIQTLW12AC468D65F
SOUCDIT12A6D4F7A47,SOGOURE12A6D4F7247,SOOFJFI12AC468D68E
SOOGDMS12A6D4FAA03,SODJBQU12A6D4FA15D,SOQZDWB12A8C14330D
SONTEEZ12A8C13EC73,SORZPFY12A8C137448,SOLLAXC12A6BD548C6
SONJYAM12A8C141BDC,SORBHAC12A6701DBA4,SOIRFWA12AB018470B
SOENIJX12AB01821DE,SONFEIT12AAF3B1F97,SOHWDZL12AC4686E88
SOEFSSH12A8C1350C3,SOPPQXA12A8C135084,SOYSYXN12A8C14192A
SOYUYJC12A8C13799E,SOGVWMA12A8C1379BA,SOJXGIL12A6D4F6C1F
SOVGOOO12AB0182D50,SOETVON12AB0181732,SOECSKZ12AB017CDFE
SOFGLYK12AB017F953,SOJGRYF12A8C137A2C,SOLRZSD12A8AE45FBA
SOUREKF12AB0182B48,SOCVINZ12AB0186F7D,SOABHSF12AB0182977
SOKEOEK12A58A79B48,SOGPSGT12A8C139BD9,SOEACYT12A8C13365A
SOGRRHJ12AB01892D7,SOIOKIO12AB0189303,SOBANHD12A58A7BB7C
SOPNYVB12A58A7838F,SONUIWG12AB018486A,SOIURUK12AB0186030
SOOKHCW12A8C136560,SOPHSXS12A8C13C01F,SOOTFNM12A8C1440B8
SOFHADC12AB017A833,SORAYJP12A58A7E065,SOFKPLS12A6D4F5577
SOYSJFK12A8C140AEB,SOOVEXD12A8C1424A0,SOSRRVC12AF72A1B32
SOUBWJK12A6D4F57E0,SOWZZTE12A6D4F57DD,SOJOQGN12A8C142B8F
SOYVBEI12AB01886C1,SOQQSSA12AB018869E,SOGWFVI12A8C135FF9
SOJVQOA12AB0181C4E,SOFOGWZ12A8C13EEAE,SOTFULK12AB0186242
SOMAFQN12A6D4F6733,SOYUFAY12AB01805C7,SOXHKJR12A6D4F7D15
SOIPQWZ12A8C13DFC2,SOWLZPB12AB0183BE9,SODAIFM12A8C1319C2
SOPHJOH12A8C13F436,SOBMIYJ12A8C13CC31,SOYFZVP12A6D4F7EE4
SOAETAI12A8C133384,SORCRRO12AB017FA4B,SODIDZI12A8C14417E
SOGRYWN12AB018C335,SOJVWBA12AB018C326,SOKSNPP12AB017C33E
SOISPSP12A8C1360BB,SOCKUXZ12A8C1366E4,SOOGKOY12B34F33114
SOUEMWJ12A81C232E7,SOBRMSC12A81C22E7A,SOIGQFA12AB018ED2C
SOGXEMD12A6D4F9F7C,SOEBZBI12A6D4F8A6C,SOFNIXQ12A8151AC33
SOWSIVF12AB018D3D1,SOYOZCL12AB0189C16,SONBVVX12A6D4FB1B2
SONKDTV12A8C13655D,SOMDXEG12AB0182E3D,SOESONI12AB0183D50
SOOMBGE12A8C1376F2,SOFSCEB12A8C13770B,SOSNQLH12A8C132485
SOVGUIL12A8151E16F,SOYURQJ12A6D4FCFFD,SOFCEPD12AB0181E07
SODKDRR12AB0186636,SOETIGS12AB0186644,SOXDENV12AB017C70D
SOQBSED12AC9071BAE,SORQFQS12AC961888C,SOXOFYU12AB017BCE9
SOFVQGA12AC3DFA95D,SOTMODD12AC3DF4C13,SOSUTVG12AB0183C5C
SOISHGK12A8AE452B3,SOOGOAQ12A8AE48C0F,SOBCCVG12A8C13804C
SOFTQEY12A8C13B3B5,SOWGQWX12A58A7CFB6,SOWGWCP12A6D4F860D
SOZRSAU12CF58288D8,SOWROAI12A6D4F7D3F,SORLDVQ12A8AE46E8F
SOJJVKE12A8C139252,SOPAESK12A58A7BA11,SOXAVMX12A6D4F7773
SOMXJZR12AB017EB6F,SOBEUMD12AB018A9BC,SOMWUQI12A8C139457
SOODCBM12AB0181B03,SOCHUJI12A58A78E13,SOUQSOI12A8C137D5B
SOGAEXV12A8C138122,SOGBMQD12AB018F2A0,SOFYFAO12AB0186306
SOXKCIT12A8C13A881,SOUZSKM12A6D4FBFD2,SOAJWBA12A8C1377F3
SONBWQQ12A58A7BF65,SOEEAEI12A8C1465B4,SOFSHFK12A8C131D5D
SOOLZKK12A58A80000,SOYGWIK12AB017F613,SOOFWBB12AC468DF67
SOSWSPX12AB017FBB2,SOARRXP12AB018081A,SOEKFLB12A8C138C5B
SOUSMEH12A81C224F1,SOCSJVC12A8C13D56F,SOKMSQS12AB0183D7B
SONOLCT12A8C13EC30,SOGPFJI12A8C1408FE,SOKCWFB12A6D4F73FE
SOXNZKZ12AB01859E7,SOSVODZ12AB0185A08,SOCFRRJ12A8C135707
SOLKWFY12AB01872E3,SODOEGL12A8C13C797,SONRFCO12AC3DF6AFB
SOYJGWT12AB018F7EB,SOBVVKP12AB018015C,SOHMAOR12A81C208B1
SOYIPKR12A8AE45F63,SOIOZKJ12A8AE46F80,SOSPUDU12A8C13AFB6
SOAKPTW12A8C139AB2,SOGCPLD12A8C132755,SOFIMNM12AB017A873
SOBTGIY12A6701E4BE,SOMPQNQ12A8C13C212,SOAFHDJ12A8C13F6FF
SOERREZ12CF533CFC4,SOEBOJB12AB0184FCE,SOZRNIB12A58A793A3
SORUIJA12AB01870CC,SOEHJVI12A58A7ABE2,SOGSOYU12A6D4FB2FB
SOPFBTY12A6D4F8D0B,SOZEHNN12A6D4F8D14,SOGZRUN12A6D4F6D0B
SORTYOZ12AC3DF6E14,SOYQFPU12AC4684F46,SOBPNDP12A58A7A1F4
SOGQVBK12A8C13D09F,SOTENDL12A8C134BD1,SOSCTKN12A8C144553
SOUBGOZ12A6D4F6198,SOGNVRF12A6D4FBEBA,SOZROIT12AB017DE90
SOPEJHQ12AC468AFA4,SONRKEV12AC468AFB3,SOIYSBK12AB018552D
SOTASWJ12A8C13D51A,SOKUPCR12A8C13D52C,SOHTKNI12A8C131934
SOWPPKS12AB018E2F5,SOUBCNK12AB017CA1C,SOYXPMR12A8151B9FE
SOFPFTW12A67AE0229,SOMWQUJ12A58A7970F,SOBRRHL12AB0182D39
SOBNGWX12AB0183AF2,SOGIILV12AB01837BF,SOOLIPF12A8C13B0A2
SOXRMGR12A6D4FA5EC,SONGKFO12AB0183713,SOKJRAP12AC4685CA5
SOTNSUO12A6D4FBAEC,SOVJFTQ12A8C13D7EB,SONFWBB12A8C136276
SOATRQD12AB017DEE3,SOSIJKW12A8C1330E3,SOJFJYA12A8C1431DB
SOYLVIX12AB0186C6E,SOIFZCX12AB0186C2F,SONLIAJ12A8C133459
SOYSJFK12A8C140AEB,SOOVEXD12A8C1424A0,SOMTPZP12A8C141CD6
SOBODRJ12A8C13B9E4,SOLQVIC12AF729E1FD,SOLMEXI12A8C140CF9
SOHZDUX12A8C1377DD,SOETEOY12A8C1377E3,SOHJPAU12A8C13636C
SOYGQBM12A58A7B5C9,SOTYCDS12AB017CDB2,SOMXRPV12A8C13E511
SOLVZZO12A8C130E19,SODXQTB12A8C13F0F7,SOYLGHQ12AB0187A54
SOJKCNV12AAF3B45F2,SODNDSP12A8C1352CC,SORSAQC12AB0183191
SOQUHNH12AC468A150,SOLSEMW12A8C146F5F,SOFFCBZ12A8C144291
SOPQQML12A6D4F90BA,SOEPOHV12A6D4F9309,SOFNMIH12AB0188F42
SOYTZPS12A8AE49E42,SOGAATY12A8C132A4D,SOGCITR12A8C13486C
SORTERB12AB017F037,SOXBFEC12A6D4F7D49,SOLKOXN12AAF3B1CFC
SOQTLAO12A8C143BE9,SOPSVCT12A8C143BDF,SOXYQDH12A6D4FDAA7
SOPYHUW12AB018CF4A,SOUIESP12AB018CF4F,SOKZGOR12A8AE46C6C
SOYYHRI12AB017D9D3,SOFXZNE12AB018012E,SOCEMJV12A6D4F7667
SOSFXXU12A6D4F6DC1,SOHEJZA12AB018AB99,SOSSNGR12A8C137FB9
SOVIQBY12A8C142D72,SONQWCG12A67021300,SOYFYRT12A8C140AC2
SOJEDSE12A8C13E4C0,SOXUREN12A8C13E4EB,SOPKLOI12A8C13C695
SOWBUVU12AB0180787,SOUSFAJ12A8C143683,SOIPNNW12AB018307D
SOHKPEC12A8AE4628B,SOGZLQH12A8AE462BF,SOEGEYL12A8C13581B
SOSFUUE12AB017CC33,SODJRJR12A8C13FD5A,SOQCVKB12AB018699D
SOIXLZQ12AB018CE35,SOYCPUY12AB018CE4D,SOUXNHS12A6D2271E3
SOCSNVI12A8C13ECC2,SOHCJBG12A8C13ECB2,SOBIIGD12AB0182590
SOIJTGT12AB017D995,SOCTKFG12AB017D983,SOVLGJY12A8C13FBED
SOXUKYT12AB0181A65,SOPZGNU12AB018400F,SOZQWBO12A8C13AA40
SORQHAS12A8C13EAF6,SOSYQST12AB017DB64,SOLDATQ12AC468D1FD
SOKJRII12AB018A98D,SOWRVJM12A8AE46980,SOLGQZN12A58A7D72F
SOPCIDB12AB0182868,SOBUKXN12AB0182862,SOQNLMA12A8C1414FC
SOALHQS12A8C13A310,SOLBVVN12A58A7A110,SONELCM12A8C14114B
SOKFVQM12A58A7D6F3,SOHUOND12AB017F869,SOGEMNI12A8C13A780
SOICSMJ12AB018480E,SOVXDZL12A67020786,SONYRZV12AB018AF70
SOVJOYD12AB0181AFC,SOPDDTW12AB018340B,SOFDQZR12AB0182A86
SOPHKMV12A6D4F92BC,SOEROGE12A6D4FACDD,SOJKUFZ12AB01855DF
SOWEZBD12A6D4F8143,SOYGEQE12AF729A51E,SOJNARO12AB018914D
SOXKXUD12A8C135F70,SOBBHEY12A8C1367D7,SOIEBJA12A6D4F8DE1
SOIKNRM12A8C136B3E,SOXSNFD12A8C135DAC,SOBZUMX12A6D4F7D69
SOXMKLN12A8C144073,SOSZBEI12A8C14407F,SOHBZOW12AAF3B550D
SONQZFF12AC468B326,SOTSQHP12AC468B327,SORIHIJ12A8C142E6B
SONRJTV12AB0188EBD,SOMVNZP12AB018A547,SODNNYS12A8C1397E6
SOGGWLF12A8C141D29,SOLSYAL12A8C141D35,SOLRMYW12AB0188DBC
SOIZUUI12A8C139122,SOVPTMO12A8C13C4B0,SOLMXIE12A8C1429A8
SOBDARW12AB018BB05,SOQZWXR12AB017FDE3,SOSLDAC12AC468C039
SOWJRBT12AB0183B90,SOTZIEZ12AB017E1AF,SOPTTOX12A6310E279
SOSBYVZ12A6D4FBBF2,SOYRDKV12A8C14211E,SOWZJZE12A8AE488D4
SOLPXPQ12A8C13C18F,SOUMMNF12A8C139276,SODAWCJ12A8C13102D
SOCKDUX12A8C144EFE,SOYBCDA12AB017D14E,SOCKKIU12A6D4F6FCF
SOWPKYW12A8C144810,SOXBKAE12AAFF43C93,SOUGKFV12AB0184F4B
SOLVRID12A8C136EB1,SOSLHUC12AB018937A,SOKJYBX12AF72A900B
SOLTSHM12A8C13B265,SOBCYAX12A6D4FA5CA,SOHLSYP12A6D4F7179
SOKSMPQ12AB018B91E,SOUCSUV12AB0182B0C,SOASBAX12AB017F24A
SOUCHOR12A58A81155,SOWSDYA12A8C134D67,SOXMKLN12A8C144073
SOIDBZL12AAA8C5AC7,SOYMMEK12AAA8C79AD,SOQEELT12AB018E8A8
SOSHKEH12A8C138AB1,SOMHWRA12A8C138AC1,SORBKTB12A6D4FAA9B
SOUETFN12A8C137C06,SOXRJFD12A6D4F8E30,SOMJSMA12AB0183784
SOUMWSY12AB01869E9,SOUSUUY12AB01869DB,SOEYJEP12AB01816D3
SOMPXFA12AB0187631,SOOAWIP12AC960A24A,SOMAMRQ12AB0180CEC
SOFSHEZ12A8C1335C5,SOTREPU12A8C136022,SOILDFO12AB01898C8
SOQJJLD12AB01822CC,SORAIKD12AB018A306,SOCMKXW12AB0187C9C
SOFLYXR12A8C13AF37,SOMYCMB12A6D4F944D,SODXFVY12A6310ECF2
SOHAIWX12A6D4FAF62,SOSFHDU12A6D4FBD27,SOUZAIB12AB018A536
SOEWQBT12AC3DF93A7,SOGHGOM12A67ADC18F,SOVOFIU12AF72AD12F
SOPXVZW12A3F1EAB13,SOSCSNB12A58A77A94,SOLKQVW12A6D4F69AB
SOYFXTK12AAF3B4B29,SOURVZD12AAF3B3A20,SOFZTYE12A6D4FC159
SOGAOCI12A8C13DF95,SODTPCJ12A8C13AE82,SOBTCUI12A8AE48B70
SOLQGKC12AB0187983,SOVHFTL12AB018797C,SOBASXW12A8A9D6555
SOEGVWG12AB01842A5,SOGMDLB12AB01872F7,SOVJFTQ12A8C13D7EB
SOKXZEJ12AC3DF5E1E,SOMNEPJ12CF5465172,SOFDEKM12A6701E597
SOVVVCU12A8C145770,SOSZBEI12A8C14407F,SOVDKIH12AB0187301
SOARJQT12AB0189441,SOHWUOG12AC9097050,SOXLBKT12A8C14285E
SOSMPMD12A6D4FA239,SOQPBTI12A8C142CB1,SOYMPFK12A8C141D1A
SOPUGED12A6D4FA14A,SOOWMDD12AB0185246,SOPTERJ12AC9E161B2
SOHSGTX12A67020685,SOIOAIN12A58A7A9A5,SOOUYYR12A58A7B988
SOKTKHO12A58A7CDA5,SOJXYUF12AB0188969,SOGLGSW12AB0186E3D
SOKTKHO12A58A7CDA5,SOJXYUF12AB0188969,SOKLXWO12AAF3B4F71
SODHLQT12A8C140C7A,SOECRBQ12A8C13B9D9,SOVDMKS12AF72A388A
SOWBXIW12A8C130297,SOVJQUI12A58A7935E,SOXVARL12A8C1414C9
SOHQQTQ12AC9070EC5,SOFXHRS12AC9070EE3,SOZDPUG12AB0187FC6
SOQNOIS12A58A79AFA,SORTFRX12A58A7B17E,SOLPHXJ12AB01833B4
SOVAGWU12A58A7DE78,SOQXSWC12A8C13FD1A,SOAZPLB12AB017C7A4
SOHZVRB12A8C139FB7,SOLIRTZ12A8C13B9B1,SOZPSFK12A8C13AC5C
SOIENVX12AB0187D40,SOUNFRA12A8C13EEFA,SOLULIQ12A8C138A42
SOCFWPA12AAF3B6014,SOGVHGD12AB017C843,SOQFWQE12AAF3B480A
SOCQLKB12A67AE1DBC,SOAPOEA12A67AE1DAA,SOBBOHG12A8C1385CF
SOGQFXS12AB01865FB,SOUALWG12AB0188588,SOBREKP12AB017DD9B
SOVBANJ12AAFF444CF,SOVGYQA12A67AE2352,SOIDJJX12A6BD55760
SOPJBVD12AB018AACC,SONZWRE12AB018B938,SODWAMH12AAF3B385E
SOFTAZM12A8C141CD9,SOMZSRE12A8C144B1B,SOETZNT12A8AE46467
SOWHKBF12AB0182F84,SOAWIAD12AB01855B1,SOBUGCF12AB0182FEB
SONCSNY12AB0182725,SOTKRPN12AB017FD98,SOUZAFX12AC961841F
SOMPXFA12AB0187631,SOHZYQK12AC960A225,SOZZXEH12AB0189D03
SOCOCKA12AB0185964,SOISMBN12AB0184784,SOADTWR12A8C136DB5
SOPIQKW12A8C13BE8B,SOSUMXA12A6D4F9191,SOTUJRC12A8C138D51
SOGACNR12AC4689D89,SOQQOCH12AB0186D35,SOYOMLG12A81C22067
SOUYJWZ12AF72A813F,SOVFRWY12A6D4F5391,SOENWLG12A58A7C6B7
SOVPCNZ12A67AD94E4,SOGSZJE12AF72A082E,SOUORSC12AB018D242
SONDNEJ12AB0186FAC,SOXQCMS12AB018591C,SOCHXRP12A67ADF8BD
SOCHXDK12A67021C43,SOTDKFI12AC9618568,SOBGXQD12AB0183221
SOHJWNE12A8C14140B,SOHWHCE12A8C133385,SOFCJWR12A6D4FD569
SOTKRPN12AB017FD98,SONCSNY12AB0182725,SOWOZLR12A8AE46E3C
SOREPXL12A67ADE7DA,SONHGXE12A67ADE77C,SOQBOTK12AB018768E
SOCCONN12AC9E177E7,SOTCCVA12AC468F972,SOSKSNF12AC46897EE
SOSNOQU12AB018709D,SOKGPSO12AB0187077,SOXSXBU12A8C142C83
SOMLZER12A8C134C00,SOBCVXS12A5892055C,SOBHFFG12A6D4F81DB
SOETVTB12AB0181927,SORTFGW12A8C13DF9E,SOGOIXU12AAF3B4946
SOLPKNR12AB0184DAE,SOFLQEM12A8C1415A5,SOQWTUZ12D021B3D8E
SOSZFSW12A6D4F6DB1,SOVRZEQ12A6D4F6DAB,SOLVUVC12A58A7915F
SOOZELG12A58290FF3,SOZIVXM12AB01846E1,SORVEEG12A670200D2
SOFKHJQ12A8C13F09B,SOOISZS12A8C13F06A,SOPFECR12A8C1384EA
SOEGSML12A6D4F8D93,SOMJHCA12A6701F2BC,SOBVZHC12AB0181786
SORBXSD12AB0183225,SOOXKEF12A8C138963,SOWNMSJ12A6D4F46E1
SOZOIUH12A8C1357D8,SOATCZJ12A8C13A3D6,SOZTNJU12AB018A581
SOUTLLJ12AB0180DAD,SOSWVYM12AB0180DD1,SOFILTW12A6D4F9C31
SOUGJCW12A8AE484EF,SOGQSNQ12A67AE0236,SOICBJO12AB01885B8
SOVSTKQ12D02191A6F,SOOIOBE12D021B2392,SOTKXJS12A8C136EF9
SOKSFDI12AB017DBFF,SOKRHNY12AB01837DB,SOZCMZM12A58A7A037
SOAOBPS12AB0180729,SOHTXVD12A8C1339F9,SOQGSOP12AB018370B
SOMMZQP12AB0186FFE,SOILUPR12AB0186FC1,SOILOMB12A8C138467
SONKVYT12A8C141278,SOQZPUZ12A8C141281,SOCHYQQ12A6D4FA52B
SOKIOZS12A58A7BE5D,SOPOUHD12AB0183F20,SOABWQN12D0219A5A4
SOJRSGK12A8C13CBB5,SOMRPUH12A8C13C8D3,SOAPKIC12A6D4FAA4C
SOLIKDN12A58A7E814,SOHZDPE12A6D4F7CAC,SOGKLVR12A6BD550C7
SOMOSTB12AB01798BF,SOVYOQG12A58A7C700,SOLPVEN12A8C13DE83
SOCNIVN12AC3DF98D2,SOBFXLE12AB0183D1A,SOPELLA12A6D4FBA55
SOIWJBM12AB017C96E,SOSXMMJ12AB018345C,SOFWRFX12AB01874C4
SOMYTEE12AB018E501,SOZOUFI12A58A7BB13,SOLZXDL12AB0184C66
SODVPVA12A81C21B91,SONXXYP12A81C238EE,SORFMPY12A8C1361D4
SOJTPMY12A6D4FAB07,SOWIYLF12A8C13EED7,SOCHSUI12A8C131C44
SOAOFAT12AB018975D,SONZTSK12AB018C5A1,SOFORRV12AB01840C4
SONCMDH12A58A7C500,SOHWDHV12A8C134426,SOALEHA12A8C13ECB3
SOROITO12A8C13292C,SOPLPVG12A58A77BDE,SOVQZYP12A8C144692
SOHTVXN12A58A7D070,SOEHOJX12AB018394D,SOQBURT12AC3DF93B2
SOTJUXX12AB0180E7F,SOAAMGY12D021B38BD,SOXXLVI12AC3DFB73F
SOXCRNB12A8C1336AD,SOYBWNI12A8C1348FB,SOZSMES12A81C22422
SOESNCX12A8C143B6B,SOYQEXW12AC3DF7272,SOQTQWP12AB0185390
SOPEFMO12AAF3B317C,SOVKPVL12AB01860F3,SOOVCVO12AB018012E
SOVAIBV12AB01834B8,SOKZERN12A58A7EE2A,SOYAOXJ12A8C13D3EB
SOPWEXR12AB0185064,SOKITAF12AC4687DB2,SOKROYY12A8C144511
SOZCWSY12AB0181BDE,SOEDNWM12AB0181BCE,SOFSCNN12AAF3B20B1
SOPIUFO12A8C1438DD,SORVGXN12A8C142CCC,SOFILRX12A58A771EB
SORLVPX12AB01870E8,SOEEBDC12AC3DF62A7,SODABWY12A58A7D5BB
SOANANJ12A6D4FAB15,SOFFNZB12AB0187604,SODAWDZ12A8AE47AD2
SOJPOIO12AB0184888,SOBRBOP12AB018ABA1,SOOJOTK12A8C13DE2A
SOGHPKB12AB018146B,SOITLYQ12A8C140705,SOSCCOO12A8C13F0AF
SOCQLKB12A67AE1DBC,SOBBLUO12AB0184637,SOYACQH12AB01865E2
SOTWVQT12A58A79650,SOKLUBB12AB0182FDA,SOBHMBE12AB0188C09
SOHVQHA12A8C131FA5,SOMSSNY12AB0180F6A,SOGPEON12A6D4F49B6
SOIDGUD12A6D4F7CD3,SOMHHJR12A6D4F7CC9,SORAANV12AC468B50C
SOIYVGQ12AB018F3A5,SOAGASM12A8C13DEBF,SOPAQJH12AB018BAFC
SOBVPII12A8AE4574D,SOHZUTJ12A8AE483A0,SOSJCFE12A8C1428B0
SOXLOTM12A6D4FB054,SOIMRAN12A8C13A5A3,SOWSLOF12AB017FE36
SOSFKLQ12A6702069A,SOJYVDQ12A6D4FA3F1,SOQBDOT12AB018A31B
SOZMBCE12A6D4FC316,SOSJZFW12A8C131740,SOKHNXQ12AB018741B
SOBZAJP12AB0187A07,SOIJXRM12B35058DF6,SOIGOCV12AB017F077
SOTIHLB12AB018300F,SOEXXEK12AB018AD5E,SOCAACP12AC468BA2A
SOHAXFE12A8C13F057,SOMEWJW12A8C13F04F,SOQKYHD12A8C139193
SOHJJHE12AF72A840C,SOGZYIZ12AB0182936,SOETFVQ12A8151E8B3
SOOMVRB12AB01817EC,SOQMKMH12A58A78E02,SOLRHQL12AB017D838
SONSLJP12A8C136FF9,SOEABSK12A8C1378E5,SOSACZH12A81C1FE0D
SOFDZWR12A8C134C41,SOINZIB12A8C13610B,SODEISS12AB01804EB
SOZYFFN12A58A7BFD5,SOLLMBA12A8C141AC6,SOFRPEI12A8C13407E
SOOGCJF12D02191511,SOUHJKU12AB017DF67,SOEMYXK12A6D4F7D6C
SOWJWBC12AC96182F8,SORZTJA12AB0185B12,SOKPYSQ12A8AE48100
SOKNNPO12AB0185EF2,SOWEWUV12AB0185F07,SOJVSUI12A8C144B82
SOYMPCI12A8C13FE66,SOEGBQC12AB0182B45,SOGXDRH12A8C1319A0
SODPDGT12A8C13B7A8,SOUWQQN12A8C13B7B0,SOWGYIE12AB0184BAD
SOKRCWY12A6D4FC02D,SOOVPFM12A6D4FC034,SOJERND12A6D4F5C52
SOEJEOE12A58A7BE0F,SOZONNW12AC907528B,SOXZTQK12A67AE03A0
SONJNBK12A8C13ED17,SOKITIC12A8C13FE90,SOTVIWV12A8C13CB34
SOPIMPC12A8C13A2CA,SOCAWAU12AB01827C9,SODKEXV12A6D4FBA17
SOEQEUH12A8C13BF4E,SOEOYGS12A8C13A6AF,SOVHRCW12AB01867F7
SODMXCB12A58A789EB,SOQPHVC12AF72A68E2,SOKUZJB12A6D4F4981
SOTGBRC12A58A7CD62,SOFAPNR12AB017F994,SOFITAZ12A8C13AE9E
SOBUQVA12AB01850E8,SONIZAC12AAF3B3EC8,SOLLAXC12A6BD548C6
SOWDEDM12AB0188DBC,SOMEVZJ12AB018F1CF,SORTQKM12A58A7ED66
SOTWJOS12AB0182C28,SORXYSY12AB01844F2,SORPLKH12AB0187DB9
SORVYHA12AB017EC9F,SOPCBJR12AB0181E67,SOVEJYH12A6D4FDF91
SOXCMUC12A8C137A50,SOZQTOH12A8C13AEE7,SOOXNKG12A58A7C6BC
SONTPFW12A8C13B8FB,SOKYOVZ12CF530E590,SOLLRPP12AB018A3C8
SOEAUZI12AC907268A,SOAIEFA12AC9097225,SOIAAMV12A58A7B8C9
SOOXZEI12A8C133C54,SOVBFNH12A58A7875F,SONLKMS12AB018056E
SODCWDW12AB0185B72,SOTLQXU12AB0180B85,SODASBS12AB01821C6
SONYXAF12A81C205A8,SORGKBN12B0B8076D4,SOCDWIP12AB0185D48
SOBMNXE12A8C140F8A,SOVBYCN12A8C13AABC,SOTNLTR12AB01813CA
SOAZPLR12A8C135C7C,SOQJPYH12A8C135C45,SOFFUJG12A8C13B6AC
SOMUYGI12AB0188633,SOAZHOK12A8AE46E45,SOELQTU12AB018949D
SODYFCY12AC468A6FB,SOETGMU12AB0186112,SOIBQED12A6D4F7D61
SOFTYEM12AB0184168,SOKHFOD12AB017CC40,SODZTRH12A8C14089A
SONJMCI12AB018B16A,SOJEVZW12A8C133988,SOBXUYE12AB018258C
SOTASYU12A6D4F7C29,SOMBASN12A6310D907,SORUDLA12A8AE4960D
SOEYMFE12AB0184742,SOSQHWP12AB01875DE,SORKXUL12AB01821DA
SOFGTII12A8C138C64,SOXITYD12A8C13926C,SOPWEXZ12A8C133C70
SONTOZF12A8C138296,SOSPGMD12AB0180C42,SOIMEQW12AB018ABC7
SOVDUXF12A6D4F8990,SOXJIJO12D02192E1D,SOZJCRI12AB01801CF
SORXGOR12A8C139139,SOSMUCO12A8C13AE8E,SOBVWUO12AF729F6E7
SOLGHDZ12AB0183B11,SOOCPDS12A8AE469F0,SOHYNZV12AC468A378
SORPACP12AB017DFDB,SOUDHVE12AB01828C2,SOGDEPP12AB017BD14
SOGAOSH12AC4687BCC,SOWIZJS12AC4687B8D,SOICQIF12A58A7E1BF
SOQUAMB12AB0181F51,SOLERTO12A8C13623C,SOPCJZP12AB0180D31
SOISSOL12A8C13915E,SOLSFUP12AB0185DCF,SOILDFO12AB01898C8
SOTZHQK12AB0185045,SOBYUHR12AAFD96E45,SOBLDPJ12AB01867E3
SOCEWMO12A8151CBDE,SOVKKZH12D021977B8,SOTPFTQ12A8C13F5C8
SOIHELV12AB018684B,SOYBATV12A8C13FF5B,SOWUOCJ12A58A7BA98
SOFTLZH12A6701CF9F,SORCCVC12A8C13DFB5,SOCSJAO12AB017FE29
SODNQGT12AB01899FC,SOBMYDT12AB0183948,SOPQXKA12AB01861CA
SOPMSYZ12A8C137848,SOGLKLV12A8C1410CF,SOMWQUJ12A58A7970F
SOOYLGJ12A58A7B465,SOJFLBP12A81C22DB2,SODANQM12CF5F890BC
SOHAKSV12A8C141ED8,SOJRBHP12A8C142E04,SOTVHNP12A8C1376BF
SOZAVWB12AC46880FD,SOMTDDB12AB018CA6C,SOLVOGK12AB01800D2
SOGHYWT12AB0187740,SOCNQHM12A8C1371E6,SOAPMAI12AAF3B2CB9
SOLXFMA12D02191BD3,SOXOTOL12AB01894D0,SOCHYQQ12A6D4FA52B
SOAPMAI12AAF3B2CB9,SOCUTLY12AB00F59C3,SOCQGJZ12AB0189A24
SOIPVOD12AB01852C1,SOIZMIL12AB018A795,SOHLRNO12AB0181184
SODJKTV12A8C137456,SOQXKUW12AC9072842,SORKDZL12A6D4F7123
SOEPONE12AB0186C47,SOSTQGQ12AB0186C33,SOZUWJL12A8C13780B
SOXVCDL12AF72A8DA5,SOOJVHQ12AB0187460,SOSFUUE12AB017CC33
SOJZVKB12AB017DFEA,SOJOFOS12AB0186800,SOELNXC12A8C13F8C3
SODNPKG12A8C13E1FE,SOMEXHJ12A58A755BA,SOUBTXD12A8C141B4E
SOPNIDZ12AB0180414,SOBYKBW12A8C140D3D,SOFITEG12A8C142280
SOYWOGZ12A58A771C8,SOOXPOB12AB0186771,SOZJVOE12A8C13C5B9
SOQNZQU12A8C13960B,SOVDBOG12A8C13960E,SOKLZTG12AB0181379
SODJFJT12A6D4F67EB,SOTAEIP12A6D4F76A5,SOBZAJP12AB0187A07
SOVXOWA12A81C1FF8A,SOMXDXF12A81C1FF80,SOZHPIF12A8C1310E0
SOBQKRS12AB0180713,SONZPWS12AB017F06D,SOYADVI12D021944C3
SOKSRRN12A8C135415,SOTUHTD12A8C133D88,SOTSGLP12AB017F7D7
SOSEQWD12A81C21F43,SOEUTRM12AB017E140,SOLAPIZ12A58A7E3DB
SOGGYSM12A58A79111,SOMORZB12AB0188412,SOGZGYB12A8C13BF62
SOTMOSW12A58A78038,SONRGNN12A6D4FC97A,SODLDHP12A8C13C5BE
SOMDNAU12A8C13B42B,SOUZPUZ12A8C13D70E,SOEIMHH12AB0180A6B
SOURWXW12AB017EEC7,SOYQVZC12AB018D519,SOJGGHJ12AB0180464
SOVPYTV12A8C13C2BF,SOLIDWN12A8C1411A5,SOLWBGS12AB0187EAD
SOZYMAG12A8C1372A0,SOHXXEV12A8C134A15,SOAFZFN12A8C140224
SONDALK12AB018573E,SOVTSDN12AC4688B6A,SOKBGFX12AB0188810
SODMESO12A58A77876,SOGCRPB12A8C139E41,SOHKFDD12A8C142D3B
SOFTADB12A6D4FB43D,SOLFFYA12A6D4FE097,SOONZSD12AAF3B5127
SOMZNFA12A6D4F8A2A,SOEWLTH12A6D4F8E29,SOAOETG12A8C139985
SOOAMJC12A67AD90F7,SOJXDRQ12A67AD90F9,SOHZULM12A6701D1F2
SOIWRGF12A8C1384C5,SOXTCXD12AB0183E39,SOGTINJ12AC468DCF7
SOAIJRB12AB01835F9,SOCVPIU12AB017ED74,SOHGNKI12A8C13D1A0
SOIXGWN12A8C140554,SOZPLMO12AF729F2B5,SOETTYL12A6D4FAD2D
SOMARWB12A8C138911,SODRFQO12A8C138906,SOPTEWY12A58A7E68E
SOWFOMV12AB017D884,SOLSCUE12AB017D8AC,SOKRZFH12AB01808F2
SOTUBDR12AB01811F0,SODPIKG12AB01811FD,SOSEMVA12AB018DD34
SOUFHPA12AB017CC39,SOJRXWM12AB017CC29,SOXTPQU12A6701D1A3
SOCZPVM12AB0183612,SORLXBI12A8AE452DD,SOQXISG12A58A7E920
SOICCUY12A8C13F112,SOCPAGS12AB017EC1D,SOIRHHH12AB01807F0
SOCXMVT12A67ADD8BA,SOPFNGN12A6D4FB47B,SOSCCHQ12A8C1364BF
SOVRQRH12AB01864A3,SODKJGF12AB0184212,SODYMWS12A8C141577
SOLESMC12AB0180B17,SODVUYP12AB018AEAA,SOECSKZ12AB017CDFE
SOPMTJJ12AB018318A,SOLWSYC12A6D4F784B,SOTRWEE12A8C1344EA
SOHHSDQ12A6D4F6368,SOOVWFY12A8C13F896,SOEPJYJ12AB018663E
SOFVOGP12A8C139246,SOBXDBI12A8C139261,SOQHYNT12A8C13B77A
SOAPVQM12A58A782EF,SOZUWJL12A8C13780B,SOTJWZX12A8C135C8B
SOITHDV12A6D4F5D0D,SOABWCW12A8C141884,SOJEKRF12A8C133CC3
SODSNWV12AB017D967,SOENLQV12AC90752C6,SOFUBUF12AC3DF98FF
SODCYSO12AC960A1B3,SOOTNDB12A8C13AE24,SOYORMO12A8C135428
SOLGTDL12A58A7DC29,SOYJFWA12A58A76CC3,SOHUEFC12A8AE4827A
SOEKRSK12A8C13CFB2,SONYXUW12A8C13EE49,SORQGTR12A8C1350F5
SONQQCW12A58A7963B,SOJOFOD12A8AE46FC3,SOAUQHF12A6D4F9392
SOTTXSR12AB01877BC,SOUZSRS12A58A7B9A6,SOVBMBX12AB018E7D4
SOJEJID12AB01804BE,SOQAGWU12AB01804C7,SOPEGTD12AB018426A
SOYYLAK12A8C13A580,SONOTVZ12A8C13C9B8,SOJRZHV12AB01883DC
SOAUFTC12A8C13F386,SOSXRQG12A8C1325D6,SOIOPJH12AB0182A4D
SOVYUFG12AB018775E,SOCLCWX12A8C133EC0,SOOCISD12AB017D9C8
SOCSRZZ12A8AE4892C,SOWLOUZ12AB01819E0,SOPTPCO12AB018E1B8
SONZMIR12A58A7D46D,SOPXCVA12A8C13A7AD,SOBDLIB12AB0180BF7
SOKFEUG12AB017E353,SOJAQGB12A58A7AA08,SOTYZYT12AB018BE98
SOADHGH12D0219A9E9,SOYGYMT12D021B0D1F,SOETPDF12AB01807DE
SONJSQC12AB0180EF7,SOODLZE12AB0185525,SOGFMCG12AC468E4F1
SOKQDPE12A8C13DDBA,SOBDRZV12A8C134650,SOBRMSC12A81C22E7A
SOWVAPR12AB018AD7F,SOSSTGB12AB018AD7D,SOWSENK12A8C139497
SOBTMZR12AB0184F7C,SOZIHJM12AB0184F8C,SOUEVEE12A8C13348B
SOIGOTF12A58A7AA24,SORVAQT12A8C142ED1,SOAIPGL12AB01837A3
SOFMTWO12AB0183C58,SOCMVJL12AB0181221,SOBZECE12AB017C934
SOHJCFL12A8C139694,SOFNHTC12A8C13BBC9,SOQIMOE12A58A7A85E
SOZWNXJ12AC960A3AC,SOQDTFZ12AF729DAD8,SOZEEUG12AB0184FC4
SODDNMP12A81C217DD,SORMJGW12A8C144638,SOMRPUH12A8C13C8D3
SOMUDQE12AB01846D7,SOGMUVU12AB0182028,SOZKFBS12AAF3B345D
SOKJPZX12A8AE45D50,SOSCKDQ12A81C22BA4,SOUPTFE12AB017DA4B
SOIGMUT12A6D4FBB31,SOQJOUF12A6D4FBB4D,SONHRBI12A6D4F9B05
SOOUOOJ12AB0184ADA,SOWAAMH12AB01877F3,SOBHTKX12AB01881B6
SOSQQPE12A58A7DD0E,SOYJAWV12A6D4F9E18,SOTNSUO12A6D4FBAEC
SOPZNNK12A8C134EF5,SOYNGDV12A6D4F83CD,SOGOQGE12AB0182907
SORKRCN12A8C139557,SOSDXCK12A8C13958A,SOMPWOE12A8C1360D0
SOPJXJA12A8C1392F7,SOARKHV12A8C138ACE,SOCVXLO12A8C140989
SOMHALH12A6310D852,SOAZTTY12A8C135E15,SONGKFO12AB0183713
SOJXOVT12AB018581C,SOKDGEX12A6D4F6537,SOHVDEQ12A6701F25C
SOTITOB12A58A7BCCC,SOMVQQU12A8C13F701,SOXXFEW12AB017F2A8
SOWZAYD12A6D4FCD05,SOHBFVF12A6D4FCD28,SOKZCPW12AB018738B
SOWPGJE12AB0187797,SOTNAOB12AB017C46F,SOKCWXQ12AB01852BE
SOCXDDP12A8C141B23,SOHYLEY12A8C13F20D,SOIJPVH12AB0182252
SOKGAIK12A6D4F86F2,SOEEEBW12A8C142980,SOBZJAG12AB0188291
SONRVRS12AB018317F,SOANNYT12A8C13E9C7,SOCOKEW12A8C136D13
SOFAERR12A8C1358E1,SOJPXMB12A6D4F8034,SOIUGWU12A8C13C2EF
SOUUTGX12A58A76611,SOMKVBX12A6D4F7930,SOCAVSX12AB0188973
SOLHMGO12A8AE45782,SOFVHDG12A8AE47086,SOPXAFZ12A8C13E2E3
SOHDRRH12A8C138D4E,SOEJCIA12A8C137291,SOISYOA12AB0180AB4
SOJDUQC12AB0181FE6,SOYLCXJ12A6D4F5DD3,SOFDZYQ12A8C13E5F3
SOEJRDX12A8C1430EC,SOUUVXC12AB0180373,SOAEIEL12AB017CC71
SOPPIES12AB018187D,SOHWCMX12AB01884F1,SOQKOKD12A8C13DB4B
SOHSISW12A8C1419B5,SOMDQSM12A58A7C6D5,SOOUOHA12A8C134285
SOSTIDX12A8C13C526,SOJHPMG12A8C13B715,SOYOKRV12AB01877D3
SOBGDWX12A8BEEEF03,SORSNAP12A8BEEEAF6,SOLRHQL12AB017D838
SOOTOFI12AB0184C68,SOZJJOO12AB0184C4F,SOBEQQS12A67AE0EE8
SOSNTPX12A8C137371,SOMXSEH12A8C1371EA,SOEKYTN12AB0187689
SOQPKSV12AB017BDE5,SOERFZP12AB018795F,SOCVXLO12A8C140989
SOXMABV12A8C134663,SORMYCA12A8C134E0B,SOQFFRN12AB0183C34
SOEIYJP12A8C143639,SOUTSZU12AB0185C96,SOQOLYF12A8C1378F6
SOQKQEE12A6701C07D,SOHTGVQ12A8C145697,SONMMAY12AB0183A08
SOGRLIG12A6D4F9CAB,SOILNXR12A67ADE63C,SOOGKOY12B34F33114
SOKIHTJ12AB017EF0D,SOCYOPT12A58A7C7CC,SOKEYOU12A8C132392
SOCCBRA12AAF3B3647,SOBOFTU12A6D4F7E92,SOQKUPW12A6D4F6A33
SOZAQRX12A6D4FA08C,SOPGLZS12A6D4F7AEE,SOBPNQA12A6D4F9A4B
SOUVLYG12A6D4F7CD4,SODCOZT12A58A79AC0,SOWDVIU12A8C13E8E8
SOUNESD12A8C13B2B0,SOYJWLC12A6D4F9E71,SOFKISA12A58A80E72
SOPGMTD12AB0183715,SOTBWVS12AB0180C07,SOWOECV12AAA15D8DC
SOCENTN12AC95F07CC,SOCSAFK12A58A7B3DD,SOHCXLR12A6D4F8A80
SOYOFSW12A6D4FA9F1,SOIRCWN12A6D4FC58D,SOFYJJS12A58A762E2
SOUSOHK12B34F32BF8,SOJYVHU12A8C136AA7,SONLSYE12A6D4FAD9B
SODFITJ12A6D4F84DB,SOQSQDX12A8C14398E,SOBDZUO12A8C140C6A
SOFNAIU12AAA15E728,SOAFSYR12AB0182745,SOLDXGK12A8C144494
SOLYIBD12A8C135045,SOZKPDV12A8C136A4E,SOTRBZB12A8C14141C
SOKRHDB12AB0189FEF,SOHQQRM12AB01893A4,SOPLCEU12AB018795B
SOHPGNV12A58A803AB,SOGYIOD12A58A7EEAC,SOCRKXP12AB018A10C
SOAKDOC12A8C13B1A9,SOGFVYV12A58A7E25C,SOSUVKW12A6D4F58BE
SOCGWLQ12A8C13998E,SOALPVX12AB018E586,SOAPKIC12A6D4FAA4C
SOCHGCY12AB017F940,SORFGOJ12AB017BE68,SOSUONB12A8C142E83
SOMHJAR12A6D4FCF3B,SOGFUPC12A6D4FEC39,SOVIEHU12A81C234C3
SOEPVBB12A8AE44E5D,SOHWWVS12A8C13DB10,SOGROUF12AB01867D8
SOPMXXW12A8C13D424,SOPAGMW12A6D4F8D3A,SOWNRRS12A8C1429F1
SORILFD12A58A7E3A8,SOOVRAZ12A8C136239,SOYVRRA12AB018A33E
SOOVKJZ12A8C133ED9,SOVGMLY12A8C1314BC,SONDBYI12A6310D81C
SOJNEGD12A6D4FA1EE,SOHCFHL12AB018596F,SOVQEPH12AB0184807
SONWURF12A8C134ABD,SOKNLLQ12A8C13F42B,SOPSUFV12AB0182D3D
SOSTQSC12A8C13684C,SOWKDIY12A8C1444B8,SOKULWV12A58A77A7F
SONGOKE12AB0183B31,SOKQXFP12AC3DFABAF,SOICGPP12A8C1426D5
SOCRQAP12A8C13B855,SOSYOSU12A8C13B874,SOGFMRQ12AB0180418
SOTSJPQ12AB018566C,SOGPZQQ12AB017C3C8,SOSYLKX12A8C13D324
SOLZOFZ12A8AE46339,SOETCUF12AB0182C10,SOCASNU12A8AE45D21
SONMMAY12AB0183A08,SOKALLO12AB018A62E,SOVAAIY12AC4689D7D
SOIRDJV12AB0181B74,SOANAPX12AB0181C7F,SOIJLVK12AB018281F
SOTIHLB12AB018300F,SOEXXEK12AB018AD5E,SOMSGRA12A8C134190
SOXVLQA12AB017FC60,SOKPXNC12A8AE4878F,SOIHFPY12CF5F87A05
SOKBGOG12A8C1357E2,SOPIVHA12A8C1348B6,SORLMMY12A58A79191
SOMBQEO12A8C135018,SODMXRL12A58A7E9C6,SOQUOCG12A6D4FB798
SOGDMEE12AB017FC26,SOUESTO12AB017EF5F,SOFQKZV12AB018514A
SOGAATY12A8C132A4D,SOQJAID12A6D4FB775,SOLZKMN12A81C1FEBF
SOESWXV12A8C13B5DB,SOSYMWV12AB0184F86,SOVCDXO12A58A7698E
SOBMDMC12AB0186042,SOCCUWF12AB0186059,SOTLEGA12A6D4FB9CF
SONZTJK12A8C146A2A,SOFWDMQ12A8C146A0B,SOEHFRI12A58A7EA25
SOPCFXX12AB017DC27,SOWIIZC12AB017C36E,SOVMPFJ12A81C20829
SOFVFSJ12D02199492,SOAURIO12D02197DD8,SOTQTWI12AB01892FD
SOMPWPF12A67020F5A,SOJRGMD12A670206C6,SOZCRVP12A81C21F40
SOHWDHV12A8C134426,SONCMDH12A58A7C500,SOTLTJR12A81C2065D
SOHJXOB12AB018627B,SOUOZQB12AB0186284,SOVLVSJ12AB01832A7
SOXIWDR12AF72A5E4E,SOUKYBX12AF72AB35E,SOZMYPM12A6701DAAC
SOBZOTA12A6D4F8234,SONDICB12A6D4F8230,SOGVEQL12A8C1356B9
SOPXAFZ12A8C13E2E3,SOKRNLK12A81C20332,SOKYXUQ12AB0186407
SOBUXUZ12AB018A3A4,SOKVHWH12AB0185878,SOXYARV12A8C1368C8
SOJWWZK12A8C13C05D,SOFQCNC12A8C13C2E5,SOEPSUW12A8C13FCED
SORTFRX12A58A7B17E,SOQNOIS12A58A79AFA,SOPBGFI12A8AE49220
SORLOYR12AB0188AAC,SOYBNRJ12A8C13ACC5,SOVAZYS12A8C14091B
SORGBBF12A6D4FBE43,SOVQCMA12A6D4F6C58,SOELFPE12A8C146E44
SOELAHM12A8C13573F,SOCHYQQ12A6D4FA52B,SOLRVTS12A8C139D5B
SOFWKVO12AB0181539,SOHTMFO12AB01853CD,SORUTNO12A8C13D2F5
SOTQFQD12AB017BCDC,SOWSNEN12A8AE479B6,SOETGAE12A6D4FA907
SOQRWBU12AB017CF0C,SOYLNIP12AB017EDAE,SOICEWK12A8C1442E3
SOKBBXV12AB0186B8A,SOUHNGJ12AB0182844,SOBFAVI12A8C14044D
SONLAJA12A8AE45839,SOBMPJA12AB0182FEB,SOOZZEC12D02192F76
SOHKFDD12A8C142D3B,SORQIMO12A8C143553,SOYQUWC12AB0180037
SOWMVYZ12A6D4F5A39,SOYQHJU12AB017ADBD,SOLZCWF12AB0188E80
SOEBCQH12A8AE46E5C,SOMUYGI12AB0188633,SOOXFEI12A8C13FE28
SOHHSDQ12A6D4F6368,SOOVWFY12A8C13F896,SOKUJAK12A8C145D1B
SOHXQOL12AC4688DF0,SOMEBXM12AAA8C862F,SORUWYB12A8C1336E9
SOCOLEP12A6D4F8825,SOWPUQN12A6D4F8821,SONSXTP12AC3DF7599
SOPZYZC12A58A79314,SOFOEGE12A6D4F7C66,SOCZSYW12AAF3B490E
SOPPNPD12AB0187B23,SOHCWAU12A8C1407D5,SOQNORV12AC468BDE1
SOBLEGU12A8C13B9E9,SOBWMMD12A58A7C140,SOIBMQP12AB017FF20
SOVTQCF12AB0181DCF,SOYAFXK12AAF3B5C94,SORPPLJ12AB0183198
SOORSEW12A8C1375CB,SOAWDUO12AB0182450,SOLZFMV12AB01897FC
SOAWMRL12AC468D70E,SOPRSQI12AC3DF99E9,SODMYSJ12A81C20C88
SOIMTNU12A6D4FB23E,SOIBQED12A6D4F7D61,SOINJHA12A8C134C60
SOIHZMH12AB017DF93,SOIZEZF12A8C13F7E9,SOUHTWB12A8C13BA4D
SOVJBGH12AB018C9DC,SOSZHZY12AB018E853,SONMTUS12A8C13C6C1
SOGSGBW12A6D4F7150,SOQDWIX12A6D4F6EE5,SOCQLKB12A67AE1DBC
SODYNLW12AB01899CD,SOZAMIQ12A3F1EBE9C,SONEDJP12AB017FD27
SOVUCXR12AB0180B10,SOEBFUE12AB0180AF1,SOMPXFA12AB0187631
SOFNOOO12A8C13F8A8,SOIKWCP12A6D4FC9F0,SOLOIFS12A58A7AF22
SOHAUVX12A6D4F8C76,SOAHUOW12A8C13603B,SOFGBXU12AB017D651
SONXKDW12AB017EC11,SOMAWWI12A58A78074,SOTNRCH12A67ADC8BD
SOHYHTU12A8C133CDE,SOGZXBV12A8C135A7B,SOZTHGQ12AC4689A7C
SOTZRNR12AB01851A5,SOSTHIT12AB0183C99,SOLANKZ12A8AE467A8
SOOIVVO12AB017DAD3,SOVFZXR12A6D4F74DC,SOQNNUF12A58A7DC1C
SOTSALA12AB018E9EE,SOACJNS12AB018E9E1,SOJJYKJ12AB01849E5
SOZFCZN12AB017E894,SORTGBA12AB018A917,SOTWEXS12A8C14257D
SOZPPLM12A8C1355A6,SOHWIFA12AC961889C,SONUEAD12A6D4F908B
SOHAWQW12AC468612C,SOVJXVQ12AC468A446,SOHEHNX12AB017EF18
SOROWAY12AB0186FE6,SOHCTYE12AB0182F87,SOCFHZP12A8C13DA21
SOHIUKX12A6D4FDAB3,SOHHGXT12A6D4FDA90,SOCSXBH12A58A78109
SOPIKDK12A6D4FBFF4,SOWYROJ12AB0189671,SOLUVUK12A8C135F2E
SONPSZE12A6D4F6717,SOXTUGT12A8C140B2C,SONHEHE12AB0181BD4
SOPCCVI12AB018F37C,SOMZUJH12AB018F38B,SOTRVNO12AC3DF7F41
SOLPBLC12A8C142DA0,SOTCQWF12A8C13CF96,SOLAFSF12AB01833B5
SOCQLKB12A67AE1DBC,SOAPOEA12A67AE1DAA,SOJEVZW12A8C133988
SOVKPHG12A8C1383DE,SODGCUH12AB0183470,SOBFIVA12AAF3B2CCC
SOIIKZG12A8C13ACEA,SOLEWSN12A6D4F8DD6,SORRZGD12A6310DBC3
SOXBYPK12AB018B86E,SONZQZC12AB01859DD,SOSOXFK12AAF3B3A62
SOOHJOA12AB017FFE1,SOBNGYP12A58A7FFE6,SOIACXA12A8C139CB1
SOAVNYB12AB0182731,SOFNTHT12A58A7D462,SONXKLQ12A8C141242
SODGEOZ12A6D4FD9F3,SOTWWBZ12AB01845E0,SOQPRRE12AB01870B0
SOBZWXX12A6D4FC22B,SOEXUAN12A6D4F734C,SOZYYPW12A6D4FCC58
SOPHBXZ12AB0185258,SOBIFKX12AB018523F,SOHMGEJ12AB0187C0E
SONZEAA12AB017CA85,SOQJQZY12A8AE477B0,SOQDYXQ12AB017BDC0
SOICJWY12A58A7D4D8,SOJRPRQ12AB0180458,SORXPTH12AB018A49F
SODYVBO12AB017C3A5,SOQOEMZ12A6D4F9C52,SOLAYZX12AC9075243
SOLUIAF12A81C20616,SOFLKLL12AC468B353,SOTISUY12A8C13C001
SOPCNFX12AB0182295,SOWXTPB12AB018229D,SOBVJHC12A8C13646A
SOYWICF12A8C13BDD7,SOEVAMO12AC90716AD,SOYGYUY12AB0184DDC
SOTRUPB12AB017E7CD,SOOUCST12AAF3B5B2B,SOUMRBN12AB0180ADC
SOLRHAK12AB0187187,SOLNMWP12AB018C883,SOITVQW12A58A7D657
SOZWHGT12A8AE48980,SOYLSXY12AB0183660,SOSSONI12A58A79D49
SOBVVUL12AB0180166,SOJXSQA12AC3DF97D8,SOODNIH12AB018F44B
SODZNSA12A6D4F629F,SORURET12A6D4F62A0,SOQXESU12AC3DF9F59
SOPFNDA12AF72A2A54,SOBQQCL12AB0180A33,SOHXMMK12A58A7D4BA
SOQUXJK12AAF3B22A1,SOMBCOW12AAF3B229F,SOHDZWD12AB018927B
SOAMBNB12A6D4FB773,SOYVKLB12AB01864A3,SOUUYSE12AB018B06F
SOARFKA12AB018A98F,SOJUXDY12A8A9D59E3,SOLHRRG12AC4686998
SOBUAJK12AB0180E36,SOUKTNR12A58A79E69,SOMSDEF12AB018ABBD
SOAHZCY12A8C138DE1,SOHZLEZ12AB017D7C2,SOCFGAK12A67020B28
SOTTGWB12A6D4F58C6,SOSUVKW12A6D4F58BE,SOOOSYC12AC4685F36
SOQRWBX12AC3DF52D2,SOEKAPH12A8C13DCAA,SOJEVSO12AB0181662
SODVGJB12AB018644C,SOHRIKL12AB0186468,SOTYHBU12AB018AC46
SOMQPAT12AB017AEB3,SOFHLCM12A8C13D00A,SOTKAFN12A8C136138
SOIDBNB12A58A7A72C,SOABEAH12AB01817B2,SORIPFB12A8C1396D2
SOFJELN12A8C13EBEE,SOVOIPG12A8C13FE9E,SOORPZS12B0B80BE57
SOBRNTL12AB018662F,SOSPRKT12AB018236A,SOMOZHP12AB018369C
SOKPMSE12A8C135993,SOHVBFS12A8C13E159,SORHLVW12A58A7DDB6
SOEHTIF12A8C139C5A,SOFTDLF12A8C139046,SOKWJGG12A8C13C9B6
SORTKOR12A8C14515B,SOAWVOF12A8C146B54,SOMFHQX12AB0189DB9
SOPIUFO12A8C1438DD,SOHOXPK12AB018237D,SOHGKCD12AB017EA91
SOXEXQD12A58A7E72F,SOQEEGM12A8C13C4EF,SOMSPYS12A6D4FEDBB
SOUZBAE12AB017FFD2,SOHPVWT12AB0184E54,SOJCMZT12AB018238B
SOOXIPY12A6701CDD9,SOTEVAS12A8C139841,SOKQSXN12A6701D935
SOBGAMI12AAF3B4DC9,SONZHJJ12AB017DF63,SOBXNRE12AB017C72A
SOVGSGP12AB0189AE5,SORKDUM12A6D4FA813,SOIGUEG12AB017DCDA
SOLOBAR12AB0184435,SOXPNDU12A8C137F8C,SOFVMNV12AB017D9A2
SOJLKWF12AB01821E5,SOHZIYQ12AB0186801,SOOHCMF12AC468BA13
SOLXDPY12AB018023A,SOAEZMS12AB017C581,SOHHXDI12D02190516
SOHBZHQ12AC468AB84,SOBYPMP12A6310EDC5,SOZVTQM12CF5F88285
SOZJIKM12AB0189C9D,SOGBKRV12AB0189C45,SOJIHXZ12A67AE16EC
SOJPVSC12A6D4F924F,SOGDYTB12D02198105,SOEXYLG12A8C137D58
SOTNQVV12A6D4FE367,SOPNBCG12A8151D420,SOLGKUS12A8C1436EE
SOTGHCP12A6D4F6ED9,SONYYQH12A6D4F6ED4,SOHCMZK12A6D4F8933
SOQACTH12AB0185B55,SOWFZAH12AB0182D05,SOOTQKH12A8C1417B5
SOZTBPE12AB017B664,SOLAIEL12AC468DFFA,SOCPYYZ12AB0187E70
SOHCBJX12A58A7CFEA,SOSAMRM12A6D4F8B9A,SOPEFMO12AAF3B317C
SOCLKIG12A8C1338C2,SOCCJDL12A8C13E0E8,SORVEEG12A670200D2
SOVNOTL12A8C131D22,SOPXLAR12A8C131D3C,SOUETFN12A8C137C06
SOUYWLC12AB0181B41,SOZRLSE12AB01893EF,SOHLICT12A8C13C8C7
SOPWDLB12A8C1354D6,SOZTRKX12A8C1354A9,SOGXSOW12A8C13BE05
SOUNAZP12A8C1433DD,SOVVKYR12AF729E3D1,SOYFPDL12AC468C335
SOAYWQH12AB018C97F,SOJBWPP12AAF3B4723,SOQETNJ12A8C137960
SOYPZMF12A8AE48E4C,SODKQBF12A8AE47BC2,SOJMZTL12A8C1406CB
SOBSBCL12A8C136909,SOZNESJ12A6D4FD187,SOQAKDE12A8C142050
SOLNALT12AB01869D7,SOGDVCJ12A58A7BC39,SOBFSDD12A6D4F9327
SOOWUWR12A8C13A62C,SOSPVCG12A8C14560E,SOCYFHN12AB018A8EC
SOSSVJJ12A8C1353F0,SOLCNHW12A8C13542C,SOWJGCY12AB01824A1
SOLCUEX12A8AE44AA5,SOWERTA12A8C13EB33,SOQOWLM12AB0180585
SOUGFLQ12A8AE46464,SOEZOYP12AB01831C3,SOBNPVS12A6D4F9260
SOTSJDC12A8C143529,SONJRRM12A8C141AC4,SOMXUFQ12AF72A0646
SOSSYGU12AB0188369,SOEALVG12AB018D7AE,SONQIJJ12AB01870F8
SOCGNGB12A8C138FB4,SOTZQNL12A8C132B4C,SOJPGUL12AB01844A8
SOSRLHW12AB018A65F,SOEUNET12AB018A663,SOYGABE12AB018A996
SOPAFPV12AB0183CA2,SOPBXOJ12AB017EFA0,SOKEYOU12A8C132392
SOJFBAR12AB018A9BF,SOSRKTU12AB01899BE,SORCKXS12AB017F1A0
SOATBYN12AB01895C0,SOGHDII12A8C130FDC,SOFXRKQ12AC4688500
SODROXC12A8C13FA14,SOBGDRB12AC468DCF1,SOQAEEA12AB018BC83
SOMCTRX12AB0185326,SODJGKE12AB01817BC,SOXIATP12AAF3B2184
SOERQUW12A6D4F6E5D,SODHOXN12A6D4F683A,SORPSPT12AB01832A5
SOQWDSR12AB01850B6,SOPXOYP12AB01883DE,SOCWGLQ12A8C13D14A
SOFDOQF12A67ADD049,SOZTGIY12A8AE47722,SOIJEWM12A67ADA08D
SOGRFXS12AB017E4FB,SOMHLJJ12A6D4F7CFB,SOQMDHI12A6D4F98DC
SOAKPEL12A6D4FC126,SOZQWJK12AAF3B425C,SONAARK12AB017AF1F
SOPEICR12AB0188B50,SOPAJAH12AB0188B34,SOFGEIT12A8C1406F3
SOSNVMF12AB0187845,SOROUET12AB0187809,SOGVIRG12A8C135E90
SOBGCPC12A8C1354BF,SOFNCMV12A8C13C5FA,SOFVDZN12A58A7F8C6
SOWVAPR12AB018AD7F,SOSSTGB12AB018AD7D,SOAQJMY12AB0186060
SORQMEN12AB018427C,SOWWZDP12AB0184238,SODDIDB12A8AE463BD
SOWSNFG12AB01824F0,SOIMSIZ12A58A7BA35,SOIMWPR12AB01869F2
SOHACEQ12A8C132139,SOLRCNH12A6D4FB912,SOHACYI12AB0186821
SOMPQQE12AB0182BD9,SOKNGDE12AB017CA4D,SOGEXKJ12AF72A35C7
SOTSQNF12A81C22DF6,SOSWZZV12A81C22DF1,SOBUUBX12AB0182BA1
SOQTOBG12A6D4FD6F0,SONPAJK12A8C13489D,SOLGJSH12A6701E060
SOOUAKQ12AF72A9116,SOORFBN12AB01888E1,SOAPMND12AB018A272
SOXRMGR12A6D4FA5EC,SONGKFO12AB0183713,SOOYGZD12AB0182A4B
SOHYSVP12AB0184900,SOQOSVJ12A8C13251F,SOBNPVS12A6D4F9260
SOXFFVE12AB017FF94,SODYSXM12A8C13ADD7,SOJCTES12AB01867CC
SOISQKF12AAF3B3A41,SOSOXFK12AAF3B3A62,SOBQVSJ12AC3DFA44D
SOQQPAX12AB0185375,SOWYJJI12AAF3B2C10,SOHXQOL12AC4688DF0
SOCGBXK12A6D4F780F,SOBBHQX12A6D4F781B,SOBFFRY12A8C1377FA
SOKVWUH12A58A7D2CD,SOXJGDR12AAF3B2586,SOSPNSF12AF72A0AF6
SONJHHW12A6D4F7CCE,SOYFEMV12A6D4F7CDE,SOLMQQL12A8C13937F
SORGHVM12A8C141098,SOHDZCX12A8C13B186,SOUSDYU12A8AE46CF1
SOSJCFE12A8C1428B0,SODHEQN12A8C142DA2,SOYZIYB12AB017ED63
SOYKYCW12AB017EDA8,SOLTPXL12AB017ED9F,SOKAUXT12A8C143925
SOANHXJ12AB0180FE9,SOGHEDC12A8C1325EE,SOQTVUL12A6D4F8F04
SOCVGSL12AB0183E96,SODWWUT12A8C144E09,SOKQOSZ12A8AE468A7
SOKZZRA12AB0186BB5,SOXDJXK12AC9072DDA,SOYQNEQ12A6D4F7003
SODTDPF12AB018694C,SOCDPHM12A58A7C4CF,SOFHJIV12A6D4F7569
SOCCWDW12AB0185F6F,SOYRQHF12A8C140650,SOYPPJW127F3DF8C54
SOJAMGJ12A81C216A3,SOQRPBT12A8AE487A5,SOUCQEF12AAFF429B8
SONHZAG12AB01886C4,SOZQXLK12AB0188882,SOVKTCY12A6310E1CC
SOUJRLY12A8C138BD4,SOUUYXT12AC4689EE9,SOTKFLY12AF72A73C3
SOMNLKL12A8C13CDB1,SOHWVJJ12AB0185F6D,SOBKWDJ12A8C13B2F3
SOHAPAR12A58A7CF61,SOASTTT12A8C135CD4,SOLSRWZ12A6D4FA452
SOQEFFL12AB0185CF8,SOGSHXI12AB018140E,SOHJPAU12A8C13636C
SONNIPY12A6D4FA5DD,SOQEEPB12A8C13437D,SORNKAW12A8C141D83
SOKDZMH12A6D4F77D5,SOEQIEK12A6D4F7BFB,SOJNVEJ12A6D4F9C07
SOWRKIA12AC9070E4A,SOCWPVV12AC90725AD,SOEYYEI12AC468968A
SOZGZYA12AB017F17F,SOPXHFW12AB017F1C6,SOTPQFM12AB017AC9E
SOBWJSQ12A8C133CDD,SOMCGFJ12A8C132EEE,SOSIUCT12AB0182323
SOJDURH12AB018847F,SOERWEA12A6D4F4CB8,SOHCLOW12A8C1393CB
SOXTOGK12A58A78B1D,SOCIUNU12AB018C069,SORKIPY12A8C1333AD
SOGIPSQ12AB017C2BE,SOEBDRB12AB0182558,SOFHDIY12AF72A6100
SOCAWJO12A8C13C811,SOSUEYB12A6D4FBF7E,SOYDSNA12AB0186336
SOSCPYC12AB0184891,SOAFUVR12AB01800F9,SOLXXAJ12A8C136D53
SOQPWCR12A6D4FB2A3,SODRVYY12A6D4FB2CE,SOKKSPP12A8C13FB21
SOILSOW12AB0180973,SOUWSCJ12AB0184B12,SOUJMKT12A8151AB73
SOTDSFJ12A8C141206,SOPUQFS12A8C13DE1E,SOOGZKW12A6D4F71B9
SOVPMPW12A8C139FD0,SOZNTWU12A8C1453CF,SORERTC12A8AE454B3
SONGNFI12AB0181666,SOWONWN12AB0185D32,SOBIZYU12A6D4F66C8
SOUBHSV12AB0184793,SOYYUBP12A8C13B1FC,SOKSMCT12A6D4F84BA
SOQTYFH12A6D4F932E,SOOCXWP12A6D4F8DA2,SOIQXOJ12AB018439A
SOBCYLS12A8C1372A6,SONAWFU12A8C13728E,SOODGAM12A8C13E84C
SODICCM12A6D4F63E9,SOASIEJ12A8C1462C4,SOAHAVB12AB018151E
SOGTJSG12A81C2080F,SOWASHW12A6D4F9C58,SOLWXCM12A81C21F3D
SOJMSEY12A58A7832B,SOGGJAG12A58A7C7D8,SOLEIOS12AB018372B
SOWXKLQ12A8C13C221,SOOGKOY12B34F33114,SONICET12A58A7F290
SOJIHMI12AB0183B31,SOEHICM12AB0182AD3,SONPUQG12AC468AC1F
SOCCRKJ12A6D4F9178,SOIVZVM12AF72A42C4,SODNBYJ12A58A78504
SOCXBKP12AB0184260,SOQRBVN12A58A77A16,SOTYPYR12AB018426F
SOIONGZ12AB0187B26,SOITXNB12A8C144ECD,SOPAZAM12A6D4F6F05
SOLNCDE12AC468EC62,SOHXUWV12A58A7B9A5,SOIQPTA12A67021606
SOORPQR12AB0188425,SOCLLUT12A8C142A68,SOGVXMS12A8C13BDA9
SOCTYQJ12AB01846CE,SOAMEWK12AB01846D1,SOOVXCW12AC4689C54
SOQSEFH12AB017A4D5,SOGEIQX12A8C136E0E,SOSMYQF12A6D4F570D
SOUKFRR12A8C1383E4,SOPVXVJ12A58A78F5D,SOMWPEG12A8C13A258
SORVAGA12A8C13066A,SOJPAJU12A8C140DDC,SOTTKUO12A8C137BFE
SOWZQHT12AB018CBDA,SOELQCA12A8C142457,SOAETYR12A8C1321B2
SOPNIDZ12AB0180414,SOBYKBW12A8C140D3D,SOSNOQU12AB018709D
SOKWQWE12AB0186BD1,SOLJPSW12AC960D92E,SOEPNCV12AC90712DF
SOYJPRK12A8C134CFC,SOJKDYJ12A8C133F6C,SONZQZC12AB01859DD
SOFDDSM12AB0182DCA,SOAWDBP12A8C144CB2,SOCMGNB12A8C132D58
SOHSPOX12AB017FD19,SORUJBL12AB0180911,SOTFCFF12A8C142E4F
SOIXZRZ12A8C13A2C2,SOPRFIF12AB01867F4,SODIQMY12A8AE4670F
SOKVVDU12A8C144691,SOBVJUZ12A8C14468E,SOBMJEK12AB017E066
SOEOYCV12A8C13CC6F,SOKFNCF12A8C13CC7B,SOYCTOJ12AB0185204
SORRAXB12A8AE48723,SOIHVTU12A8C13923F,SOLWISB12A8C13C9BB
SOAZTLW12A8C144899,SOHYKNY12A8C1437B3,SOBLWMK12A8AE467B5
SOMZZON12A6701D3B9,SOHMNJO12A8C1362C4,SOQLQDN12AB017C577
SONNFQD12AB018E2C4,SOPQABD12AB01867C3,SOPXOAW12AB01828BB
SOVWFFJ12A6D4FCC31,SOFPTYX12A8AE44BF3,SOFKISA12A58A80E72
SOFNHEB12A8C13C4D6,SOYRACV12A8C13C4D8,SOVIJEZ12A58A7F35C
SONJHHW12A6D4F7CCE,SOZKYTX12A6D4F906A,SOEHXAY12AC3DF8275
SOGJYCV12A6D4FCDE4,SOIUVFV12A6D4FA1E6,SOCKZGC1280EC90D76
SOBKIQK12AB0184647,SOYZYOG12AB018325E,SOAJDGL12A8C132A2E
SOYSFRR12A8C143DD9,SOIGBNU12A58A79957,SOIVPIY12A81C2222A
SONOYSW12AB0189FD9,SORSFFC12AB0189FED,SOQCIFN12A8C140FC5
SOQZCLA12A8C132A4D,SOPHERL12A8C132AAC,SOQBMHD12A58A7D705
SOGMBRB12A8151C9D8,SOGJQWG12A81C20AE7,SOEBFAJ12AB017F810
SOKKSPP12A8C13FB21,SOGOGWU12A8C13F587,SOMMMOO12A8C13143C
SOODICJ12A8C13E389,SOTNOAN12A67AE1396,SOBUZKR12AB01855D2
SOAEGIH12A6D4F8B51,SOMDFUX12A6D4F8E61,SOTKKSP12A6BD53D32
SOJITID12AB018481D,SOJXDIE12AB017EA9A,SOWWSZO12AB01849D2
SOYGJVI12AC4685489,SOCTPTD12A58A76CBC,SOONKJF12AB0185C23
SOMYJCY12A6D4FBE95,SOMMGTI12A6D4F81C0,SOLREKJ12AF729FF59
SOGVBFP12A81C227F6,SOKHKRZ12A81C22BAD,SOYYJSI12A8C1334CE
SOCWPGA12A8C14046F,SOUKITA12A8C143887,SOKEYJA12AB0185BAD
SONICOM12AB018C0E0,SOJNGYN12A6D4F767C,SOMHJAR12A6D4FCF3B
SOZTPPT12A6D4FEFBB,SOLUNOY12A8AE4698F,SOCMXGV12A6D4F855E
SOEUKSL12A8C133DED,SOILOYZ12A8C13539D,SOSTVTB12A58A7983B
SORRNZJ12A8C13DFE8,SONZVQG12A58A7B80A,SOXGPCD12A6701E5A7
SOEUSWR12AB01886B9,SOZPTTK12AB018A728,SOHBXTU12A6D4F93E5
SOKJINI12AB01887D5,SOYNAGD12A58A7BDEC,SOBEWJH12A6D4F7AB0
SOYPAZL12A8C1420B2,SOTSTKL12A8C141122,SONCSNY12AB0182725
SOFDVML12AC468D87B,SOPVDSB12AC468690B,SORRVVS12AB0181EAF
SOVWWJW12A670206BE,SOUTPRN12A8C13657E,SOKTLVW12A58A7C529
SOMZXIG12A8C13F3A8,SOBDTFX12AC468871E,SOFXHRS12AC9070EE3
SORAIGZ12AB017FEF2,SOEQAPE12AC4686DF1,SOZQRKL12AB018359E
SOGOFQO12AB0182755,SOABVWY12AB018274B,SODUABU12A8C146DF2
SOXJXPH12A58A7E199,SOYCYPP12AB0185E21,SOAOCAG12A6D4FA89E
SOHDQDZ12A6D4F86E2,SODHFOI12A58A78491,SOAJXIJ12AB018810B
SORFMPY12A8C1361D4,SOXVIXV12A8C133753,SOKRJXG12AB0184475
SOPRILC12AB0181F01,SOOMGJA12A8C132876,SOBPBKU12A6701E5CF
SOIGQVA12A6D4F9F25,SOVQTDC12AB018055E,SOCLXLK12AC468A081
SOJFJYA12A8C1431DB,SORDVVU12A8C140149,SOQYMAI12AB0188754
SORQNSH12AB018BD1B,SOLURWH12A58A7DD13,SOFQYLJ12A8C1314D8
SOHEDUY12A6D4F88A3,SOCTCFF12A6D4F8382,SOHCNUQ12A8AE47DCC
SOJKLHZ12A6D4F90FC,SOHOGUR12A6D4F58E0,SOKKOKI12AC468A1C0
SOGCVWE12AB01857FF,SODAUFS12AB01857E4,SOOOUDM12AAA15EE2D
SODQWRC12A8C13D19B,SOSOKDL12AF729F196,SOGVXMS12A8C13BDA9
SOQQKSD12A8C145061,SOMRKIW12A8C143281,SOQFEJH12A8C145807
SOQHYNT12A8C13B77A,SOQDVPI12AB01846C4,SOINUNK12AB0185B93
SOUBGOZ12A6D4F6198,SOGNVRF12A6D4FBEBA,SOJIYIZ12A58A7D197
SOWUTFN12AB0183328,SOTYHBU12AB018AC46,SOSCCOO12A8C13F0AF
SOWAJAT12A6D4F5648,SOIDWNE12A6D4F5642,SOUMLGB12AB0186F66
SOXOUGX12A6D4F697C,SOVOLGY12A6D4F822B,SOBALZO12A6D4F8C19
SOMTOVM12A67AE0DB5,SOZTHIH12A6D4F8279,SOMGTDZ12AB01816D5
SOWEUWL12AB018D842,SOGEGOV12AB018D838,SOYUKUF12AC9E133B9
SOGYBWG12AB0182B21,SOBLWMK12A8AE467B5,SOBDQYF12A8C1374F5
SODVGJY12CF530E5E4,SOLPYAZ12A8C131225,SOTXODF12AC46895DE
SOHQYLP12A6D4F9D44,SOIAEOI12A6D4F8012,SOCSNVI12A8C13ECC2
SOSPTMX12AB018835F,SOJSONJ12A8C135C87,SOIJMIV12A8C133F4B
SOGMCVY12A8C13584C,SOSUVCW12A8C13580D,SOFWGSO12AC4689945
SOYWXLA12AB0187205,SOYZIYS12A6D4F5ED5,SOBBKJX12A8C145CEB
SOHCIFJ12AB0184AB1,SOZONTS12AB0186A43,SOFYNQX12AB018B8E1
SOUBTXD12A8C141B4E,SOSJCAZ12A8C141B68,SOHFBGI12AB01831E1
SODZNNQ12AB0189214,SOYGZDU12AB0189DE6,SOIXGAR12A8C1453A9
SOFBLKT12AB018A5E3,SODNJFJ12AB0185841,SOLDXAG12A58A80B1C
SOYETRS12AB018A8F2,SOMHXLM12AB0184608,SOHJFCS12AB017D9F1
SOAUDJJ12A8C14220E,SOJIAMQ12AB0183867,SOVCZSG12A8C132E7D
SOUWNIW12A8C1360D4,SOQPBEV12AC3DF66EF,SOJKGFZ12A6D4F8136
SOVQLCH12A58A77E91,SOWEVWZ12AB0183876,SOYUIMG12A8C135784
SOIORGV12A8AE468C2,SOFGDLZ12A58A7A478,SOSYWSV12AAA8C5A07
SOETZNT12A8AE46467,SOQFSIQ12A8AE4645D,SOPVJCP12AB0189561
SOFLOJJ12AB018C701,SOYBBLF12AB018AE0A,SOCWHGB12A8AE48119
SODGRWK12A6D4F5605,SOFNCJY12A8C1354E4,SOUVVUV12A8AE48414
SOIDOHE12A8C135371,SOBEWIS12AB0182D75,SODQGUT12A58A79D0E
SODHALX12AB0180606,SOTAONO12A8C1420FA,SOBLPMI12A6701F8B6
SOCPKHP12AB017E118,SOVDHAF12AB017EC06,SOUXVLM12A6D4F6E8C
SOOZOCI12AB017FDB6,SOVLBLF12AB017EA73,SOGGLFY12A6D4FD533
SOSFIRC12A8C134091,SODBAJN12A8C134E03,SOHESEE12A6D4FBEA1
SOBYJFO12A8C1365DD,SOCEZZL12A81C23CD9,SOMBPVD12A58A7FE84
SOWIHGX12AB017D6EA,SOLXPTW12AB017D6EB,SOFBNZN12A6D4FBEE0
SOTAKVG12A58A78B7B,SOXPGZA12AB018698D,SOYNUDG12AB018BC6D
SOTNGZF12A8AE49CC2,SOTXZAV12A67ADF6C5,SOLSFKN12A8C1349BB
SOTHIGU12AB0180D67,SOEWKBZ12AB017E3E7,SOQBWSM12A6BD548F0
SOIXSNC12AB017DD84,SOPWQTM12AB017DD86,SOYGLZC12A8AE44B98
SOFERCA12CF530E5F2,SOOCHHF12AAFF4419A,SOTQQXU12AB01874A1
SOAOAEI12A8C144AC4,SOWZIPV12A8C1436A1,SOYDNHZ12A6D4FA66E
SOBLMFE12A6D4FCCAA,SOAQUPA12A6D4F81ED,SOSYUQX12A8C13E335
SOADTCD12A8C1425CC,SOMDFYM12A8C133E63,SOWBDVV12AB017F930
SOEBNEL12A58A7C389,SOGDCUG12A8C13C069,SOJIIXC12A8C13B278
SOEALVG12AB018D7AE,SOSSYGU12AB0188369,SOSQSVF12AB01807DD
SOSAZTX12A67ADBEE0,SOYDYJV12A8C13B5CC,SOQBEFE12AB01858DB
SOTQHBI12D02192D41,SOEKUHB12D02192FAE,SOINCVD12A58A7A850
SOAMORU12A8C137E6F,SOIDEVL12A8C135667,SOGVBFP12A81C227F6
SOCLZOC12A8C133DF7,SOOGGWF12AB0180E17,SOQIDYH12A6D4F79EA
SOMMALW12A58A79E93,SOCCXXA12A58A762B2,SONZSOZ12A6D4FB1AF
SOBEUSX12AF72A5EBE,SOQJGUH12AB018410B,SODLYQE12A8C13B59C
SOBUAHB12AB0182631,SOAPLSI12AB0187D85,SOCZDXN12A8C13BB63
SOTQDCZ12AB0181A10,SOOKFFN12AB01819E9,SOTNHOX12AB0184D9F
SOLWYOG12AB0186976,SOFPWLB12AB018949F,SOYHZWP12A58A7C176
SOKHRGL12AB018ADAC,SOLENTG12AB018ADA3,SOELAHM12A8C13573F
SOTJWZX12A8C135C8B,SOIFYGN12AB018269A,SOVCRVD12AB017F07E
SOWVWEH12A8AE48529,SOEPNCV12AC90712DF,SOLBUCG12A8C133BA1
SOGHBAR12A8C13E813,SOTKPQM12AB0186920,SOOSAHZ12AB0189695
SONSWFO12AB0188EBE,SOISMBN12AB0184784,SOJLDSG12A58A7E4FE
SOGJEHQ12CF57023CB,SOJSYTD12A8C13E5F3,SOHWZOW12AB017EE95
SOFUJIE12AB017F564,SOGRMLO12AB0181D2E,SOXSFEO12AB0188D4A
SOJDTBL12AB0188BF6,SOFORRV12AB01840C4,SOAZCRH12A6D4F30EC
SOAPHSU12A8C140EDD,SOXTTDO12A8C140F07,SOEIDQL12AB0188ED3
SOIXHXP12CF5665060,SOFZZKJ12A6701D935,SOQBRHG12D02190B40
SOTZTGJ12D02191F34,SOFXLFK12D021B0E6E,SOJIWHN12A6D4F9CE2
SOHULHF12AB017F6CF,SODDLAZ12AB018350A,SOCCJDL12A8C13E0E8
SOIKYMH12AB0186452,SOPOPLW12A8C13A905,SODMIYO12A8AE47CEB
SOIFVBU12A6701CCE1,SOCRHTT12A6701CCDA,SOHDEVQ12AB018729F
SOEGPZU12AB017C31C,SOHMAWO12AB017C309,SOYJFCZ12A8C137848
SOCRGCL12AB018BC19,SORHFWK12AC4685D8E,SOKUMPA12A8C132441
SORQCKH12AB017F34C,SOIJDSV12AB017F310,SORURET12A6D4F62A0
SORHAIL12AB018224A,SOQTKSG12AB0182B3D,SONTEOK12AB01883DF
SOZEPIY12A81C222C5,SOVBITQ12A8AE47EEE,SOKLZTC12A8C141362
SOPYBNE12A8C1435C1,SOVKVJM12A6D4F972F,SOYYSKP12A67021A9E
SOFDCGQ12AB01821E3,SORSJVO12AB017D537,SOBCJVI12A8C14220B
SOYOZMX12A58A7BFF3,SOGDSIO12A6D4FA79F,SOMUYSF12AAF3B3B7D
SOGLUCH12AF72A992C,SOUMIHM12A8C140B85,SOZTAHQ12AB0183940
SOCUMLQ12A8C136299,SOWEAWG12A8C136660,SOJNJAX12A8C13354D
SOBEOCZ12A6D4F8DA6,SOJOUTT12A6D4F8DA2,SOIMXPP12A58A7DA1E
SOFDXHL12A8C13FBC7,SOINBHQ12A8C13FBD0,SOLWRJC12A8C144F99
SOSOFLR12A8C143C64,SOMWFTR12AB017E684,SOTFMSV12A8C142C13
SOGQQJS12A8C137F10,SOSQCZP12A8C137F0C,SORZQYI12A6701C590
SOVFULC12AF72A54B7,SONJPRU12AF72A5963,SOZCYVH12A8C13EB54
SOHRZGI12AB0189466,SOJFOFR12AB0180EEF,SOTMOZP12A6D4FB4DA
SOIJSCJ12AB01893BB,SOBDXAE12A8C142025,SOIIJTJ12A8C14221B
SOURYWW12AB017BBDD,SOAAWRF12D021B39CF,SODSNSI12AB017ED93
SOYYNCO12AB018D96D,SOYGVNH12A6D4FC774,SOAEGMV12A8C1455F2
SOUORSB12A58A80B6F,SOVISQQ12AB0184B6D,SOIJTGT12AB017D995
SOIZQDQ12AB018AD8E,SOIYEQD12AB018AD99,SOSBYYX12A58A77216
SOZPGUT12AB017B0C7,SORZVAB12AB017F819,SOTJQMZ12A6D4FE266
SOQFNMH12AB0181061,SOULRSQ12AB01826FF,SOOMUNN12A8C13B998
SOFSHFK12A8C131D5D,SOXAZCB12A58A78B28,SOIKAQH12A8C14427E
SOGVIRG12A8C135E90,SORAGTM12A8C1365B2,SOTHXAC12C41E07042
SOLUIAF12A81C20616,SOZBUZJ12A8C13AB3F,SOCAEYG12AB01849C0
SOLOWGQ12AB0186B89,SOMHYFG12A8C13AF23,SOYPHMK12AB018CDC3
SOKKKMP12A8C138CBD,SONZUKB12A58A7A420,SOLLPHT12AC468BB6F
SOJCHPN12A8C132491,SOSNQLH12A8C132485,SOOBAQF12A8C1355AE
SOBAZVC12AB017BDD6,SOENHQU12AC468AE6B,SOZFZZE12AB018B561
SOCXRIF12A6D4F96B3,SOOBRRL12A6D4F96B4,SOSLGRK12A58A76E90
SOKLJCX12A8AE482F5,SONKPQQ12AB0186691,SOSLBDO12AB018117E
SOUHMDV12AB01846D4,SORUFZR12A58A7F011,SOCXIYL12AB0185958
SOBWLVW12A8C13E210,SOMXRPV12A8C13E511,SOQBVAO12A58A7B0C1
SOGAAOR12A67ADC8B9,SOTNRCH12A67ADC8BD,SOHNPHC12A8C13FB80
SOTMBWN12A8C1364C7,SORHFDN12AC9E12650,SOQKTKP12A8C13C77F
SOYWXKY12A6D4FB1A4,SOQGQEU12A8C139BDB,SOQXEEW12AB017FB7C
SOXVCTF12A8C13C9AD,SOLBSKX12A8C13FA00,SOZONRX12A8C1331CF
SOBKGXQ12AB017E64E,SOVBGKZ12CF530E5C3,SOSQUGO12A8C135EAF
SOJMWIK12A6D4FA6EF,SOKLWFQ12A8C13FBAC,SOMBEVF12CF58274D8
SOSYUQX12A8C13E335,SOBDZUO12A8C140C6A,SOTTPDC12AB018B6D1
SOOBAQF12A8C1355AE,SOJHSWW12A6D4F7793,SOJNPLJ12A8C13FB89
SOFMLDL12AB0186D96,SOUFIFE12AB018C1D8,SOQASWV12A8C139296
SOHTRVJ12A8C132667,SOCJQBJ12A8C13B94B,SOMIMTG12A8C144DA2
SOIOQRX12A6D4FB036,SOVHWRD12A6D4F8F87,SOLLGHI12AB017ED36
SOSXOTX12A8C13790F,SOEIVEC12A8C139DDA,SOGDLRA12AC468F00B
SOKTLVW12A58A7C529,SOUWMVE12AB017EED8,SOSOAXV12A6D4F7C39
SOYUNJT12A58A7957A,SOACGMN12A8C13AD65,SODYVUU12AB0186196
SOXLNHY12AC4688B63,SODJOWL12AC468D389,SOLMEFU12AC3DF68DF
SOVGBAH12AB018792A,SOYOCQX12AB0187905,SOBUTTO12A6D4FD6EB
SOPKZOD12A58A7CF58,SONVTNT12A8C1403B5,SOMZNMI12A6D4FA9EF
SOWNUXQ12AF72A1A91,SOKSNPP12AB017C33E,SOBJISI12AAA8C4AAE
SOAQQNW12A8C135131,SOMYGQR12A6D4FEABD,SOOHEOR12A6D4F7A6A
SOUKUEY12AAF3B2A69,SOAENHJ12AB017FD85,SOFVSXG12CF5664F86
SONWRPE12A58A7B042,SONNRSI12A8C1388E5,SOHMMMC12AB0181C42
SOTPLOO12AB0186424,SOAUQOI12AB018763D,SOTLLRE12A6D4F8EFF
SOPMSYZ12A8C137848,SOGLKLV12A8C1410CF,SOMHEEP12AB0181AE9
SOWLPBI12AB017F271,SOQDSWJ12AB017FF4A,SODZCBA12AB01830A6
SOPCMBU12A6D4FADB1,SOXVPBU12A6D4FAD80,SOCXXMZ12A58A7D1B1
SOWOOXX12AB0183305,SOQMPKC12A8AE49270,SODEDAK12A6D4F8163
SOIKCVH12AB018832D,SOUTOYE12AB0184714,SOJVJWA12A6D4F7381
SOZSCQJ12AB018060D,SOPWRKA12AC90712B2,SOILXVI12AB018A512
SOHNOJJ12AB017DD74,SOTRGMV12A8C14134E,SOTSGJP12A8C1390CF
SOCVXHE12AB018655E,SOAEWDQ12AB0180EDC,SONFEIT12AAF3B1F97
SOVSZYA12AAF3B47CD,SOOEIFU12AAF3B47DF,SOHCLOW12A8C1393CB
SOCZBGK12AB0187C35,SOAHRLX12A58A7C372,SOUOSCT12AB018205C
SOKUMPJ12A8C1418B6,SOFNSRN12A6D4F51B3,SOZUHSB12A58A7BBF2
SOFUWDG12A8C142F6D,SOICUVH12A58A76E9C,SOIBVYW12A8C140412
SODPOTV12AB0187285,SOOUUAW12AB0187CFD,SODJQBM12A8C1353FF
SOMNRZI12AAF3B514B,SORLCCG12AAF3B514F,SOTYIPB12AB017E9A7
SOZXZIL12AB0189931,SOAGTVP12AB0189926,SODBHKO12A58A77F36
SOPMKMD12A67020BD9,SORNVVT12AF72A0C39,SOBSXYX12AB0183753
SOPLBIY12A8C1326A8,SOAGWRC12A8C133B61,SOLJLNV12A8C13B308
SOJKUFZ12AB01855DF,SODXSTX12AB017F7F0,SOHNXUD12AB0187F01
SOPSMDA12A8C1346A0,SOPYXZY12A58A7D13B,SODFAIF12A8C13A773
SOTBEQR12A8C13B7CF,SOJGEBV12A8C13C46F,SOEQSHR12A6D4FA374
SORCTMT12A58291950,SOWONPQ12A8BED02A8,SODHLGH12A6D4FBC6A
SOCGKEG12A8C144E9A,SOEEMXT12AC4689B09,SOZCYYW12A8C13C2CD
SOJDUQC12AB0181FE6,SODVFTD12AC4688933,SOEEWSN12A58A787FB
SOZTPFN12A8AE4819E,SOOSOWI12AB018FEBE,SOVKKZH12D021977B8
SOJKUFZ12AB01855DF,SODXSTX12AB017F7F0,SOAPGDK12A6D4FAF5E
SOIHINQ12AB018495A,SOFRMZI12AC4688588,SOBTJJH12AB01847DC
SOCUMWJ12A58A77ED5,SOKNKAU12A58A7A70B,SOYJSLO12A6D4F7B07
SOXGTTN12A8C1332B9,SOUOVIB12AF729C93A,SOKXRDR12AAA8C6626
SOCLDAW12A8C144BEC,SOFORRV12AB01840C4,SOQDWPD12A8C142F0D
SONTNWM12A6D4F8C5B,SOBZUMX12A6D4F7D69,SOSBLNF12A8A9D952E
SOWFHCO12AB0189063,SOCFTJO12AB018CF2D,SOYOHOU12A8C13B8BE
SOTZUDE12AB01820C7,SOHPLRQ12AB0182100,SOCQGJZ12AB0189A24
SODCAPY12A58A7D29B,SOZWZIG12A8C131D37,SOVEJZJ12A58A7E0F0
SOSGKCB12A6D4FBF6D,SOGRTNX12A58A783B5,SOYUYJC12A8C13799E
SOVXQCH12A8C133EA1,SORCSRT12A8C13477B,SOBVLUP12A8C140311
SOJHNYL12A67ADD743,SOUWNIQ12A67ADE5B6,SOFOAFV12A8C1401D4
SOGLYUC12AB0187E67,SOBTCRE12AB018A1CF,SOSDWRI12A8C1443CB
SOXEXQD12A58A7E72F,SOQEEGM12A8C13C4EF,SOSVOVY12A8C139E1B
SOPTMQP12A8C13F528,SOTXIVM12A8C13F52F,SOQLGFP12A58A7800E
SOMBPVD12A58A7FE84,SOCQQRC12A8C140C7B,SOHMVLQ12A8C14202E
SOPDTDP12A58A7B267,SORBIWH12AF72A2F03,SONBGIP12AB0185E74
SOBBSDX12AAF3B33A9,SOZDOYP12A8C13ABDF,SOLIGTZ12AC468C6BA
SOWFKXK12AB0189E6D,SOYAWSK12A6D4FA963,SOCFGAK12A67020B28
SOBBLGU12A8C1324CB,SOEQTFH12A8C1324C5,SOGPNXC12A8C1369B4
SOXFFVE12AB017FF94,SODYSXM12A8C13ADD7,SOQFKBW12A58A7B9EE
SOBBUGU12A8C13E95D,SOYCOEX12AB018B5DF,SOLWFIW12AB0183257
SOMXDZN12AB018C963,SOHSLXQ12AB018C575,SOMVSOG12A6D4F8A8F
SOQFPLS12AAA8C664B,SOAGNOL12AAA8C6CA9,SOOPITJ12AB0187399
SOWPWTX12A8C1381E9,SOXSGWI12A8C1381CA,SOUWDFC12A8C13D81F
SOTYZXM12AB0187332,SOJLBHE12AB0187337,SOEUNMC12AB01800D0
SOTJKUJ12A6D4FB577,SOPYZBH12A6D4FD36D,SOPMWIJ12AB0183C48
SOTHEYF12AC4689772,SOUOVVA12AB01821C8,SOVOOWS12AB018256F
SOMIDWB12A8AE45B9A,SOFNFEW12A8AE44980,SOQXXQP12AC96185B2
SOKCVBR12A6D4FCFA1,SOJVAOP12A6D4FC74A,SOAEMWT12A8C1320A7
SOZOTHE12AB017C38A,SOENOCP12A6D4F8C46,SOUSXRA12A8AE490AC
SODTWEJ12A8C13B0C1,SOZUPRG12A8C143BC9,SOUZMCR12AB018553E
SOKWJYL12A6D4F6801,SOTDVXW12A6D4F72FF,SOYHLRK12AB018E841
SOFRDPR12A8C139B54,SOQZUCL12A8C13B32B,SOBEKUK12AB018311F
SOPTLKY12A8C13D028,SOZGUJD12A6D4FAF90,SOSZDZY12A6310F1EA
SODTKDC12AF729A69A,SORRVOF12A6D4FB6BB,SOZMHBL12AB0182B09
SOAQQNW12A8C135131,SOMYGQR12A6D4FEABD,SOFZHXD12A6D4FA2C2
SOUGFFJ12AB0180985,SORITLO12AB0186F19,SOYPMAY12A6D4F84A5
SOOSURK12A81C231A8,SOEXFZF12A8C13E0DB,SOAJVGJ12A8C13A54B
SORGLCR12AB0184B69,SOXGTSO12A6D4F8FC4,SOSEQWD12A81C21F43
SOOZBIQ12A67021603,SOQYLKS12A6702160D,SOUCRLD12AF72A98C5
SODBBOR12A58A7C123,SOCVXLO12A8C140989,SOXQUSV12AB018359A
SORMVCI12AAFF428F3,SOAXOLJ12A6D4F8B92,SOUFLZS12AAF3B21DE
SOLROTL12A67AE08F4,SOQPYKK12A67AE08F3,SOWOYTF12AB0180B7D
SOOCXWP12A6D4F8DA2,SOZHWAB12A8C13A950,SOERMNK12A8C13D0C0
SOYOMLG12A81C22067,SOOZPVQ12A58A7E3B2,SOXNQVJ12AB018003E
SOOGYQG12AC468755E,SOSTPVL12AC4688AC6,SOTMXOL12AB01873B8
SOVZGXF12A8C1370FB,SOZSORR12A6D4F6F64,SOLKEAF12AB0186985
SOJVGOQ12AC90979E8,SOTIQFG12AC9097A3B,SONRQRW12AB01880EC
SOEZUKD12A58A7A7CC,SOASIIW12A8C14382F,SOSQZFW12AB018A2BC
SOYBFDB12AB017C44E,SOROOIT12AB017D731,SOOKQUR12A8C141746
SOLKJIE12A8C13F56B,SOIVWNC12A8C133ABA,SOBQEYD12A6D4FA9E5
SOPFECR12A8C1384EA,SOEHCSG12A6D4F92C6,SOLIXBU12AB018C389
SOLSFUP12AB0185DCF,SOISSOL12A8C13915E,SOKVVDE12A8C13E45E
SOFFNMN12AC468711C,SOTYTXA12AC4688262,SOZREQW12AB01825D3
SOCEAHC12AB0186B7A,SOSAMRR12AB018203B,SOCJHME12A6D4F9867
SOBVJSH12AC468DE83,SOMOIHQ12AC468B2AF,SOMBFWS12A8C145333
SOPNEMC12AB017DE8F,SOBKFGG12AB017DE78,SOXTVDG12A6D4F81DE
SOAQTYW12AB0187862,SOWRUPX12AB0187857,SOWKXVF12A6D4FB051
SOWHZIG12AB017CBDB,SODHLHE12A6D4F9E05,SOFEZJP12A8C13C555
SOXGQFU12AC468E18B,SOYQOWF12AF72AB280,SOUGNFJ12A670215CE
SOCPASH12AB0185F22,SOAPXBP12A8C133C0F,SOAIEHA12AC3DF681C
SOQHPUQ12AB01860F5,SOYLLVH12AB0180280,SOPOUHD12AB0183F20
SOARJZR12A8AE47D96,SOBCMRY12A8C136C90,SOULLSJ12AB017F266
SOUALRF12A6D4F79D6,SOWBYRX12A8C141560,SORQHAS12A8C13EAF6
SOGRIWH12A8C1318AD,SORYNFW12A5891EC23,SOVEBHN12AB0182F94
SOKRRXA12AC468D4D9,SOPCKXP12A8C14391C,SOOYTNS12A8C1362AF
SOOQFMH12AB0185909,SOCSYFC12A6D4F7386,SOWKNZT12AC4688FC9
SOJUHOW12AC4685A16,SOGFBON12AC3DF6798,SOVQONJ12A8C139C4B
SOFOBAS12A8C142188,SOTYYSI12A8C140B97,SOPXHBI12AB0188362
SOUQONO12A8A9D6AE6,SOFYLXK12A6D4F89B1,SOKNUVL12AC9070DBD
SOWRNNP12A58A76D8B,SOUNFYC12A6D4F6267,SOYVTPT12A8C13FBD4
SOSTLCW12AB0182CF2,SOOUUZQ12AAF3B25F4,SOZMIUP12AC9070DBA
SOBEDLB12AB017E86C,SOQQPAX12AB0185375,SODRPTE12A58A7BE10
SOBUWGP12AB0188226,SOSZEJE12AB0185AB4,SOQFNMH12AB0181061
SOQMFPS12A6D4F76D7,SOYQOFI12A6D4F76E1,SOBCZGH12D02193DF8
SOYZGYL12AB01838AB,SORSPYU12A6310DBF1,SOIQPTA12A67021606
SOMKNDC12A8C13AB14,SOGHNKW12A8AE46758,SOSWJXI12AB01854F5
SOCBEPC12AB01865C1,SODHFGS12AB018EB08,SOTUMFF12A6D4F7237
SOKLQGE12AB017E112,SOBDAUC12AB017E120,SODHLGH12A6D4FBC6A
SOJOBVT12A6701E062,SOLGJSH12A6701E060,SOHMLNS12A58A7DA68
SOLPYAZ12A8C131225,SODVGJY12CF530E5E4,SOICBJO12AB01885B8
SOFMMKA12A58A7CBF5,SOZKFHV12A6D4F996F,SOILSMA12AB018CA88
SOAQFSF12AB0183F71,SODNJHI12A6701DBFF,SOEZUKD12A58A7A7CC
SOWSJSJ12A8C13FB95,SOJCCLL12A8C13FBA9,SODTQUS12AC9072C0E
SOBJKMX12A6D4F93A5,SOKDFIV12A6D4F9398,SOBDYXU12A58A8065D
SOYNCAN12A8C140AE0,SOSPDDU12A8C140AC2,SOUDDRM12A58A7CBB4
SOYLXSA12AF72AAAA2,SOVSGWY12AB01851F8,SOBJDHZ12A81C2207B
SODOQHV12AAF3B32CA,SOFFJEI12AB0182B45,SOLOCDQ12AB0184155
SOVOJDD12A6D4F996A,SOOVXAN12A6D4F7581,SOSHUVD12A6701F8F9
SOQGIEO12AB018AF4C,SOVYCFD12AB0187FA1,SOKADZB12A8C145027
SOBUDNE12AB018E772,SOXXKMK12AB018F6FE,SOLGUAV12A8C135D58
SOECHHO12A8C13CBC3,SOPFPCH12A6D4F57E5,SOIQVZD12A6D4F955F
SOLOECM12A58A7CB5A,SORJERX12A8C145594,SOUIRFR12AC9097987
SOQFMFP12AB0188BFD,SOYMQQN12A58A7D293,SOCDZSE12AB018C6DB
SOWMAJZ12A8C13AAFF,SOYMGJV12A8C139386,SOHCXLR12A6D4F8A80
SOOGFBZ12AC3DF7FF2,SOBABBA12AC468ADD9,SOTUCDJ12A6D4FBD25
SONSEVZ12A6D4FAB2E,SOFRPPE12A6D4FAB3E,SOLTZIT12A58A7B9BC
SOZOPVN12A8AE4559B,SOLIMAP12A8AE493DE,SOARFFM12A81C2368D
SOSPMPH12AB01849F5,SOVRJQI12AB0183C6B,SOWPTYE12AB0184224
SOGRIHI12A8C13602F,SOABRUZ12A8C137380,SOCPBQM12A8C1439AA
SORWPOH12A6D4FBC6C,SOPMOPR12A6D4FBC72,SOZOOMX12A8C13B8EC
SOAKFDN12AB018A37A,SOASECA12AB01875F6,SOQMDVG12A8C141CFF
SOHFQNH12A8C13BC8B,SOZFTBV12AF72A2C68,SOXGEVV12A8C13CB11
SOWRNMI12A6D4F730C,SODCSQO12A8C13DD3C,SOFIDEM12AB017AE01
SOFQRFW12A8C13E5E4,SODDIIT12A67ADAF2C,SONDPIA12A8151CE96
SOMZXOR12A8AE47231,SONPQXH12AAF3B487B,SOGELYI12AB01886B1
SOPKGIG12AB017BAD8,SOXAWBX12AB0183251,SOKXGOH12A8C142032
SOCPHRB12A6D4FD246,SOXNZYY12A6702029D,SOYJSDR12A8AE4590D
SOPUDRN12A8C140F74,SOLMUEG12A8C140F7E,SOBJIMP12A8C140F1A
SOIPFMG12AC468D1F1,SOMESCX12A8C13B4E6,SOTENDL12A8C134BD1
SOHVMTR12AB018285F,SOQQVEJ12AB017F5F5,SODKPUQ12A6D4FB530
SOBYZOT12AB01834EC,SODQDFP12A67020B00,SOZWBQS12A8C13701C
SOSIDTW12A58A79FA3,SOQZAHJ12A58A7B85C,SOAYQLN12AB0188DBA
SOLICNM12A8C13BF0E,SOTKVMA12A6D4F7874,SOSNZJG12AB0181E8D
SOUZSPS12A58A7927A,SOBAEJH12A8C132809,SOLMWRD12AB0189D3A
SOOGZKW12A6D4F71B9,SOFYIOH12A6D4FB317,SOUDHYD12D021B2005
SOADYWY12A8C13F74A,SOENJCZ12A6BD53784,SOMHGID12A8C14295F
SORQCKH12AB017F34C,SOIJDSV12AB017F310,SOJNSEO12AB01818F8
SOGOGWU12A8C13F587,SOKKSPP12A8C13FB21,SOUMPCF12AB018C657
SOSWZOD12AC4689788,SOLVHHJ12AC4689793,SOEZKCH12A8C13B81A
SONEGVB12AB0187A61,SORMPVC12AF72A0BEA,SOACROQ12AB018134F
SOYOGCH12A6701F708,SOTNEHM12AB0183EAB,SOENWRT12AB018A9BA
SOGHMPJ12A6D4FCA65,SOZZFAG129F0694855,SOTDCFT12A8C13CC07
SOPCREN12AC4686EEA,SOBCDMH12AB018367E,SOCNCRN12AB01836AE
SOBIFKJ12AB018A76E,SODJHAQ12AB0189D11,SOSKFZY12A6D4F62BA
SOEIXKS12A58A7E08F,SOVQTLQ12A8C134D5C,SOIJSFS12AC3DFB4EB
SOVPGXO12A8C13DBFC,SOJAVMH12A8C134504,SONBVBM12A6D4FCCCB
SOFOGKI12AC9097883,SOEBPPP12A8C13AFFC,SOOVPVS12AB018B4EE
SOQXOUX12A6D4F9920,SOTMQWH12A6D4F516E,SOOULGW12AB017FDED
SOCGBOX12AB01825E8,SOWPWZT12A8C141CCB,SOQSIIB12A6D4FBEFA
SOVEGWO12A6D4F5D6C,SOMICIN12A6D4F82C8,SOKRQLC12A58A7C930
SOIOGYC12A67020738,SONPGHE12A8C13C36A,SOACMBS12A58A7B2B9
SOQPQYJ12AB017DA79,SOQFCCN12AB0182A43,SOGQTBE12AB0185513
SOGNSTV12AB017FBDC,SOFPXNG12AB0183343,SOPINXJ12AB0183C9A
SOIXHHP12AB01862D9,SOTCCYR12AB018399E,SOIANZH12A8C138AA0
SOAQXKM12A6D4F886E,SODGXHG12A8C135B4F,SOLVISA12A8C135C98
SOIMVKI12AB018827B,SOXXUWY12AB01815D7,SOMXRPV12A8C13E511
SOCXKRO12AB0189FC1,SOXUSYC12AB0186290,SODAVAT12A6701D96F
SOPTWAH12AB017F9CE,SOKAQXL12AB0183208,SOWXACM12AB0186331
SOEKDNM12A6D4F7831,SOBOLCV12A6D4F571F,SORJVDO12AF72A1970
SOPHSXS12A8C13C01F,SOOKHCW12A8C136560,SOPUQFS12A8C13DE1E
SOCFHAZ12AF72A68F6,SODGYXC12A8C140573,SOPGPDF12A8C143056
SOFBCCC12AB0183229,SODCXFY12A8C13254D,SOBNEYA12AB01865D5
SOKWQWE12AB0186BD1,SOLJPSW12AC960D92E,SOBQVSJ12AC3DFA44D
SOYEEBH12A58A7BA1F,SOLARDY12A8C13D9A5,SOSWSPX12AB017FBB2
SOAPHRF12A8C13E3D0,SOHJPRE12A8C142921,SOCYTFB12AB017F7CE
SOSESHF12A8C13F03A,SOKOZWM12A6D4F5847,SOXXBOA12AB0188EDD
SOGWOQL12A6D4FBF55,SOTYTXM12A6D4FBF6E,SOYRFGK12A8C13AB9C
SOAPDFF12A8C136862,SOMBHGM12A8C136B22,SOROCHB12AB0185298
SOFOORV12A8AE474FE,SOMRDYL12AB01801C7,SODVCWN12A8C135DF6
SOBHODS12AB01813BC,SOZILBD12AB01813CE,SOTZLVH12AAA15EE08
SOIMGHD12AB0187CD9,SOGHTLP12AB0187CE8,SOUEUWM12AC468954C
SOEHIJV12A8C1461A0,SOBYIGH12A8C141D1B,SORJLDF12A58A7C7F0
SODHQLQ12AB01890A9,SOLUVSA12AB0184CC9,SOKYCHK12A58A77DDF
SOBCJVI12A8C14220B,SOLYPRP12AB017D90F,SORCKNW12A8C142B3F
SOULRCV12A8C137BEC,SOSYIBO12A8C137BEE,SOATHNK12A6D4F7F46
SOTHCAK12AB0188085,SOSVILE12A6D4F933D,SOPGCGI12A8C139547
SOTAXIY12A8C138365,SOZXZPX12A8C1315C0,SOIRGRL12AB0186BC2
SOXBSPP12A6D4FE4C8,SOSWRUU12A6D4FD134,SOCXFJK12A8AE47530
SOFWVCZ12A8C1462BF,SOOFPDT12A58A778DD,SOYEEBH12A58A7BA1F
SOEXSUW12A8C143796,SOEIMYN12AB018514A,SOKCWXQ12AB01852BE
SOMQNVV12A58A78880,SOJRYPF12A6D4F550C,SOARXQW12AB018198B
SOYUKUF12AC9E133B9,SOVUVYH12AC9DCF410,SOKNVNA12AB0183A11
SOJISRU12AC468947D,SOINAVT12AC468D6DE,SONQZFF12AC468B326
SOQATFK12AB017D325,SOKJYBX12AF72A900B,SOLSYKP12AB017F0B8
SOJIBUI12AC9072E8F,SOFLMQT12AC9072EB1,SOYNUDG12AB018BC6D
SOFBBLF12A8C13E216,SOONNSO12A8C13E329,SOHSJIS12A8C139340
SOHDQGG12AB018794E,SOSIJKB12A81C22C19,SOFQXCX12AB0181D56
SOIFXOI12A8C13FD2C,SOMRVBV12A8C13FDEA,SODEDAK12A6D4F8163
SOSESHF12A8C13F03A,SOKOZWM12A6D4F5847,SOJMBNF12AC9071368
SONOWAC12A67021009,SOOHCKB12A58A7B79D,SOAWFDJ12AAF3B4057
SOIOKCW12AAF3B4C14,SONOEDB12AAFF41629,SOBYNET12A58A7780B
SOALPVX12AB018E586,SOCGWLQ12A8C13998E,SOMVWTL12A8C13CC30
SOSUZTB12AC90970B1,SODUNHY12AC9097106,SOICUJH12A6D4F3137
SOKEOPP12AB017F799,SOMKTRO12AB017DE4D,SOFQUYR12A81C22DE0
SOUQNFF12A8C13C576,SOFJVZB12AB017D033,SOIXQNU12AB018B675
SOZCMZM12A58A7A037,SOOHAFT12A8AE47FC0,SOWRWSC12A8C141469
SOMMWIV12A8C134D08,SOLTPDP12A58A7FB66,SOXMQBA12A8C14332A
SOFNKAW12AB0182A06,SOHGMIK12AB0182A33,SOTDKGV12AB017E39A
SOQQGVJ12A6D4F82DF,SOJDBJS12A6D4F82FB,SOMCDAX12AC468BDFE
SOKHAAU12A6D4F71EF,SOKYVCA12A8C13AEE7,SOWXFFB12AC4689CD0
SOBWFNW12AB0182A6D,SOGSCWO12AB0182A60,SOWXNWD12AB0186737
SOCTKFG12AB017D983,SOKLQWF12A8C1423F2,SOHRIKL12AB0186468
SOEBMHW12AB0183352,SONUEAD12A6D4F908B,SOAXOWN12A8C13C237
SOPBKAW12AB0182422,SOLXDPY12AB018023A,SOOOQPT12A8C13D571
SOPCERW12AB018A2B5,SOCVTWK12AB0187F54,SOAWBRH12AB0186D28
SOHXUSY12A67ADC729,SOMTYUC12A67ADC723,SOBAEPH12AF729D8A4
SOADTCD12A8C1425CC,SOMDFYM12A8C133E63,SOVGYMU12A8C135147
SOLFKGX12A8C13CEAA,SOKZZSX12A8C13508D,SODTZCW12A8C13D9AB
SOBHVZQ12AC9618285,SOAESJW12A8C137CC2,SODGQFY12A8C140A0B
SOIJNBP12A6D4F4C92,SOLWVYA12AB017FC70,SODMDCE12A8C14355D
SOBFAVI12A8C14044D,SOCNEOX12A8C13AFB5,SOVWLXU12A8C13D610
SOKSRRN12A8C135415,SOJISLN12A8C135408,SOCQKIV12A8C1388C9
SOHDLOZ12A6D223A7A,SOQHXMF12AB0182363,SOVQEPH12AB0184807
SOEYLSW12A8C131366,SOIMWPR12AB01869F2,SOMRBPO12AB017AAC4
SOYLBTJ12A8C13EB1A,SOMANLY12A8C13AE56,SOGVDRK12AAF3B4161
SOQJPYH12A8C135C45,SOAZPLR12A8C135C7C,SOYQRDV12A8C13837F
SOLERWF12A6D4FB7B3,SOVNMTL12A58A7EF51,SOIBEXL12A8AE46975
SOBWFOI12AB0183730,SOAPFDL12AB0189462,SOEZQXE12AF72ACC54
SONSSFN12A58A7C412,SOBLYNT12A8C137046,SOAKZHG12A8AE47669
SOMUVGO12A58A7B448,SOQJTKI12A6D4F776A,SOMARWB12A8C138911
SOBEOCZ12A6D4F8DA6,SOJOUTT12A6D4F8DA2,SOGZHIK12AB0185EBE
SOANDAQ12A67AE01DD,SOGZAJS12A6701D531,SOBMQTA12A8C138DDB
SOMMCHB12A8C13C495,SOHLUXQ12AAA15E854,SODSLRA12A8C13BDD3
SOTZKAN12A6D4F8B41,SOGZRRD12A6D4F8B42,SOSHWGN12AF72A19FC
SOVQGCP12A8C13FCA5,SOLJPLD12A8C1376F8,SOJKUDR12AB018C82C
SOJXNPU12A8C13170B,SOXNQKW12A6701F7E0,SOSQLWD12A58A7FA53
SONYEWD12A58A78404,SORMPVC12AF72A0BEA,SOMXKDX12AB018D1F5
SOXWGIK12AB0188F49,SONBRVB12AB0188F34,SOHUOWD12A67ADE622
SOCFHZP12A8C13DA21,SOKKKAQ12AB0180FAD,SOUPUNK12A58A7AE60
SOJFNQY12A8C13CC49,SOJDEPS12A8C13BC1D,SOSHIBN12AB01895CB
SOVZQRM12A8C13E9BC,SOJGGVX12A8C13A652,SODTBQJ12AB018BE8E
SOUALRF12A6D4F79D6,SOWBYRX12A8C141560,SOCPRAT12AC468F212
SOFFRHB12A58A7C9BB,SOIGIAC12AB0188A8E,SOYMXXD12A6D4FC460
SOJVTJC12A8C134EC4,SOMJBZK12A8C13A2B7,SOYYHDL12A8C13E70E
SOFCUFG12A8C13E433,SOUQXEP12A8C13EF77,SONWQBY12A6D4FA983
SOVSZYA12AAF3B47CD,SOOEIFU12AAF3B47DF,SOANEAM12AB0184CC7
SOJKOTH12A8C13B3F0,SOXAPAH12A8C1403D7,SOUHNLU12AC3DF95F3
SOUKXFF12AB018BAD2,SOVKSUG12A6D4FAF4E,SOKQDQZ12A8C13BB10
SOOHEDC12AB0185E18,SOFBXUA12AB018639A,SORPENR12AC468579C
SOVKLPI12AB018826F,SOHONLI12AC9DCDF8B,SOXVQUA12AC9097BD2
SOYZQDG12A8C13C4F3,SODGXZY12A8C13BA84,SOJOAXZ12AB017D077
SOMYQHF12AB0182995,SOVUIMS12A81C21106,SOWAMIO12AC3DF93C3
SOQFOKY12AB01837B5,SOTBSSH12AB01837B8,SOFNXKP12AB0188C0D
SOSVYCK12A6D4FD8CE,SOGLBWS12A81C22C0E,SOARMYR12A8C1345EC
SOVOJIQ12AB01892BB,SOYPIIH12A6D4F9FF2,SOFOGWZ12A8C13EEAE
SOGXOBU12AB017F220,SOCNKSL12AB0187BFB,SOMNUEC12A8C13D9D3
SOHXWFQ12A8C13B761,SOZXMDN12A8C13B6F1,SOMNRTW12AB0185CDE
SOLKZSZ12AAF3B4C42,SOVTJFX12A58A79E43,SOSZLSB12AB01844AD
SOPFQPQ12AB017D88A,SOWFKWE12AB017AA60,SOPHMCZ12A81C21C54
SOKUMPJ12A8C1418B6,SOFNSRN12A6D4F51B3,SOLJVDF12A81C1F8A4
SOBINZE12A6D4F66DB,SOKSTIW12AF72A27AD,SOXCPZT12AC4686553
SOVOOQF12A8C1374D2,SOFNIVJ12A8C13749E,SOFXRKQ12AC4688500
SOUMINF12AB017F715,SOUAYCR12AB017F70A,SOBDRHW12AB01881C3
SOISGKX12AB018ACA3,SOTBYDA12A58A789F4,SOVHFTL12AB018797C
SOCGDAB12A6D4F6125,SOMAMJD12A6D4F7E04,SOZUIHT12AB017BCFB
SOBZZDN12AB0189361,SOYVVLI12AC468EC6C,SOSUONB12A8C142E83
SOUTSZU12AB0185C96,SOEIYJP12A8C143639,SOAQFIX12A6D4F8A72
SOCCACJ12AB0183BC0,SOHMVLG12AB0188338,SOKWBGF12AC3DFB033
SOSNIBV12AB018671B,SOSTPFC12B350585AB,SOUBAII12A58A7AE22
SOTTXMZ12A6D4F6DB1,SOGWSSM12A58A7C64F,SOWXUNJ12A58A7E1A4
SOMTOIU12A8C135EC0,SOCYGHW12A8C1377C5,SOWTTOG12A8C13ED7C
SOFGEIT12A8C1406F3,SOOLVWE12A67AD757F,SOTVAFQ12A81C22D3B
SOGEXVT12AB017FA74,SOUKNKJ12AB0183B28,SOIDGDW12AB01803DA
SOCHUVJ12A8C13825A,SOHVIXO12A8C13C5D6,SOVBLCW12AB018837F
SOAXMBI12A58A78919,SOBLMBJ12AB0189747,SOTGYLC12A582910F5
SOHXFBA12A8C13D637,SONDLIS12A58A79D58,SOUKFJY12AC468878C
SOWPEQS12A6D4F8B84,SOKJPID12A6D4F9B25,SOZPOEK12AC9097A8F
SOCQKIV12A8C1388C9,SOJPXMB12A6D4F8034,SOKIYRS12A8C141A0F
SOKOBAV12AB0183B10,SOYYQET12A8C137B8B,SOTCADH12A8C13CC24
SOWOZLR12A8AE46E3C,SOMXBNG12A8AE46E32,SOBIWBA12A8C144BA9
SOMDHJL12A8C13E8B8,SOSHIEL12A6701FD7C,SONSZAI12A8C133064
SOCGGPF12A8C13674B,SOPAUUU12AC4688018,SOEFSSH12A8C1350C3
SOAXKXP12A58A7BBD5,SOQDNVA12AF729B1D1,SONHWFV12A8C137169
SOGXPPT12A8C141CEA,SOGKUFS12A8C13EAE1,SOBPKPM12AB017FD64
SONCEFY12A8C14408E,SONKQQG12A8C144044,SOHWVDQ12A6701F7F9
SOPPBLS12A8C1364E2,SOYOJMT12A8C13159F,SOWBHJJ12A6D4F7B12
SOISHGK12A8AE452B3,SOOGOAQ12A8AE48C0F,SOERPVK12AB0185466
SOYNBGD12A8AE4565D,SOOODGL12A8AE45654,SOHQOTH12AB0186380
SOPPYYY12A8C144425,SOPEDVV12A81C216C7,SOMMARK12A6D4F6E5A
SOSIYOW12AC9E12A6A,SOVQXUH12A8C135ED0,SOMVIUL12AB018A7E8
SONPVKR12A58A7BA4A,SOLREKJ12AF729FF59,SOQNLXQ12A8C13D134
SOQKHPK12AC95F0864,SOGEVFO12AB0180AD6,SOSFTTI12AB018E7C3
SOCTPTD12A58A76CBC,SOYGJVI12AC4685489,SOYPTVK12A81C20CF0
SORFHUN12A58A7EE96,SOANXIY12A8C13C9E5,SOOHXDO12AC468D5A6
SOEHINO12A8C139885,SOFMPSQ12AF72A87B9,SOPXLEV12AB017A281
SOXDJZW12AB0189F53,SOQRXFJ12AC9097D44,SOMYNOZ12A6701F509
SOMNZNU12A8C143D63,SOUXHSH12A8C141F9B,SOHMWNW12A8C136291
SOKZSEY12AB018A641,SOLQMUT12AC9072C77,SONMFRA12A8C13A229
SOCPTXX12A670216E9,SOFUUCS12A81C23A5D,SONBMKY12AB018A4C4
SONAAHZ12A6D4F7E32,SOQWCSG12A8C137AD9,SOHVPTO12A8C138ADF
SOTOXNV12AB017F4A0,SONMPRD12AB018372A,SOQDTSH12A6D4F9A5B
SOFPEJU12A58A7BACE,SOLQLLD12AB01895A3,SOYLJDE12AC468AB63
SOVYCNJ12A8C13D4B4,SOJNPLJ12A8C13FB89,SOPDVGH12A58A7D4DF
SOIHKKW12AB0186CB7,SOPEEDH12A58A7C407,SOCWMZG12AAF3B2AE1
SOMHDZS12A58A7ACB3,SOIDFJR12A6D4F7EB0,SOYJKRE12A6701DBA2
SODMJRE12A6D4F8658,SOOBOGB12A58A764C3,SOTSSAU12A67020980
SODVKON12A6D4F8D53,SOQCYGT12A6D4F7FB1,SOWFVMV12A6D4F60F1
SOWBVJL12A8AE4720C,SOINKBE12AB018770B,SOBIWDK12AB017DAA8
SOOGYQG12AC468755E,SOSTPVL12AC4688AC6,SOLEYFL12AB0187D2C
SOESTLC12A58A767BC,SOJHRLU12A6701EB67,SOZFHFF12A6701E914
SOLEYPL12A6D4F83CE,SOKPTNB12A8151DFF5,SOFQIVM12A8C13FD66
SOYWKMX12A6D4FA6A0,SOZARVC12A6D4FBC9F,SOTHMYL12A8C13BF09
SOJFCDO12AB01852EE,SOOKARV12A58A79B73,SOPGFVV12AB017E49B
SOJDLWI12AB018492A,SOJOOIP12AB0181731,SOKZFZF12AB017CAB3
SODIBKP12A6D4FA73B,SOZJOBY12A58A7D018,SOFLCWE12AC468C2B2
SOPOXQD12AB018485F,SOKBXPB12AB0189C6F,SONDAED12A8C13ACE2
SOQEYUG12A8C1427A1,SOTMRFA12AB0181590,SOPLPCG12A6701DFEC
SOFUWFT12A6701FEAC,SOZVAMW12A6701FEA9,SOWHZXF12A67AD9127
SOGUEML12AB01850DA,SODHXXN12AC46899D2,SOESMZG12AB01870ED
SOIJNBP12A6D4F4C92,SOLWVYA12AB017FC70,SOVYFRR12A8C141ACA
SOGBAXN12AB018A3D5,SOXYAHE12AB0184CC0,SORYLYP12A6D4FA754
SOYXSAO12AC468E2AA,SOUPZJP12AC468811F,SOOKEYV12AB0180C2E
SOVKMRX12A6D4F84ED,SOHPEWS12A58A7A18A,SOMLSSI12AC3DF5760
SONKXAC12A8AE47260,SOATDYE12D02190252,SOASFUP12A8151DFD1
SOBZGST12AB018349A,SOBVIBC12AB018347B,SOMICIB12AB01876B5
SOWGVSI12AC90715C0,SOYUABK12A8C144ECF,SOYCYPP12AB0185E21
SOMDTTT12A8C13F1CB,SOXAXWG12A81C20D97,SOHRYJO12A8AE45E9D
SOWMMLA12AAFF436AD,SOMYJNH12AAFF4366E,SOYMMEK12AAA8C79AD
SOQTOBG12A6D4FD6F0,SONPAJK12A8C13489D,SOBWUJV12A8C13C99D
SOLAXDF12A8C1443AD,SOUANQC12A6D4FA992,SOPOQRW12AB0187A6C
SOZMUPU12A8C1436D7,SOBVGJQ12A8C14277F,SOOERNA12A8C136691
SOMRDYL12AB01801C7,SOFOORV12A8AE474FE,SOXSXXP12A8C144C63
SOPONPI12AB018A8AF,SORQHOS12AB0188E16,SOBJMNP12A8AE47F45
SOMARWB12A8C138911,SODRFQO12A8C138906,SOXMFTU12A8C136302
SOSOFLR12A8C143C64,SOSWDWY129F069600A,SOWXNIK12A6D4FC068
SODJYTL12A8C14550E,SOXSSXQ12A8C146F8D,SOHQDZQ12AB0181D82
SOPIHVX12AB017E23D,SOKRHME12A8C146883,SOKQBVC12AB017F59F
SOHIQSW12A8C139A38,SOKUHEA12A8C144DCF,SOWXSQT12A6D4FC02E
SODOSAN12A6D4F4990,SODRFIB12A6D4F7119,SOIFJCG12AAF3B4250
SOINAYV12AB018C4A8,SOKKVLV12AC9E169ED,SOWTLWF12A81C2204F
SOXEUCP12AC9DCED5F,SOKEFRO12AC9DCFCA2,SONFKIG12A8C1414BF
SORQYEK12AB018409E,SOTHIBC12AB017FCC2,SOCWHGB12A8AE48119
SOSWPJV12A58A77714,SOCHWWX12A6D4F7C76,SOYZNIS12A8C131725
SOTLDOJ12AC468855D,SOIXSTJ12A6310D9C7,SOMDPWA12A8C13ED09
SOGVKJE12AB017DA9C,SOEYJEP12AB01816D3,SOGPZYH12A81C22074
SOISSKN12AB01888AF,SOOSYMY12AB01888CD,SOWMUWV12A8C132F2B
SOFYIQI12A6D4F8D85,SOSYGHA12AB0186AEC,SOUJTRC12A8C136E77
SODSAQC12AC907549A,SOELVWV12A8C143206,SOYCTOJ12AB0185204
SOTCMUU12CF5F887BF,SORFRSB12A8C13DB7F,SOEQUFB12AB0180B9B
SOGGWLF12A8C141D29,SOLSYAL12A8C141D35,SOLEAQW12AB017FAEB
SOVBLDE12AB017F8AF,SONFFRT12AB0188599,SOQQKSD12A8C145061
SOHZKAI12A8C13DD83,SOMZYTR12A8C13CC7D,SOKJNHN12AC46888ED
SOZFCNL12A8C1429E1,SOVPZLH12A8C14239B,SOBNWUY12AB0185F14
SOVYPZU12AB0183C62,SOZSBUP12AB0188C41,SORUTNO12A8C13D2F5
SOMHXLM12AB0184608,SOYETRS12AB018A8F2,SOCOLEP12A6D4F8825
SOEZGXO12AB017E330,SOBLMHO12AB01868EA,SOXKTFS12AB017E17E
SOADRNE12AB0187BBE,SOICBJO12AB01885B8,SOAQMBC12A8C145525
SOOTLZV12A8C137722,SOYOEWU12A8C1375A4,SOAQLNO12A8C136D80
SOFJDMJ12AB018A1BD,SOKECSL12A8C13A577,SOBKIQK12AB0184647
SOWSCNO12A58A7F75E,SOFNQLP12AB0183AF5,SOVUGAG12AB0189A40
SOYNSYV12A58A7A0C1,SOKMLUV12A6D4FBE6A,SOBEBDG12A58A76D60
SOEYNEA12AC468B57D,SOHJGBD12AC468B57F,SOZTYLN12AB0184F8A
SONNBAB12A8C138057,SOSYJKE12A8C13AD10,SOAKJKD12A8C142446
SOETAZW12A6D4F7A9C,SOAHPZG12A6D4F8DF6,SOICCUY12A8C13F112
SOUJQJI12AB0183C80,SOKUWZA12AB017FB9B,SOMYPEW12A6D4F6C04
SOYHJMF12AB017F7DA,SOSJJFL12AB017F7BD,SOIJIPM12AB0182E8F
SORWBQD12A58A7919D,SODKJGW12A8C140BB1,SOAQEBK12AB0183417
SOVRJQI12AB0183C6B,SOSPMPH12AB01849F5,SOAMBKN12A8C137A71
SOOZTFV12A8C133C99,SOHLEWN12A8C13227C,SOKDYKC12AB017E3FE
SOUTRYP12A8AE46BC6,SOZOBXD12D021B2425,SOLKVMZ12A8C138176
SOBNWUY12AB0185F14,SOXKVPZ12AB0186982,SOJSCQB12A58A7E272
SOOAMQE12A81C209E4,SOXJENB12AC468EB69,SOHUEFC12A8AE4827A
SOUIUEB12A6D4F9708,SOHXTUT12A6D223BFC,SOKCPLP12A6D4FB42E
SOXHXDU12A8C13BAF0,SOKQDQZ12A8C13BB10,SOREGJR12A58A80561
SOYUNWG12A67020B47,SOCXBXM12A58A7B898,SOOGSTR12A8C1347C8
SOPEJHQ12AC468AFA4,SONRKEV12AC468AFB3,SOUCYKQ12A81C21720
SOYYHRI12AB017D9D3,SOBSQNL12AB01818EB,SOULBTI12AB017F012
SOZGFUF12A8C132F96,SOABSRE12A8C1355F3,SOHZYFX12AB018A087
SOJFNQY12A8C13CC49,SOARQEI12AC468A9D4,SOYCAVZ12AB01813C2
SOBBKOT12AB0189608,SOBJUFZ12A8C135AA8,SORKXUL12AB01821DA
SOOJNRO12AB0182298,SOHVKMD12AB01822AA,SOBEPCN12A6701D408
SOZPQHA12AB017F50B,SONRHRD12A8C145EFD,SOBTESE12AB0182934
SOCQTVX12A81C1FA3F,SOCATNA12AB0186656,SODPQMG12A58A80623
SOOJILM12AB018AA47,SOPJVZP12AB018AA11,SOUYRHG12A8C1424B2
SOGMGPE12AB017CEE6,SOTWWZI12A6D4F8917,SODTQUS12AC9072C0E
SOLYRIE12A8C13A54F,SOWRPCB12A8C14389F,SOAUCWO12A8C13448D
SOLZKMN12A81C1FEBF,SONBYZV12A81C1FEBA,SOCZPSD12A67AE220F
SOSVMGW12AB018978D,SOKFSYM12AC468DAE4,SOGDPQA12AB018B0FC
SOBSEXG12AB0180DD4,SOZHWVN12AB017FAA2,SOCNXKM12AC4688B53
SOOCHQI12AB0184171,SOGBLAT12AB0186CA6,SOIPKWF12A8C138070
SOIUELB12A8C13C831,SOLJYFW12A8C13F85C,SOQBNMS12A8C137493
SOEZMVS12AB018D338,SOPIDCK12AB018DAF8,SOVBBAY12AB018A33C
SOTNKRT12AB01872EE,SOUFPAM12AB018E632,SOVFDWR12A8C1373C8
SORTEWC12AB017C1BB,SOBUHYD12A58A77447,SOITLYQ12A8C140705
SOEEWMB12AB0184D39,SOBDMUX12AB018083B,SOAPMAI12AAF3B2CB9
SONPSZT12AC3DF9942,SOELJKL12A8C13C57C,SOTPDLQ12AB01834D7
SOMCRJA12A8C14321D,SOYBENN12A8C14321A,SOBXMGJ12A8C13BBBB
SOYDTGN12A58A77427,SOEWHUG12A8C145650,SONMKGT12A8C13DE85
SOBOVBQ12AB0182FB2,SOAFXSY12AB018D109,SONFXQX12AB01872A4
SOMTVNW12A8C13D87A,SOAZQJP12A8C13BD71,SOHCDHS12D0219A514
SOTALBJ12AB017D609,SOOEERU12AAA15E794,SOKDGPP12A67ADE61B
SOVRZMC12AB018015B,SOYIRSW12A6D4F72C4,SOZODRM12AC4687153
SOEKHGT12A8AE475F6,SOHGYYA12AF729F62D,SOOVXCW12AC4689C54
SOLRZSD12A8AE45FBA,SOCXWFL12AC468B5B0,SOZQIPX12A8AE46511
SOCEHLO12AC468731E,SOOPRIU12A8C14485F,SOXOURR12AB0186379
SOELZET12A8C136F90,SOIJSLB12A58A7AC1B,SOHGHHF12AB0189658
SOHEKTH12A8C13C227,SOMPWOE12A8C1360D0,SOEVGMZ12A8C1421B5
SOGTGYX12A8C1463E2,SOKTRJN12AB017D6BA,SORVAAS12A8C13E3AB
SOKBXNR12AB01856B8,SOCXHEU12A6D4FB331,SOMJKRF12AAFB57B54
SOXZNHO12A58A77BE4,SOEXOFW12A8C143D49,SOYTZPS12A8AE49E42
SOADJAQ12A8C13F520,SOCXULH12A8C13F551,SOWMYVE12AB0185454
SONMLOF12A6701C411,SORABXD12A6310D91F,SOAPTVY12A6310E8F5
SOPPEEZ12A6D4F87B2,SOZQWJK12AAF3B425C,SOXSDYZ12AB018BAD5
SOYBZWZ12A8C13CEB8,SOACAEM12A8C133057,SOMMZQP12AB0186FFE
SOHRUWF12A6D4F9316,SOUAHNZ12A6D4F9314,SOYFKUM12AB018B7CE
SOLQMOZ12A8C13BB99,SOQADOD12A6D4F8C99,SOSDQRQ12A8C12FF58
SOBJDHZ12A81C2207B,SOGPZYH12A81C22074,SONTOBA12AC4689054
SOARXQW12AB018198B,SODKSUZ12A6D4F90B2,SOULVYL12AB0187BC4
SOQMOFK12AB0182184,SOKPIEC12AB01821A0,SOEAFTR12A8C1441B4
SOGVAHK12AB0185038,SOLTODC12AC3DF4A9F,SOBVLUP12A8C140311
SONIEIV12A8C13F532,SOJEFSH12A8C13F50A,SOUSNNO12A6D4F6AAE
SOFNSBJ12AB0180694,SODFYYD12AB017F2CD,SOZVZIO12AB017C39B
SOLGQQQ12A8C133308,SOXJTHF12A8C1321D0,SOCGDKY12A8C144BDE
SOGBSUG12A8C13ED26,SODLYQE12A8C13B59C,SOMCDXD12A8C134205
SOKMJVM12AC468D9AF,SOOVPVS12AB018B4EE,SOEFGQQ12AC468A4C9
SORUIJA12AB01870CC,SOEHJVI12A58A7ABE2,SOZGQLE12AB018672C
SOKHFPP12A6D4F5BDE,SOFYDHR12AC3DF519E,SOVZKLE12AB0188F2E
SOCHFDP12A6D4FAED8,SOBGZZO12A6701CD25,SOCUSNQ12A8C138A86
SONQPMZ12A58A7A6A0,SOQQPGV12AB01885DE,SORCJAA12AB01895B2
SOYTTIT12AC468654C,SOTVQZC12AB01858E5,SONDIKC12AB0184C68
SOZFEMA12AB01868B3,SOXMIOI12AC90971A8,SOTWJNY12AB018B214
SOVNFIB12A8C131B60,SOBOPQK12A8C131AEB,SOVNAQK12AB017F17D
SOGEMTM12AAA8C5A81,SOIDBZL12AAA8C5AC7,SOICCUY12A8C13F112
SOTDKGV12AB017E39A,SOIELFC12AB017E366,SOSVYCK12A6D4FD8CE
SOPYBNE12A8C1435C1,SOVKVJM12A6D4F972F,SOMCIAD12AB018C82C
SOFZCHC12A8C13E326,SOFDEAN12A6D4F8063,SOYFMVU12A67020126
SOGUEML12AB01850DA,SODHXXN12AC46899D2,SOHCWSW12AF72A31AC
SOJQTIW12AC9E141B5,SOHGPJM12A8C13F528,SOWYNAH12A8C143A01
SOMVDFN12A58A7CE36,SOXOUJH12A6D4FC39B,SOHCIFJ12AB0184AB1
SODDUZP12A8AE4855C,SONPMIM12A8C13CBE3,SOYHTLZ12A8C1399F7
SOXDNDB12A6D4FA2FA,SOQMSFM12A8C1350CF,SOFJCHC12A8C13AA0E
SOSAADQ12A8C137712,SODMJPQ12AB017F3B1,SOJRQAM12A67ADE7EF
SOHEHAD12AB0185349,SONIGWG12A58A79881,SOIFAYC12AB018FCB8
SOFQTGN12A8C13E0E8,SOTSHSR12AB01899B6,SOKLWLE12A6D4F81BB
SOOSBKT12A8C133A60,SOOJAOG12AAA15E9B2,SOIBZUC12A8C1346ED
SOTXNUU12AB0180F32,SOAUIGI12AB0182C1B,SOHXRML12AB018310B
SOJUNHV12AB017D490,SOFMAWZ12AB017D4A5,SOURQEX12AB0188474
SOHEKQD12A8C1345C1,SOMUVZP12A8C13385D,SOTRQTA12A6D4F9B09
SOXTPQU12A6701D1A3,SORQNSH12AB018BD1B,SOBJZEB12AB018A27D
SOWHIUO12AB01889E7,SONHJIK12AB0183E57,SOHRUWF12A6D4F9316
SORUGXO12AB0180AEA,SOSKCLB12D0219911B,SOXTGPG12AB018CE03
SOAGTJO12A6D4FAC3D,SOFCVYN12A8C13A97A,SOJQRIH12A8C135D86
SOBQYMJ12AB018A974,SOGHJMC12AC46892C8,SOGOJEP12AB018D355
SOZTPPT12A6D4FEFBB,SOTVBLU12A8AE46993,SOKZREJ12AB017C121
SOKQYMF12AB0180F2A,SOTXDHW12AB017DDDB,SOHGVQA12AB0186DC9
SOOUAIR12A67AE22A5,SOMURUW12A8C1398A0,SOTQUEZ12A8C13251E
SOZLKCB12A6D4F789E,SOLBVTP12A6310F91E,SOHAIWX12A6D4FAF62
SOGHYWT12AB0187740,SOCNQHM12A8C1371E6,SOVGCCM12AB018334C
SOKQSXN12A6701D935,SOCOGPZ12A6701D924,SOTAHCM12AB0184369
SODNVDV12A8C1388F3,SOOOMTS12A8C13992A,SOCIAJF12AB0187593
SONXVJD12A58A774A3,SOCLWPR12A8AE47E6C,SOGWDQX12AB0185701
SOZIMLB12AF72AD1CD,SOISAFU12CF5F882E5,SOYKEWA12A6D4F97FF
SOTOGWJ12AB01860D2,SODUDFT12AB0187990,SOGTGYN12AB0185A8C
SOAIPGL12AB01837A3,SOKUPZU12AB018379B,SONQNPM12A67020A32
SOZKWYF12AB01821A6,SORKFZC12AB017D785,SOUVWLQ12A8AE47F8E
SOHDCWS12CF5826676,SOHCMSH12CF530E4BF,SOLQZDA12A8C13CE5F
SOMTHPS12A6701FB01,SOJDUTX12A81C22846,SOULEZE12A8C134B31
SOEUNET12AB018A663,SOSRLHW12AB018A65F,SOIYVGQ12AB018F3A5
SONZJGK12A6D4FBA14,SOBTQGA12A6D4F9306,SOBTESE12AB0182934
SOMWUDC12A81C1FA9D,SOFQCTX12A58A7C148,SORYMFT12A8C131F60
SOLYRIE12A8C13A54F,SOWRPCB12A8C14389F,SOOKQYE12AB0187C63
SOUDLBU12A8C13974F,SOASSDS12A8C139543,SOBXVYU12AAF3B560E
SOIPRXG12A6D4FCE14,SOELYTS12AF72A0460,SONUPIP12A6D4F93AD
SOFMGPZ12A8C1383B1,SOEZCYJ12A58A7C0D4,SOEHWJY12A8C13ADEE
SOARHGL12A8C13AF37,SOKYHRY12AB0181D58,SODKXPM12A6D4F4CA6
SODDIIF12AB01859A3,SORDAUM12AB01859AE,SOKNCQX12AB018787E
SOHRWXM12AC4687BFA,SOWTFTC12AB018D2F0,SOAAQAB12A8AE4769F
SOYCMXC12A6D4F7800,SOHYTRK12A6D4F8EEF,SODRQHM12A8C1343AD
SOLVHDF12A6D4FC206,SOTDORA12812D0CE36,SOGKZUG12AC907592D
SOMFOKB12A8C142743,SODWQSS12AB0186737,SOCIHFU12A6701E5DE
SOKSINK12A8C13CB9B,SOLGKUS12A8C1436EE,SORPPLJ12AB0183198
SOBFIVA12AAF3B2CCC,SODNPSG12A8C13E18F,SOOUNXM12AB017B718
SOHQJMU12A8C13A127,SOUUSPT12A8C13A109,SOSOAGD12AB018527B
SOQURWH12AB017D5A9,SOLHPWF12A6701C362,SOSKVYO12AB018E926
SOFDQZR12AB0182A86,SODHXBE12A58A7A62E,SOZJOLD12A6D4F631A
SOXLBTX12A8C13CDF9,SOKVNIC12A58A7B805,SOKATSJ12AB0186AB3
SOYYNYM12A8C14271B,SOVTRMR12A8C142FAF,SOXWZMB12A6D4F622B
SODPZNN12A8C1396E8,SOMRKHY12AB018916B,SOWWDNM12A6D4FAC5A
SOYLNPP12A81C1F6BA,SORJPDT12AF72ABDA3,SOEDSJB12A8C137E7A
SODWULX12AB017D808,SOMQDUC12AB017D23D,SOXQSVG12A6D4F9908
SOSSUTV12AB01861AE,SOSRORR12A8C14149F,SOXQMUS12AB0181A00
SOBUVNE12A8C142C80,SOVYFRR12A8C141ACA,SOFVJIP12A8C145A7B
SOFRQQG12A58A7C9B6,SOJULWB12A8C13AC57,SOQJKZQ12A8C13318D
SOWCFPI12A8C135047,SOXLBKT12A8C14285E,SOAYQTY12A6701D156
SOVAPAL12A8C13B004,SOJTJMO12AF72A8F39,SOTRTJB12AB01848E6
SOMIWET12A8C13EDBD,SOZNFIN12A8C13EDBA,SOCPTXT12AB0183E2A
SONKHIU12A6D4FC61C,SORLTFY12A6D4FC61E,SOZUUWT12A8C13302E
SOKBBZQ12AB018844E,SOSHLOT12AB018619D,SOKILZE12AB0187A2D
SOTHQKY12AC468D508,SOCPRAT12AC468F212,SOXBIHG12A6D4FC331
SOGHTLP12AB0187CE8,SOIMGHD12AB0187CD9,SOVGFEO12A8AE47F01
SOPYZBH12A6D4FD36D,SOTJKUJ12A6D4FB577,SOJFCEW12AB0189E0F
SOZGTLC12A8C144BD4,SOZRKFP12AB0187B0D,SOLMDIS12B0B807D05
SORYLYP12A6D4FA754,SOKTCYJ12A6D4FA76A,SORSJVO12AB017D537
SOVKDAW12AB017D24E,SONZQMT12A6D4F7769,SOIIVCN12A6D4F4C41
SODMPON12AB0182E1E,SODAVPB12AB0182E1C,SOCIULR12A8C13433C
SOUOYGD12CF54651C9,SOCLYRL12AC468EC92,SOVBLCW12AB018837F
SOWMBCJ12AB01803D9,SOBYKBW12A8C140D3D,SOWZBLL12AB018B75D
SOPHYEM12A8C1340FB,SOUHLAF12AB0180054,SOCDMQN12AB0189572
SOWMSNW12AB0184CEC,SOKGDOX12AB01858CB,SOKHKUR12AC95F035D
SOMSWCE12AF72A366A,SODGHQU12AB018276C,SONDDPY12A6D4F8FAB
SOEGVTU12A8C13A6E8,SOZIWWG12A8C1371B3,SODEYUG12A8C141FBC
SOUSAXO12AB0189C04,SOGAWCF12AB0189C0A,SOQXUXN12AB0186D0B
SOOLZEO12A8C13F4B1,SOSOQCP12A67ADEAB5,SOYEPDE12A67ADCF1B
SOBHLWQ12AB0181B81,SOCYBZS12AB0184317,SOCTCFF12A6D4F8382
SOTVUSG12A6D4F66D2,SOFTIHM12AB017E2D5,SOWKINI12A8C135E39
SOWSHZP12AB0185FE5,SOQRJUU12A58A78AB2,SOVYOQG12A58A7C700
SOCAPBI12AB017A5A6,SOULBTI12AB017F012,SOGLBJZ12AB01835C5
SOIEKLM12AB01896EC,SOGHNTC12AB0188168,SOASHMR12AB0188F58
SOBVPTN12AB01866DB,SOAYDBE12AB017E998,SOHFROJ12A8C13C18F
SOSYXKU12AB017FA2B,SOAZFOM12AB0180CCA,SOMVPDD12A8C132764
SOFBEBY12A6D4FC45D,SOGLTBW12A6D4FC450,SOGNXET12A6D4FC5FC
SOQDLFG12AB0184108,SODFVTN12A81C2118A,SOYBATV12A8C13FF5B
SOCIXSD12A8C138604,SOBVOZH12AB0187245,SOBNOBG12A6D4FB54B
SOEUFDQ12AB017E8F0,SOHXRML12AB018310B,SOIMYXI12AB018106C
SONJBUC12A6D4F92A2,SOHSKIN12AB01842A1,SODPZNN12A8C1396E8
SOBSSWQ12A58A7BCA9,SOXGTTN12A8C1332B9,SOYDSBJ12A8C134327
SOXLGTI12A8C13C08B,SOLRXXJ12AB018756D,SOWYJJI12AAF3B2C10
SOUPDDW12A6D4F79A2,SOGEUTG12A6D4F79AA,SOLAIBE12A6D22281B
SONPLZS12AB0182856,SOOYLNS12A8C13C68B,SOSQNJC12A8C13FFA9
SOAZTBX12AC4689A69,SOFEOPN12AC468D446,SOXOTFT12AB01826AB
SOPRJEY12A8C13CD8C,SOWFSEL12A8C13CD87,SOCNMZL12AB018B99E
SOENUJX12AB017EF68,SOEDWJK12A6D4F50B9,SOTTWSL12A8C1402D4
SOPELDS12AB017D2C8,SOCWJWQ12A58A7AB7F,SOWLRCG12A6D4F7D25
SOHIMXN12AB0182FDF,SOINXUO12AB0185396,SOCSAVL12A6D4FAC37
SOYUODE12AB0186214,SOPQDVC12AB01830BB,SOUZFIW12AC9075753
SOZLKCB12A6D4F789E,SORRDGH12AF72AA4A0,SOIAEHE12AB0188CA1
SOIWBVR12A8C13D017,SOQZRNG12A8C13B6E7,SOONWJB12A8C13CDF1
SOMXWOU12A67ADF5ED,SOESROR12A8C139BD4,SODODES12AB01866B1
SOZQSXN12AB018671C,SOBTTKH12AB01866EA,SOKEDEP12AB0183EA8
SOHXVLC12A67ADF74F,SONJKPC12A8C143404,SOJFDKN12A58A7B054
SOOMZXC12A6D4FA2AD,SOHDMZZ12AB018AC70,SODPOIA12A8C139FE8
SOCVOAD12A6D4F6C8B,SODMXNZ12A8C141D1A,SOLTAOU12A8C1375CB
SOBBUGU12A8C13E95D,SOYCOEX12AB018B5DF,SOPNEMC12AB017DE8F
SOPJBSM12AB0182B14,SOPRVWD12A8C13A711,SOLVHPW12A58A75E72
SOVYMDF12AB0190444,SOKQPNP12AB018DCF8,SOCLGGL12A58A7A90A
SOXOKXS12A6D4F8154,SOJWOUB12A6D4F8158,SOTHXAC12C41E07042
SOHMALJ12A6D4FD771,SOCIULR12A8C13433C,SORQORF12A6D4F954F
SOAIRDS12A6D4F89AB,SOQCEQF12A8BEEEF09,SOLENZV12AB01868D1
SOETIDP12AB0180B94,SOQKCRN12AB01846A9,SOFDMUU12A6D4F609C
SOFUKSP12A8C1416DC,SOITIZR12A8C13BA50,SOJUBCE12AB0180F2D
SOTILPD12A6D4F814E,SOZEDQG12A81C21365,SOQKHIQ12A58A7B30B
SOCLJIU12AB018604E,SOBHPCA12AB018ACF7,SOSZEJE12AB0185AB4
SOWARJB12A8C1410C6,SOAIFNO12AB0184E2D,SOXNSSY12A6D4F9728
SOZIVZV12A8C132D7E,SOOAEAQ12A8C132C5F,SOTUJTS12AB017E603
SODEQTP12AB01808A0,SOHIQQL12A8C141BB0,SOISSDR12AF72A530C
SOQYHVZ12A6D4F93CF,SOMSWCE12AF72A366A,SOPXLAR12A8C131D3C
SORYUTI12AB018885E,SOTNANN12AB019000F,SOJPILR12A8AE47969
SOFHWUZ12A8AE48B9D,SOGKKQO12AB018040D,SOWLNSM12A6D4F975E
SOMLKVB12AB018940C,SORBWVI12A58A7C3CF,SOBGQVY12AB019025A
SOXCBRH12D021B1EF5,SOTYSQF12A8C13E0AA,SOWSEKT12AB0187166
SOMXWOU12A67ADF5ED,SOESROR12A8C139BD4,SOIRGRL12AB0186BC2
SOSYOSU12A8C13B874,SOCRQAP12A8C13B855,SODGXZY12A8C13BA84
SODZIBG12A8C13F4F3,SOOPVJI12AB0183957,SONUVKJ12AC4689814
SOGMDTW12A6D4F738E,SOULHZX12A67020A62,SOWKBRB12A8C140063
SOQVLPI12AB017F740,SOUWNGR12AF72A2C2D,SOYCKTV12A8C134D19
SOISNFU12AB017FF50,SOJCMZT12AB018238B,SOBDFVK12A8C13A862
SOAPVNX12AB0187625,SODYIZV12AB018E8C0,SOMIHSU12AB0186AF0
SOEXMCC12AB018826C,SOGDMZN12AB0182D14,SOFITBF12A6D4F7D5C
SOBUVYW12AB0184EC5,SONBHYT12AC468A58B,SOMBFWS12A8C145333
SOKVDCS12A6D4FBF40,SOZQRIG12A6D4FBF3C,SOGAGXB12A8C1439AB
SOSTPNG12AB0184F46,SOJNARO12AB018914D,SOALJHY12A8AE489F3
SOOMCTK12AB01831CB,SOGCROG12AB018E3FE,SOGXQRO12A8AE47D50
SOYIXMY12AF72A0734,SOSNIEI12D02191B26,SOSZSIT12A8AE4578C
SOHZBHI12AB017F7EE,SOTCFKN12A8C13AFC8,SOSBMRU12A8AE474FA
SODJXSV12A8C137ADD,SOSGQQS12A8C137AF5,SOFYIQI12A6D4F8D85
SOJTIKK12A8C13B15E,SOHFZQQ12A58A7FA07,SOBUHYD12A58A77447
SOUAFSX12AB017B642,SOHUEFC12A8AE4827A,SOKPXQU12AB0187ED6
SODMJPQ12AB017F3B1,SOSAADQ12A8C137712,SOBUQCD12A8C132DC9
SOMAOZK12A6D4F9B29,SOMXWZT12A67ADBD17,SOASSKD12AB018A072
SOEIQUY12AF72A086A,SOQVXCF12AF72A419B,SOMCGFJ12A8C132EEE
SOEBNEL12A58A7C389,SOGDCUG12A8C13C069,SOABYBF12A8C138A09
SONZTSS12A8C142D50,SOHWOCL12A8C14469F,SOABUQC12AC9072EA3
SOPDPAH12A8C138318,SOBMMJW12A8C1382F4,SOZPNDB12AB017E93E
SOPBXQZ12A8C13856A,SOFVQMI12A8C138558,SOMORZB12AB0188412
SOHOLTI12AB0180938,SONPRKU12AF72A1001,SOYDHLD12AB0187094
SODXDOW12AC95F0351,SOJEWYZ12AC95F0358,SOHLSKT12A6D4F71B4
SOVZTVU12AB018E4B8,SORLTJU12AC468703C,SOMWGEO12A8C1357DA
SOZFHZV12A6D4FA053,SOWGUYI12A6D4FAB17,SOIUVFV12A6D4FA1E6
SOCICHK12A6D4FA907,SOPSHRT12A58A7D169,SOUOXVG12A6D4F9494
SORTYOZ12AC3DF6E14,SOYQFPU12AC4684F46,SOTOGFB12AB018365B
SOPFXXS12AB017BE49,SOOMRUV12AB018C4C6,SOQIJWN12AC4689740
SOMQVST12A8C140FF1,SOLNDTG12A8C142395,SOIRNVI12A58A7C069
SONINUY12A8C13BE8E,SOPIMBA12A8C13BEA2,SOLPZIP12AB01872FA
SOHEORL12A6D4F7EF6,SOYFZVP12A6D4F7EE4,SOQTKAY12AB017DC14
SOJNUHU12AB0186C86,SOFYPCI12A6701FF60,SOXPRJP12AB0181B78
SOVXXPR12A8C13EC71,SOCFVNT12A8C13DF36,SOIVYLE12A67020ED4
SOXIFJZ12AB01880B6,SOHPLVA12AB01855ED,SOTDVXW12A6D4F72FF
SODLSLZ12A8C142EAF,SOWBQQW12AB01813AA,SOHRZGI12AB0189466
SOSGYZH12AC468DC08,SOAKART12A8C13ED9D,SOOSIRS12A6D4FD0CF
SOUMUDO12A67ADE9A5,SOUWNIQ12A67ADE5B6,SOIRUCW12AC4689314
SOLKJHQ12A8C142B93,SONJMFI12AF72A4330,SOPWTTY12A8C13C0A5
SOIXPKK12AB0184394,SOTUPFH12A58A7BEC2,SORSGFJ12AB0189573
SOCWPVV12AC90725AD,SOWRKIA12AC9070E4A,SOYINCZ12A8C140174
SOUIPHX12A6D4F8AB0,SOEESDJ12A6D4FB87F,SOXGQFU12AC468E18B
SOPGISS12A8C138E07,SOCZKHT12A6D4F6946,SONOOEC12A8C139A6E
SOEZVEO12AB01811CA,SOCXYVY12AC468A82B,SOXKNIV12A8C132248
SOMRXFZ12A8C13A34B,SOUKYTV12A8C13964D,SOMFGUF12A8C13B066
SOTNLTR12AB01813CA,SOXZYLC12AB0185E8A,SOBPSMK12AAF3B48FF
SOMODKD12AB0181787,SOMVPGG12A8C139514,SOXVCFU12AB018BE47
SORYMDK12A81C20FF7,SOVUIHM12A8C13E3AB,SOPXVZW12A3F1EAB13
SOFKCJA12AB017BF0D,SOMZWIQ12AB01800BF,SOTNEHM12AB0183EAB
SORNYFV12AF729F4A0,SOGQHUH12A6D4F7281,SOEFOUS12A8C135F18
SOXZYZL12A8C1351F6,SOYMWUD12A8AE4803F,SOHXUWV12A58A7B9A5
SONHEYR12A8C13D89D,SOGCGHD12A8AE481FA,SOHVIRY12AB017EC8F
SOYODCU12A3F1ECE90,SOJTPMY12A6D4FAB07,SOAKNXU12A8C13E920
SOSGCVQ12A6D4F8B80,SOSPINI12A8C1376B9,SOAQHDO12AB01895F9
SOYJGQQ12AF72A6039,SOTCSGG12A58A78BA6,SODAUVL12A8C13D184
SORITBD12AC468DA9B,SOUJMZW12AB018FE74,SOURIZG12AB01823D0
SOYOYEV12A6701D2B4,SOHAVRS12AB01815D0,SODYMIJ12AB018C2D5
SOTVIHA12A8C139C5B,SOIJTKR12A58A7995A,SODACJN12AB018A5BC
SOGDTJU12AB01879E3,SOWXAVV12A58A7A3F0,SOEFRIB12AC4687B04
SORVPZU12AB017FD5C,SOETFLY12AB01818E0,SOTVTCG12AB018ABEB
SOHYERY12AB0182D8E,SOVCWHK12AB017E085,SODWVKU12A8C141047
SOMAQOC12AB0183AFB,SOZFCIZ12AB018199D,SOTIJFR12A8C135CD3
SOCWMNM12A8C13EC2A,SOFURTM12A8C13EC57,SOVUVYH12AC9DCF410
SOUBWJK12A6D4F57E0,SOWZZTE12A6D4F57DD,SOKMSOY12AB018AF1F
SOGARDI12A8AE45FDA,SOTKDMG12A8AE4956E,SOZRYQY12AB0188BE0
SOXGZAI12A6D4F4199,SOHIWJN12A6D4F41A3,SOCECWI12A6D4FBF42
SOZRYBT12AB01806F8,SOBGCQV12A8C1339D1,SOLBJEL12AB018A24D
SORFAVN12AB0185FD3,SONJPEJ12AB017D462,SOSWLBP12A58A78D89
SORKIPY12A8C1333AD,SONWASF12A8C13C8F3,SOIGPWH12A8C137FB8
SOFQUFD12A8C13406F,SOFRPEI12A8C13407E,SOXIATP12AAF3B2184
SOPTAUD12AB017EAD6,SOSCGIB12A6D4FA7AA,SOHCEBI12AB0188937
SOITSYY12A8C13C842,SOAKNJG12A8C13C831,SOMRFWU12AB018BED1
SOJOHXA12A8C13A768,SOCWMTB12A8C13A73C,SOVOSRQ12A8C13C7E7
SOEQSHR12A6D4FA374,SOMTMKQ12A6D4FA3A7,SOVCETF12AB0189F3A
SOTUCDJ12A6D4FBD25,SODUBTU12AB017EB44,SOSFKQH12A8C133907
SOVMKKT12A58A7F0CC,SOIFDWL12A6D4F8A98,SOUXECQ12AB01836DB
SOIFJCG12AAF3B4250,SOICJFQ12A8C13D43C,SOBYJOR12AC4688B12
SOFBZBJ12AB0182E97,SOUPZWV12AB0185A80,SOFKAYD12A8C1407E3
SOWACJX12AB01846A0,SOKSLJV12AB0184694,SORIATF12AB0184C3D
SOZDGQU12AC961890C,SOVTWDW12A8C141977,SOJBVYM12AB018BD69
SOONWCU12AB017EF1F,SONPCNG12AB0184E68,SOQUBGV12A81C206FC
SOYOMSB12A6D4F786F,SORANYU12A6D4F7736,SOKHKYH12D02198DF3
SOJJPCW12A8C13CF15,SOHBJBZ12A8C1406C7,SOGOXKQ12AB017F690
SOUYQSY12AC468CF1A,SOJPFPM12AC9097725,SOKBBXV12AB0186B8A
SOPQXKA12AB01861CA,SOLJYHM12AB0186497,SOIJJTT12AB0184028
SOKIKEY12A8C143F57,SODTWDE12A58A7C5FB,SOMZCVH12AB0182B8E
SOVPSWF12AB017D885,SOBVWUO12AF729F6E7,SOGBBGA12A8C13CD06
SOSPPHQ12A58A7C079,SOVSJKJ12AB0183DB7,SOYBROB12A8C13A900
SOMNIBW12A8C1437E1,SOVTFGQ12A8C143E1F,SOTCIHX12A8C13DDD2
SOKHPLD12A6D4FA191,SOKARQT12A58A78B7B,SOYRUNW12AB01856B8
SOGWARH12AB0186D04,SOXDPQA12AB0181EB0,SOZWUIL12AAFF43887
SOCBBDB12AB0181207,SOIJJTT12AB0184028,SOXKUPF12A8C13FA8B
SOTVVTC12AC468E1AF,SOZDIDB12AC468E1C8,SOHBUBB12A3F1ED339
SOTUWBH12AB017D60B,SOHKBXD12AB01808EF,SODIIEM12AB0187349
SOIUGWU12A8C13C2EF,SOKNKIJ12A8C13C314,SOGLETQ12AB0186E93
SOMNISC12AB018B099,SOZPSDR12A8C13C8CE,SORKRNP12A8C1388A4
SOAQUYT12A8C132BF9,SOULEKL12AB018E4AB,SOYRFGK12A8C13AB9C
SOAXRSC12A8C140D49,SOUROLR12AB0188DE8,SOFSNFG12A6D4FB9AB
SOPAWEK12A8C133F7F,SOLRYLN12A58A7D2D5,SOPWNFW12AB0181A81
SOGSPLG12A8C14271A,SOCATNA12AB0186656,SODYHPR12A8C137949
SODGDFV12A8C13921E,SOHTRAS12AB0181872,SOLSOAL12AB018807A
SOGLFAO12AB017E80D,SOXPGXR12AB017E82B,SOURXPZ12AB017C97D
SOXSNIW12AB018681A,SOBXYZM12A8C140450,SOQGUJZ12AB0183942
SOGEBZO12A67ADF488,SODQMXX12A8C13DC5A,SOPGMTD12AB0183715
SORLKWU12A8C137F18,SOMKHES12A8C137EFC,SOAIGOQ12A6D4F9A76
SODFLUT12AB018E8ED,SOGPLGP12AB01867D8,SOHDZCX12A8C13B186
SOCAXTL12AB017CE4C,SORMKME12A58A799E7,SOCWVLQ12A6D4F904A
SOELIHM12AB017CE54,SOIMUWC12AB0183954,SOIUBPW12AB0183D50
SOWSHXJ12A58A7C7BD,SOOKNDS12A8C139FE0,SOCPEKZ12A8C1358BB
SOQKSLT12A6D4F888C,SOHJXAC12AF729FCDA,SOJJRVK12AC90728FD
SOBVIBC12AB018347B,SOBZGST12AB018349A,SONSEVZ12A6D4FAB2E
SORYKAR12A8C13048C,SOUSXRA12A8AE490AC,SOSFYFN12AB017AB81
SOAHNZK12A6D4F79A9,SOELLGL12A8C13691C,SOIGKIJ12AB01859AB
SODAGSI12A8C13A5AF,SOBXUYE12AB018258C,SOGGWHE12AF729F431
SOQMRZD12A6D4F7A06,SOTDFLN12A8C1391D3,SOJPMZK12AC468D05E
SOGJWWV12A8C13D362,SOUOFFG12A8C13D37B,SOYWHAB12AB0181E73
SODTKZI12A67ADA701,SOXWEIU12AC46871E6,SODZZDV12A6310F9AA
SOEVNIS12A8C1327B1,SOUPRQR12A8C13E9D4,SOCUNOT12A8C136E33
SOZTZAT12A8C131177,SONPNSJ12A8C1339E4,SOGFYME12AB017F649
SODLRKU12AB018AF20,SOACNAF12AB018DCEE,SOMAMJD12A6D4F7E04
SOACAKP12AB018638D,SOHRSFR12AB018502D,SOXKSAH12A8C14435F
SOONLAM12AB0185F0D,SOGZHIK12AB0185EBE,SOWDVIU12A8C13E8E8
SOLNXTJ12A6D4F9B4D,SOATXGG12A8C13F092,SOWBFSI12A8C141235
SONKZQG12A8C1394C6,SOWWPDA12A8C13B0FF,SOYBDUH12A6D4F9BD4
SOCEGVY12AB0182BBC,SOIKMMY12AB0179F29,SOFVWIT12A8AE46400
SOMYGHQ12AB018D893,SOINDOA12A6701C44D,SOSBDKK12A8C13F61F
SOLPHXJ12AB01833B4,SOYDGWS12AB01837FF,SOBJCLM12AC3DF4E6B
SOQFVNY12A58A7F001,SOPIHUA12A8AE45B1D,SODHXFL12AB018779E
SOMXWZT12A67ADBD17,SOOCQUY12A6D4FA6F4,SOABHSF12AB0182977
SOQZEWQ12A58A7D980,SOYULLV12AB018A012,SOUSTSA12A58A7CB7F
SOXHSRQ12A8C13C56F,SONPSZT12AC3DF9942,SOBDVGV12A8C13AE69
SONEAEN12AB017C7CB,SOEVUBE12AB0184AD0,SOSRWME12A6D4FB7DE
SOGLBJZ12AB01835C5,SOYIWFP12AB01867EC,SOUSPZR12AB0182E2C
SOFIZJA12A6D4F6265,SOQVZOJ12AB0185091,SODODES12AB01866B1
SONAQRN12AC3DF60A6,SOCMDZL12AC3DF4308,SOYUATG12AB0187986
SOPNHCH12A6D4FC527,SOUHVGM12AB018445E,SOAIYJY12AC4689687
SOJFOIX12A6D4F7F5B,SOIHKUD12A6D4FA678,SOAHCUU12A6D4F93B2
SOOKVPC12AB018A856,SOUEUFQ12AB018A159,SOTRLJZ12A6D4F7119
SOGHGOM12A67ADC18F,SOEWQBT12AC3DF93A7,SOQSKSN12A8AE483D2
SOBKFUO12AB0184F8E,SOOKQUR12A8C141746,SOISYOA12AB0180AB4
SOCRVFQ12AB0186366,SOFFPHR12A8C132A74,SOTNAWQ12AB01870F4
SOPNSVT12AB018A905,SOIZHBT12A8C13E4DA,SOXJKNO12A81C1FE08
SOFGOGB12A8C13D18E,SOKMSZA12A8C13EB7D,SOSIRWF12AB0184BB2
SONZHLE12AF729D5E5,SOOVYRC12AF72A65C2,SOZBXRR12A8C132593
SOKFEGS12AB018744B,SOQVFQF12AB01880F4,SOCSACO12A58A7F3B1
SOCDRSK12A58A7CD5C,SOCWHFL12A8C13C9CB,SOQABWC12AC468A059
SODEIMI12AB0185CFA,SONHIIP12A8C13FE9B,SOQEXPU12AB01839AC
SOOTRCK12AC468DCA4,SOQVHOW12AC46885EE,SOCZWES12A8C13E15E
SOILUPR12AB0186FC1,SOJTSAW12A58A7B6C2,SOTNQBH12A8C135F80
SOVRJJU12AB0181119,SOKRZFH12AB01808F2,SOBOWKY12A67ADEA7E
SOHUPEX12D021B0B9A,SOXJIJO12D02192E1D,SOFCYNO12A8C1370E9
SOWJVLL12AB0184563,SORDJHM12AB01847D1,SOBZDVF12A8C133DB3
SOVELZQ12A8A9D6558,SONCOQK12A6D4FAF26,SOCHCQP12AB01829B3
SOIKLJM12A8C136355,SOZPXMV12A8C1359C6,SOOENES12AB017ECB6
SOCJVAC12AB018E3CB,SOGUSCK12AB018E52D,SOTQHPA12AB017F53D
SOXSPQZ12AB01832BA,SOCNYGS12AB01832B8,SOLYFBQ12A8C13E176
SOQRHIO12AC4689255,SOHUJGR12AB01806C8,SOFGWHI12A6D4FA589
SOBGSUM12AB0180A5B,SOOZDVN12AB01811FA,SOKQPNP12AB018DCF8
SOUGAIF12AB01845D1,SOKTMXJ12AB018A41A,SOAYONR12A6D4FBF84
SOQKGUV12A8C142D41,SOVWLXU12A8C13D610,SOGHSEA12AB0187F77
SOJQDGD12A8C1349CA,SOACBZM12A8C1349E5,SOITLYQ12A8C140705
SOIDVKP12A8C13A8A2,SOLKMNQ12A8C13A890,SOAKNJG12A8C13C831
SORYDPO12AB017DEB4,SOTPULV12AB017DED5,SOKMBQK12A8C1450CE
SOWLIQO12A6D4FDDCC,SOPWTTY12A8C13C0A5,SOKCNCS12A6D4F88D6
SOYDDNH12A8AE4753F,SOYZBHL12A8AE47542,SOOICZE12AB017ECBE
SOFDCGQ12AB01821E3,SORSJVO12AB017D537,SODCSUB12AC90716E6
SOQHSDM12AB0187DF7,SOSBYYX12A58A77216,SOJSZDB12A8C13EAD6
SOZYEMX12A6D4F836B,SOFPIOO12A6D4F8363,SOUJQJI12AB0183C80
SOWUYRG12A6D4F75FA,SOKRWME12A6D4F7606,SOUXXFY12A8C13AF92
SOSMPMD12A6D4FA239,SOYSTXA12A6D4FA1F0,SODJHAQ12AB0189D11
SOSJINU12AB017D149,SOVDSNR12A58920564,SOBEBQW12A58A775D1
SORKXUS12A8C13E89B,SOUWONL12A8C13EA27,SOMXIWO12A8C132CB1
SOZBFUF12A6701FB7C,SOZFTBL12A6702083D,SOMDMNB12A6D4F49A2
SOXCZUN12AB018A78E,SOERMPP12A8C142B14,SOATOPX12A8C1337A2
SOSIMGQ12AB01842D1,SOBBDUE12AB0188E83,SOJGPZO12AB0187D80
SORHIUJ12AB018C6BA,SODGBJX12AB017CD09,SOUYVTS12A8C13EF7B
SOBXYZM12A8C140450,SOINMMR12A8C14042F,SOTBEQR12A8C13B7CF
SOKTGRU12AF729E047,SOETMUJ12AAF3B45BA,SOOPVVO12A8C13F50E
SOOMVRF12AB0187DBD,SORXQRK12AB018F04F,SOADLFS12A8C136A53
SONNQFN12AB018C731,SORPRUS12AB01868C0,SOCPIKE12AC468D00B
SOZMDYL12A8C1398AB,SORMPSY12AC468A455,SOYWICF12A8C13BDD7
SOIIRHU12AF72A4D7C,SOOGNJP12A8C1381AD,SOPXAWQ12AAF3B26E3
SOQNBGQ12AB018362A,SOHUIAN12AB0184437,SOWPFPP12A8C13C60C
SOJBMVT12A8C133833,SOCKLXK12A8C139424,SORRKQZ12AB0185DAD
SOLRPQK12A67AE220D,SOCZPSD12A67AE220F,SOOKKNQ12A58A78095
SOCBZSC12A8AE46F2B,SODXZVT12AB0187097,SOGLTBW12A6D4FC450
SOEHHOO12AB0187D31,SOLEYFL12AB0187D2C,SOAOBBG127D9789749
SODHFGE12A6D4F9BCB,SONCXKI12A6D4F8F08,SOJNJWZ12A8C1420F3
SOFTLZH12A6701CF9F,SORCCVC12A8C13DFB5,SOZABKW12AB017E4BD
SOGNYGR12AC468766A,SOWMXRQ12AB018B0E6,SOJIRGC12AB0185D31
SOBEFXF12A5891F9F9,SORTFPF12A81C2171A,SOMEVZJ12AB018F1CF
SOVBBAY12AB018A33C,SOYLRPG12AB018A347,SOOAXRP12AB0184567
SOEZOXK12AB017CF14,SOPHEUR12AB0180E21,SOWWDNM12A6D4FAC5A
SONYQUZ12AB017DEAD,SOJIDCU12AB017DEF0,SOOQTRF12A81C22546
SONOCAU12AB017C98A,SODOJUW12A6D4F6FB2,SORBAMM12A8C13E29F
SOUDUDA12A58A7B8E0,SOLUHBF12A8C13B689,SOYYHWG12AC3DF9F08
SOCPEKZ12A8C1358BB,SOTNKAF12A8C1358C0,SOKEXQZ12AC3DF49D8
SONAEFF12AB0184072,SOSEQNN12AB018409A,SOKLGTC12A8C140CAA
SOCXMVV12A58A76D0B,SOQVZNH12A8C130FDA,SOYVBWC12A8AE4851C
SOOVKJZ12A8C133ED9,SOVGMLY12A8C1314BC,SOFDEKM12A6701E597
SOMIMTG12A8C144DA2,SONSFOO12AB0187F10,SOYUODE12AB0186214
SONCXRN12A58A78503,SOWYSGV12A6701D47C,SOGPXXQ12AB0180CC6
SOCZGVZ12AC3DF4D93,SOJWUOF12AB0187098,SOMNECK12AB018CFA3
SOEVUBE12AB0184AD0,SONEAEN12AB017C7CB,SOZFAKK12A6D4F6927
SOMNISC12AB018B099,SOZFOOG12A8C13D51C,SOHERCW12A8C14292A
SOAELFY12AB0185B1A,SOADXBU12AB01804B6,SOSAQOC12A8C13B4F2
SOKHUIS12AB0187DD6,SOIIRFQ12AB0184E6D,SOVKVRK12A8C1411E3
SODYZIU12A8C13FBD9,SOHHANU12A58A77C66,SOBRIGQ12AB0184EB2
SOLFINK12AC468AA1E,SOOYBVD12AC468DF29,SOBZXWZ12A8C13330B
SOUVPWO12A6D4FD7A4,SONRZKZ12AB018A1F0,SOUTNJO12A670206F2
SOWJABQ12A8C136880,SONAUJN12A6D4FA24A,SOIPLIU12A8C13C4CD
SOPHERL12A8C132AAC,SOQZCLA12A8C132A4D,SOMNISC12AB018B099
SOBTSBI12AB01871FD,SODHHSX12A6D4F84DC,SOKZRVN12A8C13F948
SOKVBYH12AB017BFD0,SOUDDRM12A58A7CBB4,SOANLNP12A8C1424FC
SOKNLLQ12A8C13F42B,SONWURF12A8C134ABD,SOTRTJB12AB01848E6
SOBABBA12AC468ADD9,SOOGFBZ12AC3DF7FF2,SOBNGIE12A8C1319AA
SOHXUPD12A8C141044,SOTXBKP12A8C140389,SODASWA12AB018D737
SOKCWYA12A8C13DB57,SOLDADL12A8AE4836C,SOTJQMZ12A6D4FE266
SOBNEYA12AB01865D5,SORABMD12A8C136672,SOZCURA12AF72A17B1
SOFODDW12AB0182616,SOSBYVZ12A6D4FBBF2,SOAYCEC12A58A79947
SOTKXJS12A8C136EF9,SOLRHQL12AB017D838,SOVXQVR12A8C132852
SOKVTFY12AB018AC00,SOJAVOY12AB018208F,SOMZLIQ12A8C13BA38
SOAIZTJ12A6D4FAFC2,SOAXUII12A6D4FAFC7,SOCJJLC12AB0184BDE
SOSKSNF12AC46897EE,SOLPXEB12AB017C2C2,SONNUJI12AB018C705
SOFIURK12A8C134C4F,SOVNZNG12A6D4F763D,SOUDHTP12AB0183403
SONCDRU12AB017C33A,SOBRAVD12AB017E841,SOERPVK12AB0185466
SOBCUJG12A8C1346B0,SOJQFNU12B34F329EE,SOZKWYF12AB01821A6
SOPXCVA12A8C13A7AD,SONZMIR12A58A7D46D,SOAMTYS12AB018A44E
SOXWUHY12A6D4F9CEE,SODFHWB12A6D4F9DD0,SOOOURL12A8C144C43
SOVSKKG12A81C21A77,SOREPTI12AF72A8E3E,SODAJXM12AB018568F
SODQKPX12A6D4F96DE,SOPOQWF12A6D4F7ACD,SOGKODD12A6D4FB0E5
SOUQDHF12A8C13B70C,SOBKGXQ12AB017E64E,SOQNLQX12AB018AFF7
SOPZFNB12A8C13EB1F,SODMIYO12A8AE47CEB,SOKDPJJ12A8C13DE2B
SOYTSOZ12AB0187742,SOXVCFU12AB018BE47,SOMVUXI12A8C139832
SOYDHXP12AB01849D4,SODDLKS12AB01849CB,SOXBQGK12A6D4F791F
SOOMUNN12A8C13B998,SOAOPBV12A8C13C4FA,SOLUUHL12AB0181698
SOGGXBG12A8C144993,SOSCTKN12A8C144553,SOGEUTG12A6D4F79AA
SOWFUYA12AAF3B56C5,SOQIGCB12AC468B3E5,SOMUOBA12AB018FCBB
SOGQTRZ12A8C13C8B0,SODNCTF12AB0187B92,SOHFBJY12AAA15D600
SOLFKYA12A8C13B082,SOOFHNG12A6D4FAB3A,SOLUETC12A6D4F9D49
SODLHUG12A6D4F7BB7,SOSAANW12A6D4F7BB8,SOMIHLL12AC468C4D0
SOALROJ12AB017EC28,SOBDORC12AB0188B51,SODOZSD12A8C13DB28
SOVEECS12A6D4F825A,SODYGBQ12A8C135DA5,SOGEAAI12A8C137985
SOUHJAW12A8C13944F,SOOXVTS12A8C13A884,SOOYRFK12A6D4FB5CA
SODROBL12AC4687A2D,SOQIYMW12A6D4F821B,SOXLLSY12A81C20BCF
SOYYAIQ12A8C13E1F9,SOJLEOL12A81C21838,SONLJGK12AB01822EA
SOXDIRI12A6D4F9868,SOFEWKT12A8C13D26C,SORNHDL12A8C134218
SOIJXNH12AB018C530,SOKOIZD12AB018C13E,SOBJDSR12AB0187455
SOXTKTV12A8C13C953,SOHXMHY12A67ADAC02,SOSSSPG12AB017CED2
SOICZKW12D02195248,SOYDBQW12D021B1FD4,SONQPMZ12A58A7A6A0
SOIDDDU12A8C135383,SONQZIF12A6D4F53C4,SOFZNXJ12D02198864
SOBPBKU12A6701E5CF,SOOKVIL12D021978A9,SOTBODD12A8C13D628
SOZZUSU12AB017BCB9,SOXOFYU12AB017BCE9,SOUKLIL12A58A7B7B7
SOGBPLX12AB017E0B7,SOKKRFH12A81C214BB,SODUNHY12AC9097106
SOVPOBV12AAF3B48FA,SOWQFQU12AC907510C,SOKNRLD12AB018496B
SOCKHZY12A8C142F79,SOCIFJJ12A8C13F98C,SOCMVJL12AB0181221
SOPGDIC12A6D4F761B,SOHLTZK12A8C1425C1,SOPJBFC12A81C216AA
SOEODMJ12A8C13D416,SOZJBWW12A8C13D43A,SORYIWA12AB0186287
SOTNKGK12A5891E588,SOIJOLR12AB0185743,SOBSCMH12A58A76A5D
SOTTEAF12AB018680A,SOJCYQL12A58A79A3B,SOZGFSN12A6D4FE1FC
SOMNGQA12AB0179DF5,SOBXRUA12AB01816FB,SOSWZXM12AB017D986
SOHOSNT12AB0184747,SOBJPNW12AB0181DF9,SOZGENP12A6D4F78B7
SOISYOA12AB0180AB4,SOTKDQN12A67ADA0D1,SOYBZCP12AB018042D
SOCNYUB12A6D4FA9C6,SOAKJXQ12AC960D8DD,SOEELUU12AF72A6AF8
SOQVJYO12AC3DF9B84,SOOQCKM12AC3DF4455,SOPGPIM12A8C143E39
SOKSUMD12AB0186218,SONJDUP12AB017F18E,SOJFXTV12A8C1360B7
SOQHZUT12AB0186C87,SOCIFFK12AB0186C81,SOYPJRX12A8C1434E1
SOIOCUC12A8C13EDAA,SOVMSTD12A6D4F9840,SONVPNN12AB0180602
SOQNLQX12AB018AFF7,SOVVVXB12A8C142585,SONCDRU12AB017C33A
SOMUGVG12AB0188002,SOJPMDU12A8C133C68,SOHVMFI12A8C13C63E
SOQLLWC12AB018BD5F,SOQRZRA12AB0187ADB,SOQDNJN12AB0186202
SOJPUTV12AB017C9A1,SOPQUIT12AB01826EA,SOTSALA12AB018E9EE
SOACLRM12A8C1437F7,SOSPSCO12A8C140907,SOXRMTW12A8C142B80
SOJFJYA12A8C1431DB,SORDVVU12A8C140149,SOIKOBP12AB01897DA
SOSCFFU12A8C134C67,SOMNRTW12AB0185CDE,SOKUNPN12A8C13F34F
SOTIBCM12A8AE45FFA,SOUEMOS12A8AE4855B,SOBEQDI12AB0183226
SOIQRJC12A58A7A05F,SOLQYYJ12A8C13A732,SOJXMCM12AC96186D7
SOFYXIZ12AB018269A,SOFEDSU12AB0183EA1,SONQWCG12A67021300
SORNKLB12A8C13867B,SOLHKOX12AB0184B81,SORUZUX12A8AE47E9A
SOCUCXZ12A8C130EAE,SOHGYDF12A6D4FCD5E,SOHPFBD12A8C133971
SOLHVZC12A8C14307F,SODCZSU12AB018306C,SOOZOFW12A58A7CCCB
SOKWUDO12A8AE4905F,SOLWTTZ12A8AE482DE,SOZLOVT12AB01820EB
SOQUGRT12A6701DD47,SOVTFUO12A6310D813,SORCWFS12A8C141697
SODVIRB12AB017D300,SOOPVJH12AB017D31F,SOHVEXM12AB0186A68
SOULHDS12AB0188488,SOIPHCJ12AB018318B,SOUESGM12A8C136D78
SOUOZAB12AB0180EE0,SOBOJWI12AB0180EFA,SOQWQJP12A58A768B0
SOCRPBE12AC907523A,SOVPOWY12AB0187709,SOICJVZ12AB018310B
SOPBBCG12A8C13C87E,SOPGFVV12AB017E49B,SOYEHOL12AB018C901
SOWZYPQ12AAF3B1F3D,SOKYUHC12A58A79AD3,SOZPOFG12A8C145EB8
SOFYWUI12AB01831D8,SONCRQB12AB0183C1F,SOEOSBC12A8C14218E
SOTHZUA12A8C13268A,SOABTKM12A8AE4721E,SOXAMCL12A8C139E2F
SOFWHXA12AB0188D23,SOTXOVS12A6D4F9E8B,SOBJVNC12A58A7B0C3
SOQNTSP12AB0180170,SOIUNJH12AB0180160,SOHSNJS12AB01831C4
SOFMQDK12AF729D3C8,SOOFFET12AB0181D0D,SOUTFFK12AB0184613
SOMBOYD12AB0183BC9,SOZILXQ12AB018541A,SOXYNYD12A8C13DF7B
SOBDYXU12A58A8065D,SOCYRIW12A6D4F8063,SOUAHNZ12A6D4F9314
SOWOMIY12AB0185E4E,SOJYUXY12A8C13EB54,SOGNCJP12A58A80271
SOCWFOV12AB0187CA5,SOCJYUI12AB017D397,SOOCMQU12AB0189D00
SOJOZGI12A81C235CC,SODBFHB12A8AE45752,SOMWVBL12AB018C419
SOLZMER12AB0182117,SOEDAHD12AB017F946,SOHXGYL12AC46862B4
SOCVGQS12A8C13D7DF,SOQPENF12A8C13D7D8,SOKNSBF12AB018379B
SOKKRFH12A81C214BB,SOGBPLX12AB017E0B7,SOXUPII12A8C1390A1
SOBWGKB12A8C1431E2,SOFFSLO12A8C132CB5,SOKJRII12AB018A98D
SONXPLE12A8C13CC8B,SOMQQRO12A8C13CC9F,SOLXGHC12AB0182F1D
SOKDXNB12A58A7748C,SOKQYCD12A58A7C4D8,SOMXQYW12A58A7E1F2
SOJBPQJ12A8AE4738C,SOJCZJK12AC468BDA7,SODESIY12A6701FD88
SOROFCS12A8C1410C2,SOQVPMT12A8C13D06F,SOAISLB12AF72A39FD
SOXTVPV12AF72A4AC5,SOAXBTU12A8C140875,SOTDILJ12AB0188A2B
SOUSTCX12AC468B4BF,SOWFYFC12D021B37A7,SOIOAAO12AB01856CB
SONEGWF12A8C133022,SOSOKRB12A6D4FBC1D,SOSXCYS12AB017B9A1
SOIHJSD12A6701EB04,SOUTFFZ12CF570243E,SOWSCNO12A58A7F75E
SOSAQOC12A8C13B4F2,SOMXIIW12A6D4F5395,SOSAMIM12A6310EEEA
SOWRGRZ12A8C1367A3,SOTNILK12AB0187CDE,SORUVQF12AB017D220
SOFTUGY12A6D4F2B95,SORLFPE12A6D4F2B84,SOZJGZF12A8C1386C9
SOGKXHO12A8AE47581,SOJUDGU12AF72A3D88,SOXBBWU12A8C137723
SOIYQRE12A8C14521F,SOARIUW12AB0184EA4,SOFHZML12A6D4FAF8D
SOAIOHX12AB017E5E8,SOKEFYJ12AB0187472,SOECTYF12A8C1431FC
SOGRNWK12AF72AD0B9,SOWIWQT12A8C13C50D,SOTVEKK12A8C1392E1
SOMDRRA12A8C141331,SOHYNVN12AB018BC9F,SOQQQYO12AB0187453
SOGRJBQ12A8C13EFF4,SOCXXYM12AB0180E78,SOEABIG12AC4689E0C
SOSNABG12A6D4F7521,SOANXGF12A8C143736,SOGZXGR12AB017F004
SOJKFBK12AC3DF5802,SOHRRUF12AC3DF57F7,SOFEWKT12A8C13D26C
SOFFZSK12AB0183F5B,SONXGAP12AB0189210,SOPQWUL12D021B3E4A
SOXAPDD12A6701DAB7,SOSYXWY12A6701DAB1,SOTTKPA12A8C1391C9
SOYCSCN12AB0182ED4,SOTXRBE12AF72A384A,SOHJOLM12A8C138BD8
SOVAQJI12A8C135CA0,SOUKIJS12A8C135CB7,SOAVIFE12A8C13C4B5
SOELPYX12A8C141731,SOYPEPK12A8C141727,SOTQSFS12AB017F032
SOEAPFM12A6D4F790F,SOYNTHM12A6D4F7914,SOKWIPX12A6310F35B
SOLGQQQ12A8C133308,SOXJTHF12A8C1321D0,SOIHNIB12AAFF42B81
SOUMERL12AC9070EF9,SODUQPC12AC468D0FA,SOQFBNJ12AB017FFD0
SOPBDWN12A8C134B2D,SOOKKYD12A8C13F1D8,SOQOWVQ12AB0183506
SONAARK12AB017AF1F,SODKOQO12AB017E555,SOKLXMX12A8C13EC17
SOAKPTW12A8C139AB2,SOGCPLD12A8C132755,SOQKUJS12AB017B5A1
SOBNOBG12A6D4FB54B,SODTNTM12A6D4F98CB,SOKZREJ12AB017C121
SOZPTTK12AB018A728,SOEUSWR12AB01886B9,SOMXOCV12D021B243F
SOQLTNN12A6D4F908A,SOCPHRB12A6D4FD246,SODORIU12A6D4F84BB
SOKGCLB12A6D4F8A22,SOPFCCI12AB0183519,SOODVEL12A8C13287E
SODSWGU12A679D8B2A,SORJNRY12A58A7C3AF,SORUTXW12AF729EA18
SOAOPVN12AAF3B1856,SOVVDVO12A8C14215D,SOPIMBA12A8C13BEA2
SOJSZNW12AB01865E3,SONZMJH12AB018E48B,SOZFKAN12AB0180B2D
SONYKKZ12A67AE17D0,SORVEQO12A67AE17CE,SOTTSFE12A8C13EE3E
SOLJJZK12AB0188E2B,SOMICIB12AB01876B5,SOWKDIY12A8C1444B8
SOQJOUM12AB017B6FD,SOIXQNU12AB018B675,SOCKMFU12A8C13C911
SOPTWAH12AB017F9CE,SOKAQXL12AB0183208,SOBYZNY12AB018FAE7
SOMBWDW12A6D4F7248,SONZMIX12A6D4F568C,SOHXBET12A8C1353B2
SOOWALD12A58A7D04F,SOGAWIK12AB0185989,SOIJWMK12AC9073334
SOJAOFG12AAF3B546C,SOBBEES12AB01812D1,SOEMYLB12AB0182CFA
SOQYFGO12A58A797D5,SOHZNXL12A58A79A92,SORLKMS12A58A7C15F
SOSMRWG12A58A7EA03,SOFLELE12A8C13B2B4,SOAUIEW12A6D4FBBBB
SOHOMXO12AB0185C81,SOAPUCB12AB0185C89,SOHTUFU12AB017DC46
SOKQXZH12AF729BAE6,SOBQFYI12A8C13FF3C,SONFHGW12D021B3CAD
SOKJDXE12A6D4FB45C,SOZKNUS12A6D4FACD5,SOODSRB12AB0182D3F
SOPBJAX12A6310E86F,SOGNZNU12AB0189FE3,SOLERDO12A81C22BB4
SOCJVAC12AB018E3CB,SOGUSCK12AB018E52D,SONDICB12A6D4F8230
SOKIPTT12AB017CD63,SOKTTAL12AB017B5E8,SOWNOLS12AF72A417C
SOAURIO12D02197DD8,SOFVFSJ12D02199492,SOIENVX12AB0187D40
SOWDQXC12A6D4FC4D9,SOOGHGQ12A6D4F672F,SONWJXI12A6D4FB061
SOCQNDE12A8C13805F,SOZUSNM12A8C13806E,SOAHUPZ12A670207E3
SODCUTP12A58A7BEAC,SOCGSKG12AAA8C6582,SOFMLGW12A8C135CB6
SODHWDC12A6D4F664D,SONPYGT12A6D4F8187,SOEZIPF12AC4686E0E
SOJQRIH12A8C135D86,SOGEYSL12A8AE46B8E,SOPHERL12A8C132AAC
SOBCYAX12A6D4FA5CA,SOLTSHM12A8C13B265,SOIDDDU12A8C135383
SOAWQNY12AB0184358,SOHMDXK12AB0184329,SOKKSPP12A8C13FB21
SOLNDSZ12A58A7FC62,SOTCZQN12AB017FF67,SOFCWBN12AB0181A5C
SOHTULD12D0219A187,SOOHXAA12AB018A1D2,SOAUIEW12A6D4FBBBB
SOYCTOJ12AB0185204,SOQOWVQ12AB0183506,SORUPKU12AB0180D1D
SOFBNZN12A6D4FBEE0,SOCUGUF12A8C1415B3,SOQKSLT12A6D4F888C
SOHJCFL12A8C139694,SOFNHTC12A8C13BBC9,SONSDBM12A8C141DEB
SOBERHB12A8C144395,SOXDANW12A67ADF9B8,SOGUWPF12A3F1ECE4C
SOHWCMX12AB01884F1,SOPPIES12AB018187D,SOXFXCA12AB01837AA
SOPKUDA12AB018570C,SOGWDQX12AB0185701,SOQIDYH12A6D4F79EA
SOHQFOT12A8C130DA9,SOAIJNZ12A8C13477E,SOEGVTU12A8C13A6E8
SOIHQTN12A8C133490,SOJIYIZ12A58A7D197,SOCQATN12AB01855E4
SORGBBM12A8AE4894B,SOYEZKO12D02198103,SOJQHWI12B0B80BBC7
SOABCUN12AB0180FD0,SOXLKXC12A58A804AB,SOUMQZB12A6D4F9D12
SOHJPLK12AB018F74F,SOIJJDO12AB01890B8,SOARHVT12A8C14486B
SOEMQTE12A8C136212,SOGVSQK12A8C1351EE,SOAZNXN12AB0181DC1
SOTSALA12AB018E9EE,SOACJNS12AB018E9E1,SOGJQKY12A58A77A8D
SOHVMFI12A8C13C63E,SOTIFMS12A5891F8D1,SONKGNH12AB017D33A
SONNFQD12AB018E2C4,SOCICPF12AB018CDBE,SOTYGMX12AB018A0BA
SOXWMWL12A8C139653,SOUYJVX12A8C13960E,SOMMLUE12AB0187FCC
SOWLLFB12A6D4F6F34,SOJCVLT12A58291B95,SOTSCLM12AF72A097D
SOJANBZ12A58A77B66,SOOPCJF12A6D4F911E,SOESAWL12A81C1FCC2
SOXQUSV12AB018359A,SOSUUTD12A58A7CE3F,SOREVJG12A8C142855
SOHZGOY12A81C2077D,SOPQQML12A6D4F90BA,SOUOVZX12AB018A15C
SORXMXJ12AAA15D02E,SOQVDHJ12AB017E528,SOTQQXU12AB01874A1
SOMMMQF12A8C133952,SOFYNSB12A8C13395F,SOFODRO12A8C14073F
SOINBCU12A6D4F94C0,SOCDLVW12AB018371F,SOBIEKO12AB018020F
SOKRBIR12A8C12FF4B,SOVOXXJ12A6D4FB599,SOMPINB12A8C14305F
SOKBBXV12AB0186B8A,SOUHNGJ12AB0182844,SOGJWUM12A58A80FC8
SOGELYI12AB01886B1,SOONUVQ12AB018889B,SODAEOO12A58A799B7
SOXQIAC12A8C140110,SOAWEPH12A8C13893B,SOCTARC12A8C134D12
SOZECOE12AB017E615,SONKGNH12AB017D33A,SOAFUVR12AB01800F9
SOJBXJE12A67ADAE19,SOLMQGD12A8C140C80,SOXUTBN12AB0188E0F
SOUYPJB12A8C1419CC,SOJRXWW12A8C13D7DB,SOUTOFU12AB018337A
SOIPQBF12AB018C890,SOSFOAG12AB018C8A0,SODPHEW12A6D4FA5AD
SOOONVZ12AB0183A8E,SOADEVO12AB01820B4,SORPBLU12AB017F8F5
SOZTJBR12A8C142681,SOPTBGS12A8C13A0FB,SOXLGTI12A8C13C08B
SOENANC12A8C134906,SOAYRZU12A8C133EBD,SOOJUXT12AB0185C0A
SOMOINR12AB0189188,SOHESPW12AB0184D99,SOGKRDE12A81357771
SODZLJT12A8C13BD4C,SOLKNNO12A8C13BD56,SOKFHLV12AB0187A2F
SONWBKJ12A8C137908,SOMKVPT12A8C137916,SOOKWBL12AC46887C8
SOEOOKC12A8C13E9FF,SOUDUAS12A8C13DD58,SOPHBXZ12AB0185258
SOLGUTQ12AB0186285,SOSVCWK12AB017FF36,SOFNMAF12A6701FB63
SOFEOIX12AB018BD81,SOCOQRC12AB018186C,SOKUUCC12A8C138A85
SORDRUK12A6D4F789C,SOUITES12A5891ED78,SOAQRBV12A8C13E4F8
SOJTMQU12A8C13AE17,SOONRDP12A8C13AC86,SOGKDKL12A8C137D2C
SOAJNGU12AB0185B1D,SOMWEDG12AC3DFAC0F,SOOQWSJ12AB017B8AD
SOXDLQD12A8C1431F2,SOUNOUK12A8C145CFD,SOPXFIS12A6D4F4A51
SOATDYE12D02190252,SONKXAC12A8AE47260,SODLTCP12A6D227106
SOTDGSF12AB0188C68,SOMSTBQ12AB017DFB4,SOHBQFZ12A6D4F66D5
SOEAZXB12AB01826FB,SOIYWXJ12AB0185160,SOTPQFM12AB017AC9E
SOQXDHK12A81C2134A,SOVSSRX12A6D4F463B,SOCMVJL12AB0181221
SOMNVBL12A81C217AD,SORCKXS12AB017F1A0,SORNGOF12A8C144013
SOIOIIW12A8C141F3D,SOEWOKX12A8C1442BF,SOWLWBX12A6D4FB946
SOAOGKH12CF5665040,SOQLDAX12AB017FE9C,SOGSUTH12A8C141229
SORILFD12A58A7E3A8,SOOVRAZ12A8C136239,SOZASQZ12A8C1382E9
SORUXNU12A67AE1311,SOVEPIA12AF729BDEC,SOAMEJX12A8C1333EA
SOHVQEU12AAA15FC44,SOJRHBV12AB0182B57,SOBCLZC12AB01851CD
SOPUYWK12A81C228F2,SOKXAKV12A8C137668,SOVAPAL12A8C13B004
SOMQEGF12A58A7A9C7,SOJALYZ12A8C1442F6,SOEWUBS12A6D4F8DB0
SOWUYNT12AAFF4073C,SOOWIIK12AB017D845,SOFKVNS12AB017CF48
SOFKLEX12A6D4FBCC8,SOOMQRC12A8C140619,SOHDWKH12AB018424F
SOZSYZT12A8C14613E,SORADYP12A8C14614C,SORQPPS12D021B5249
SOFERKA12AB0187DAD,SORPLKH12AB0187DB9,SOKAJCZ12AB018B056
SOVBLBO12AB0184F9B,SOZXKGR12AC392A990,SOXGWKU12A8C13DF6A
SOTVUSG12A6D4F66D2,SODFLEL12A8C131DFB,SOOLDYX12AB01851BF
SOAJYCS12AB0185778,SOAXFZE12AB0184643,SONGQDO12A8C134FE3
SOHYWLZ12A6D4FBB22,SOGHBHI12A6D4FA67E,SOAQQPC12AB0185593
SOHJYIA12AB0181641,SOIXJAM12AB018950A,SOUVJJT12AAF3B52C1
SOFFLGS12A8C1446BF,SOFQMOH12AC468D9E2,SOGNXMP12AB018119E
SOGQKNO12AB017D742,SOQNNUF12A58A7DC1C,SOCLMMC12A81C21873
SOHRKHY12AB018598D,SOWWSXC12AB01857AC,SOXPFFC12AF729FD48
SOORWVR12AB018D00E,SOKBMFU12A8C1391A9,SOJXJQX12AB018A268
SOBEPCN12A6701D408,SOHIQMG12A8C139A98,SOMHSED12A8C138D5B
SOIDFZQ12A6D4F7D19,SOPXWCI12AB0188DE6,SOHYQSQ12A8C1321AA
SOPFOLH12AB018AD11,SOMFQOD12A8C14033D,SOFOEGE12A6D4F7C66
SOYHIIY12AC4687D12,SOPCVMS12AB018BFF5,SOUDZAX12AB0189771
SODAUFS12AB01857E4,SOGCVWE12AB01857FF,SOMMIQS12A8AE46BA0
SOASGOU12A6D4FBAED,SOINHKC12AB01836E0,SOOKTTX12AB01821B4
SOPUFYD12A58A7C37E,SODCXQW12A8C141B9A,SOMBJUK12AB0184670
SOTYGMX12AB018A0BA,SOTNTNJ12AAA15FBD6,SOEMXSR12AB018284E
SOSHNLM12AB017E952,SOXIVIL12AB0182475,SOMVIUL12AB018A7E8
SOIDULJ12AB017BDBA,SORZUVX12AB017BDCB,SOITUZS12A8C13A99C
SOVHTMQ12AB01857B1,SOQATZO12AB0187A96,SOIIOMT12A8C13D898
SOAVIFE12A8C13C4B5,SOKZFSV12A8C13E390,SORSAVG12A6D4F7A39
SOHCIFJ12AB0184AB1,SOEPJBD12AB0184AB4,SOGACUB12A8C1402D0
SOLMEXI12A8C140CF9,SOTDRNJ12A8C137751,SOPSAGM12A81C22BE3
SONBGIP12AB0185E74,SOWJONN12AB0183B41,SOQRMSV12A8C13DD92
SOEHJVI12A58A7ABE2,SORUIJA12AB01870CC,SOHBJLC12AC468932E
SOAQQHI12A58A78FA5,SOQYRAY12AC3DFAFB0,SOZBIOJ12A8C140F87
SOMOUQV12A6701CD7B,SOOJHYN12A6701F0AE,SOXIPVN12A8AE47DF8
SONFOLB12AB01841B9,SORWJGG12D021B0F6A,SOBSPOP12A8C13A407
SOYORBF12A8C13B3B5,SOQQXAS12A8C141993,SOLJPLD12A8C1376F8
SOIGBWU12A8C13E7FF,SOKAGSZ12A8C13E7FC,SOTMODD12AC3DF4C13
SOJPHUB12AB018A3AC,SOSJFHQ12AAF3B2D2A,SOEIGLC12AB018407F
SOBOIMB12A6D4F7ABA,SOPSLGX12A8C1369AC,SOBGYAV12A58A7E45D
SOBRUSQ12A6701DF34,SOIUOAU12A8C13EBC3,SOHIDJN12AB017E2AF
SOYREVC12A6D4F4C25,SOOJCDJ12A6D4F4C1F,SOSAVBB12A8C13D255
SOCFVUP12A8C13D304,SOZXMIP12A8C13CE1E,SODMBGR12AB018268A
SOWZQSH12AC3DF96DE,SOLQNSX12AB01894E2,SORADYP12A8C14614C
SOENUJX12AB017EF68,SOEDWJK12A6D4F50B9,SOHUCCG12A8C137A17
SOQTLED12A8C139B31,SOOHUNQ12A8C13790F,SORAOMT12A8C140327
SORFRWZ12AB0185294,SOQENMV12A8C13C32F,SOHIMXN12AB0182FDF
SOXLNHY12AC4688B63,SODJOWL12AC468D389,SOGDEPN12AB018C5C0
SOFWGCC12A6701C018,SOEJOWS12A6701C01B,SOXHVOF12A58A81591
SOUOXVG12A6D4F9494,SOZLDGL12A58A7A677,SOTXVPT12A81C1FAB2
SOFQXCX12AB0181D56,SOQCVCL12AB017FBF5,SOBZUUN12A58A7EE7F
SOJBAQO12AB018133C,SORPMJO12AB0182A9A,SOOZYMQ12AB018E589
SOFMXAX12AB0187F81,SOCBFTV12AB017D3E3,SOFXAOO12A6D4FC364
SOVTZTF12A8C130A1A,SOHYVTD12A8C130A40,SOWFVLE12AB018012D
SOOZTFV12A8C133C99,SOHLEWN12A8C13227C,SOEAWIO12AF72A0222
SOVBPVY12AC3DF73D0,SOZBOZE12A8C1356B6,SOXHSTL12A8C13B5A6
SOIJDOP12A8C131FC9,SOSDQRQ12A8C12FF58,SOBXVKN12AF729DA48
SOBGPKV12CF5465239,SOAXUIL12CF530E5DC,SOJWOUB12A6D4F8158
SOCJFKA12AC909714C,SOTHBEP12A8C13084F,SORXKNG12A8AE46196
SOGDIUG12A8C13B730,SODTYWZ12A58A7A27A,SOAQSCO12A42806263
SOHYLQX12AB017F86F,SODBYHF12A8C13C919,SOHCOFB12A6D4F75AA
SOQPWWG12AB01830FF,SOUYJAD12AB01816C2,SOHANQX12A8C13C2C4
SOLRHQL12AB017D838,SOTKXJS12A8C136EF9,SOVJQUI12A58A7935E
SORNOIX12A6D4FA1C8,SOPAHYH12A6D4FCC93,SOWUTFN12AB0183328
SOAAKZC12AF729A14A,SOMSHMQ12AF72A04A5,SOHWBEV12AC3DF7F51
SOCLQKJ12AF72A4AB0,SOLLROO12AB0188D51,SOLHWNC12A8C13AE94
SOBGCLK12AB01822F2,SOBHKBO12AB01822C7,SODNDWI12A8C13450F
SOGPMVU12AB017FE98,SOKOZNQ12A8C1435B8,SOXGOLY12AB017C44F
SOXCYMR12A8C1326DA,SOOFYHL12A8C1392B2,SOIBJTK12A8C143D5E
SOXAATM12A58A7ABA8,SOGCGAW12A8C13BF27,SOCDLSK12AB018168E
SONCMAJ12AB017A938,SOCBUSG12AB0180568,SOJNQGL12AAF3B27B2
SOFVHDU12A67ADE7AA,SOUEILW12AF72A5701,SOYKQSR12A6D4FCAC2
SOTILPD12A6D4F814E,SOZEDQG12A81C21365,SOCVHQR12A58A7A342
SOLWYOG12AB0186976,SOFPWLB12AB018949F,SOZHOFC12AB0184A73
SOQPQLA12A58A7A837,SOHWJYO12A8C13B509,SOPTQSV12A58A7B5B9
SOAKKIE12AB017D096,SOCFMIF12CF582750A,SOCWJWQ12A58A7AB7F
SOINBCU12A6D4F94C0,SOMKFVQ12A58A75F9A,SOLXKCY12A81C20EFC
SOWRXEI12A6D4F4CAC,SODKXPM12A6D4F4CA6,SOJWXCI12AB018E430
SOCTRPQ12AB01807EC,SOMBANW12AF72A71D2,SOQNEAP12AB01875BE
SOHEJFY12AB017F744,SOIMICQ12A58A76383,SOLNAJL12A8C13D711
SOBSFJL12A8AE47879,SOGVIUV12AB018CAA7,SOQOANH12A8C13AF6D
SOUNQVM12AB0184CA2,SODFZXI12AB0184C80,SOEWNDK12AC468B619
SOKYTBD12AB0182A36,SOSBILL12AB01829D6,SOVRJJU12AB0181119
SOFYRDR12A8C133F7D,SODIUNE12AB0183435,SOWTPSE12A8C13EB70
SORTSTM12A8AE4624E,SOBUEFV12AB017DA24,SOZYQQT12A8C13B4EA
SOBXRUA12AB01816FB,SOMNGQA12AB0179DF5,SOQKUPW12A6D4F6A33
SOMWWEJ12AB0186304,SOWQMIN12AB017F5DF,SOLLGHI12AB017ED36
SODJVQR12AB0188EAD,SOAZTNG12A58A7A8FF,SOEDYBF12AF72A3AFF
SOUSPZR12AB0182E2C,SOXAQLI12AB0187102,SOTXDYB12A8C13A8D4
SOZYMAG12A8C1372A0,SOHXXEV12A8C134A15,SOPLWCS12AB018430E
SOIKXYC12AB0185237,SOMSMMI12AB0184A15,SOIZXXS12AC468645B
SOJYIQU12A8C13E24B,SOITZFC12A8C13F1FC,SOPHUZW12A58A7BD02
SOJSZDB12A8C13EAD6,SOSEFBG12A8C13EAD3,SOBRPKX12A8C134ABF
SOMHGEK12A8C139903,SOYHKUR12A81C20825,SOCRBAD12AB0186467
SOQTXZE12A67ADA74A,SOVKMUR12A67AE23FA,SOMNEIE12AB0187118
SOONLYF12A8C132B90,SOTQUEZ12A8C13251E,SOPJVJY12A8C143410
SOZSKYY12A6D4F8F7D,SOQUAPH12A6D4F8F65,SOMHOLR12A6D4FBE6A
SOPWOGY12A8C141C1D,SOVVVIL12AB0189ACC,SOZPSTU12A8C13DCD1
SONXCYX12AB0184785,SOJUYUH12A8C1422D3,SOMEKAE12AB0181461
SOCPVQM12AB0184ABB,SOBFXXF12AB0182007,SOXEEVG12AC3DF565D
SOJLJIH12A8C14326E,SOFWLPW12A6D4F29F7,SOGROUF12AB01867D8
SOWHEZL12A8C13DCE4,SORKLMV12A8C13BDEF,SOJNARC12A8C131B70
SOSWPJV12A58A77714,SOHNKGV12A8C12FE01,SOWWAKW12A8C13B507
SORCBUA12A8C14169F,SOFYMJJ12AF729E671,SOWFGJE12AB0186F93
SOTRTJB12AB01848E6,SOJRMGS12AB01848EC,SOOGDMS12A6D4FAA03
SOCYRIW12A6D4F8063,SOBDYXU12A58A8065D,SOSOQET12AB0181A68
SOXSKAH12AB018CA84,SOTGKZI12AB0189E31,SOWTHTG12AB0180B28
SOILSLQ12A67ADA5DD,SOAMSTG12A6D4FB452,SOWYDEL12A8C14108E
SOHVXWH12AB0180D9A,SOEOSOU12AB0184BA5,SOOVLAA12A6D4FB16B
SONNDIP12A8C143368,SOBIWDK12AB017DAA8,SOUETIA12AB018A8BD
SOBNSFW12A67020E2E,SOJNARC12A8C131B70,SOIIENY12AB017F6B5
SOOYLGJ12A58A7B465,SOJFLBP12A81C22DB2,SOXZMIK12AAA8C5A5F
SOJZULW12A58A7D4D5,SOZGSXE12AB0185C68,SOFRBVQ12A8C1389DD
SOYRDKV12A8C14211E,SOFODDW12AB0182616,SOYUKUF12AC9E133B9
SOBYVWD12AB0185ACD,SOBASZR12AB0188D8E,SOHQNZI12A8C13F2E1
SOYMBDA12AB017E7B1,SOKKUBD12AB0182EAA,SOASZCO12A8C138A0A
SOKLYQM12AAF3B3A18,SOSRVOL12AAF3B3A32,SOKELFE12A6D4F7911
SOVXIIR12A6D4F9F11,SODSVCZ12A8AE45DC1,SOVQQYE12AB0183BD8
SOUFBFK12A8C13D668,SOLUAEU12A8C1445D7,SOOSFVO12A8C134A85
SOZWGHH12AB0189D70,SOYIDBH12AB0189D60,SOJCMZT12AB018238B
SOGOGWU12A8C13F587,SOKKSPP12A8C13FB21,SOEKUCQ12A81C21239
SOASOXY12A8C133601,SOGHDII12A8C130FDC,SOGHNKW12A8AE46758
SOBNFGJ12A8C143861,SOQCRCI12A8C131ADE,SOBFXXF12AB0182007
SOASRYN12A8C139FA4,SOOFIJM12A8C1359D1,SOYRZIV12A8C143943
SOHGHMH12A67020155,SOILKMT12A6702015A,SOWPIEE12AB0188A9D
SOVWHFZ12A8C14489D,SOCUDXX12A58A76EF9,SODPOIA12A8C139FE8
SOGADTM12AC4686E70,SOIGLWB12AB0182905,SOTHJQW12AC46895BF
SORGMHS12A6D4F6323,SOZFIIU12A6D4F7A12,SOFNOOO12A8C13F8A8
SOVPLKK12AB0183DB9,SOJRSDF12AB0183DC1,SOLQFYU12A6D4F9BEC
SORJFZS12AAF3B1F05,SOATBVU12AF72A283E,SOXSXXP12A8C144C63
SOEQIIX12AB017FF50,SOZAOWT12AB017DC2F,SOEAHBY12AC3DF5AA8
SOYKIYV12AB0182FCB,SOZSBFE12A8C13FEFE,SOFYDHR12AC3DF519E
SOPAGIP12AB0186CBB,SOASGEV12A8C13860C,SOUDJJH12A8AE4729A
SOEPHJQ12AB0184C9F,SOWQTLC12AB0184CB5,SOCXMVT12A67ADD8BA
SOMCTRX12AB0185326,SOFMXMO12AB0185E0D,SOCAZRR12AC3DFA644
SOFYIEW12A6D4FCD44,SOOAMUJ12AB0186F0A,SOKAJWF12AF72A04C7
SOMCINC12A6D4F7151,SOQWMCM12A8C139038,SOUDJLA12AB01849FF
SOUGQCG12A6D4F6D9A,SONQMPE12AB01846AC,SOAHRLQ12A6D4FCCB6
SOEJKPH12A8C13EDCC,SOBVGGZ12A58A76302,SOWTIGA12AB0188F63
SOZZTRZ12AB0189F32,SOUYCTP12AB0189F3E,SOZGTLK12A8C141E85
SOJUFEZ12A6701F7CC,SOCLMKZ12A6D4F7D34,SORKVVT12A8AE462CE
SOBNIWB12AB0187159,SOCPIKE12AC468D00B,SOGBPLX12AB017E0B7
SOGEQEZ12A81C21128,SOERMTI12AB01827E8,SOCISCT12AB0180021
SOWGQTM12A8C13A69F,SOAMSHM12A58A79142,SOQUBGV12A81C206FC
SODLDIV12A6D4F9B96,SOGOOMV12A6D4F6BEB,SOIGOXA12A8C143C25
SODEGRS12A8AE481D4,SOTDTTB12AB0182624,SOALBQW12A8C142359
SOTVQZC12AB01858E5,SOYTTIT12AC468654C,SOCJTPQ12A58A7E212
SOOXOPR12D02193D64,SOSIVJK12D021B4772,SOHKAVD12AB01827D1
SOYJEZN12A8C13C575,SOJWHTL12AB018283A,SOGLONC12AC468832F
SOKALLO12AB018A62E,SONMMAY12AB0183A08,SOPEJUZ12AB0187260
SOJZPLB12A58A7AEED,SOZXCOM12A8C13A859,SOLRNDK12A6D4F6654
SOWPUQN12A6D4F8821,SOSBCDM12AB018475B,SOZEQVC12AC468E38B
SOHWDNK12A6D4F9837,SOUTCRW12A8C13D937,SOWHQOM12A8C145601
SOXONZC12A67ADF6DA,SOULENA12A67ADD426,SOPHJOH12A8C13F436
SOQGFVO12A8C13C8C3,SODMTUR12A8C13C8A4,SOKJVAO12A8C1407D8
SOGAUMG12AB01870B7,SOTARBL12A8C1362A6,SOEHXNH12A8159E8B7
SOBZOTA12A6D4F8234,SONDICB12A6D4F8230,SOPLBLQ12A6D4F7F2A
SOHEKTH12A8C13C227,SOEJBOV12AB01876BB,SOVCWHK12AB017E085
SOXVQUA12AC9097BD2,SOELQTU12AB018949D,SOSIPVN12AB018A341
SOVTBNI12A8C13B76B,SOCDWLJ12A8C13B7B0,SOMICVG12A8C1398D4
SOROOWB12A8C13F386,SOFRUKI12A8C13F369,SOWFLUS12A58A7A62C
SOVWRPH12AB0185667,SOYCGJJ12A8C13812A,SOISDDT12A67020901
SOONOUT12A8C13DA4B,SOBAJSE12A8C135A3D,SONQIGD12AB0186EB5
SOUEFNG12A6D4F8640,SOQQXBH12A8C145D71,SOZARVC12A6D4FBC9F
SOWMSNW12AB0184CEC,SOKGDOX12AB01858CB,SOYUJZH12A8AE47282
SOFHAHC12AB017EDF7,SOESMEA12AB017EE0B,SODTKRJ12AC468B9AB
SOMKWCF12A8C142BCD,SOQANLU12A8C142FEF,SOZMZZO12AB0180F1B
SOYIFLO12AB01877B3,SOOQHNV12AB0186CD4,SOQVVDQ12AB018300C
SOBJVKE12A8AE44914,SOYGZXS12A8C13D614,SOUITLS12A6D4F69B1
SOZFEXY12A8159E936,SOWSDGU12AB0182488,SOHBLHT12AB018E5B5
SOYCJYN12A6D4F9936,SOPJUSS12A6D4F9925,SORPDKB12AB0189047
SOQLKQY12A8C1424C4,SOBZCNB12A8C137ED7,SOLFOLX12A8C1443AB
SOMWLCP12A8C13CE18,SOVURUB12AC468C232,SORZTJA12AB0185B12
SOADEBB12A8C1345D9,SOAZHQF12A8C13460C,SORUWYJ12AB0181EBF
SOUCFHR12AB0184A1B,SOLUUOH12AB0189769,SOOWJFS12AB018D69C
SOPRSZE12A6D4F4954,SONLZAW12D021B2FEB,SOUCSZX12A6D4F7C05
SOQPKSV12AB017BDE5,SOERFZP12AB018795F,SOMFQXU12A8C13BEEA
SOITUXQ12AB0183AE9,SOHAKWP12AB01841E0,SOAHRFR12A8C142155
SOCTFYZ12AB018CE46,SOGCKGR12AB0184479,SOCXMOB12A58291E12
SOFTKUY12A6D4F6FA2,SOPYPAJ12A8C136283,SOMIVGW12AB0180E11
SOKLQGE12AB017E112,SOBDAUC12AB017E120,SOGAYWK12AB018419B
SOFXSQY12A8C13BC20,SOJWPGK12AC468D23D,SOITLYQ12A8C140705
SOOTYVJ12A8C14184B,SOOSURK12A81C231A8,SONOARU12A6D4F7E32
SOIQKYN12A6701F8BC,SOBLPMI12A6701F8B6,SODJJKU12A8C135328
SOQYBYY12AB01823A2,SOQTSEW12AB0180ED2,SOJTIZK12AB018512D
SOMARUD12A8C13FD80,SOGKFUF12A8C13F160,SOEBFUE12AB0180AF1
SOSOQYT12AB01859E8,SOJKJZO12AB0185A1E,SOMDKAX12A8C13F1E7
SOXWJVI12A8C1432CF,SOLCRSD12A8C13BDAA,SOHKUVB12AB017FBDF
SOLVXXT12A58A7AFCA,SOXZZUV12A58A7CAA9,SOFAXDK12AB018E446
SOCNYPX12A58A8032F,SOBSWYI12A8C13A2EB,SOGHNTC12AB0188168
SOSCCOO12A8C13F0AF,SOYXFNV12AB0182DEA,SOTNQRU12A8C131FEF
SOLECZU12AB017DAAC,SOCOQUZ12AB0181A1E,SOKBNLK12A8C13F72D
SOUMLGB12AB0186F66,SOCMQPU12AB0185C5B,SOKCWFB12A6D4F73FE
SOASNQV12A8AE48819,SORERTC12A8AE454B3,SODIELZ12A8C137317
SORENXV12A6701F61F,SOVUPWB12A6701F623,SOKXFGQ12A8C140447
SOTZHWY12A8C137D62,SOKHAND12AB0180FF9,SOPHRNV12A8C1350F3
SOKDVHF12AB01839F6,SOJAOXR12AC4685CFF,SOSYKKS12A8C1388DF
SOWYKLM12A58A78D7A,SOJPMQE12AAF3B4313,SOISRKV12AB0180200
SOGLFAO12AB017E80D,SOXPGXR12AB017E82B,SOVLOKH12A58A7A623
SOKZYUA12A8AE46A25,SOJIMED12AB01865FF,SOLCHFD12A58A7F36E
SOJRXAU12A8C13ADD6,SOEHWJY12A8C13ADEE,SOKCWXQ12AB01852BE
SOJWFXM12A3F1EBE8B,SOYLBBM12A58A7BF59,SOJAYRG12AB0185241
SORTBUX12AB018BF10,SONDZTH12A5891F9C5,SOEBZBI12A6D4F8A6C
SOUMNEF12A8C1349E0,SOLSZPP12A8C135D45,SOCSPDZ12A6D4F6C1D
SOAKODH12AB0184C84,SOLZXDL12AB0184C66,SOCYHKK12AB0185A4C
SOVDOCB12AB0181A57,SOWQYFO12AC4688F6A,SOYLKBI12AB018FCA7
SOHWZOW12AB017EE95,SOQYKND12AAF3B305E,SOQGZBE12A8C139160
SOSMGPE12AB0180797,SOWTZXK12A58A7BA5C,SOYWXKY12A6D4FB1A4
SOJTACC12A58A7EC7C,SOLAYFA12A6D4FD30A,SOYJTYX12A8C13C5A2
SOAQAIY12A8C141598,SOVAYIJ12A8C140D24,SOVJVGX12A8C142929
SOJEJLL12A67ADA4F4,SOVKKUJ12AB018CFC1,SOTZIOR12AB0187FD8
SOSVTNI12AB01817DC,SOSRHVO12AB0183A1B,SOSXQSR12A8C13ED67
SOTEVAS12A8C139841,SOOXIPY12A6701CDD9,SOTJTVI12A8C141A0B
SOLDXGK12A8C144494,SOBOACQ12A8C144476,SOUUDKV12A8C139786
SOWMQTJ12AB0184323,SOHCYND12AF72A3CD9,SOVTSDN12AC4688B6A
SOHOMZN12AC4689ADE,SOHXMCG12A6D4FB670,SOIPLIU12A8C13C4CD
SOMVDNT12A58A796AC,SOOJYHN12A58A773CD,SOBOIMB12A6D4F7ABA
SOVAYIJ12A8C140D24,SOAQAIY12A8C141598,SOQHYNT12A8C13B77A
SOEGUJY12AAA8C867E,SOPUJTF12AB01871C2,SOWNJJD12A6D4F9E34
SOKVKXH12A8C13AD7D,SOACGMN12A8C13AD65,SOPVMQT12A679C8040
SOQERUH12A8AE47EB2,SOQSKSN12A8AE483D2,SOFUMCA12AB018740F
SOOZELG12A58290FF3,SOZIVXM12AB01846E1,SOANXQX12A6D4FCB23
SORSADG12A6701D97F,SOAIFTL12AF72AC0B7,SOMJBMS12A8C1366A5
SOXTCXD12AB0183E39,SOIWRGF12A8C1384C5,SOIJDPI12AB017BB98
SOTXXZR12A6701FA28,SOBWIFK12A8C13697B,SOOYHOR12A8C13602C
SOWARJB12A8C1410C6,SOAIFNO12AB0184E2D,SOHHVZZ12A6D4F9848
SOPMOPR12A6D4FBC72,SORWPOH12A6D4FBC6C,SOBIRRX12AAF3B5605
SOXXYXY12AB01851E5,SOMLRBT12AB0186071,SOJHJKZ12AB0182AA2
SOLWXXB12A6D4FA86D,SOYKOLU12A6D4FA862,SOPDWWM12A8C137CC0
SONALQE12A8AE46DE0,SOOQERZ12A6D4FCF65,SOYNSUU12AB01838B2
SOMYLPU12AB018663E,SOCHCQP12AB01829B3,SOSEKWC12A8C142038
SOVAXFU12A8C135F1E,SOEFOUS12A8C135F18,SONISOI12AB0185F53
SOJOQVU12AB018E143,SOITLET12AB0182074,SOEQSHR12A6D4FA374
SOFVXXK12A8C135404,SOWYALW12A8C136BE6,SONMQRR12AB018A9A2
SOQBLCB12AB018D6A5,SOVAGXR12AB018D6B1,SOAYCAR12A8C143485
SOICQIF12A58A7E1BF,SOIRNVI12A58A7C069,SODOKPG12A8C13B97F
SOQRWBU12AB017CF0C,SOYLNIP12AB017EDAE,SOZFKKI12AB018602A
SOJAYVR12A8C13EAC9,SOCAIVD12A8C1404A6,SOMTGJC12A58A7A7EF
SOTVWTN12A8C1385CA,SORDYPF12A8C1385BC,SOCJSXU12A8C145A03
SOAYORJ12AB018A26D,SOPBZTQ12AB0183040,SOGDSKU12AB0185A94
SOWMBCJ12AB01803D9,SOBYKBW12A8C140D3D,SORXCNY12A6D2280FD
SOPWMUC12A8C139FB7,SOUCEDX12A8C139FC1,SOPMAQH12A6D4F7F36
SOSHIEL12A6701FD7C,SOMDHJL12A8C13E8B8,SOZYLBH12AB018818F
SOIXGWN12A8C140554,SOZPLMO12AF729F2B5,SOYIUDX12AB0185A33
SOFKTPP12A8C1385CA,SOKXZEJ12AC3DF5E1E,SOTRAIA12A8AE47465
SONQIGD12AB0186EB5,SONXDON12AB0187EFD,SOELJKL12A8C13C57C
SOWXRKK12AB018C845,SOGNTYX12AB0186039,SOBFZDQ12AB0188B04
SOOMCSJ12A58A80019,SOKUMBC12A8C132319,SOUUGFJ12A6D4FA6EE
SOAAQAB12A8AE4769F,SOGORRZ12AB0183975,SOPAKUZ12A8C13F02B
SOWOUUY12A6D4F7F4E,SOCECWI12A6D4FBF42,SOANKWC12A8C134592
SODTUMJ12AB0184B69,SOUMUUK12AB018AEF6,SOLFRJJ12A8C1407E7
SOBWYHG12AAFF41B79,SOPGEKI12AC4687382,SOELMSN12AB0180441
SORXEQN12AB0184EEE,SOQHTSH12AB01849EE,SORCKXS12AB017F1A0
SOXVBBS12A58A7E482,SOOIZML12AB0186743,SOQVKQN12A8C13B95A
SOGLHFL12A8C13C346,SOTNWYD12A8C13AED0,SOVNJTS12A8C137FFC
SOMXKDX12AB018D1F5,SODPLAR12AB0188886,SOLUVUK12A8C135F2E
SODRYJZ12A58A79845,SOEFLPE12A8C1336CC,SOYEYDG12A8C1426F1
SOAZDBQ12A8C14065D,SOFMHKA12AB0189DB8,SOLQVEY12AB017E259
SOQCDMB12A8C132DEF,SOPHSLD12A8C1348A2,SOJBARN12AB017F60B
SORNIIC12A8C13DA44,SOWNSPL12A8C139E7C,SOPCIDB12AB0182868
SOWENBN12AB0181350,SODIUPQ12AB0182C26,SORZYXM12A6D4F7F55
SOSLPDT12A8C14273C,SORCFLH12A8C142747,SOFBBIH12A8C1416C4
SOPEJWE12A8C138996,SOABNPC12A8C13A9CC,SOAKZHG12A8AE47669
SOWDQHL12A6D4FAE8F,SONNQPW12A6D4FAB57,SOUHYVY12AB0184F4D
SOYPTVK12A81C20CF0,SOIOPZN12A81C22E4E,SOJWNAM12A6D4F94E1
SOSDQRQ12A8C12FF58,SOIJDOP12A8C131FC9,SOFXEUS12A8AE4752A
SOXCVHC12AAFF429D7,SOQIGAT12AB017AD52,SOEUFDQ12AB017E8F0
SOFKULG12AB0184C31,SOGJZUN12AB0184BF1,SOVEKOC12AB0187262
SOVVMZB12A8151BDF3,SOSBVKG12A8C1409B8,SOXEJWJ12A6D4F875C
SODTDTD12A6D4F7D7B,SOMQKIK12AB01824F5,SODXZSN12A8C1404BE
SOQQPGV12AB01885DE,SONQPMZ12A58A7A6A0,SOVBGMA12A58A7A8A8
SOWMUWV12A8C132F2B,SOYWNKL12A58A7A694,SOJDINM12A58A7D2A0
SOAFNNL12AC4686159,SOSMTBE12AC960A58D,SODUDFT12AB0187990
SOSTYQT12A8C13B689,SOXAVAD12AF72A44F9,SOCOVTK12A58A7B2C2
SONNKJA12A58A7A8D7,SOWZOXF12AB017CF70,SOHDFNS12AB017DB29
SOTHSEY12AB018B999,SOERBTO12AB0188912,SOWEYEQ12A58A81D23
SOHILRE12AB018BE8C,SOPTLQR12AB018F7CD,SOGIDIB12AB017CE98
SOCIAJF12AB0187593,SODPULM12AB018BB9A,SOIGKLX12AB0187A48
SONBZKG12AB0187337,SOWQKZC12A8C13F2A5,SOCWUXY12A58A7F1E8
SORXEUH12A8C14463B,SOBAEPH12AF729D8A4,SOAWZVL12AB0184806
SOKCQWQ12AB0189111,SONCJLY12AB0187193,SOEYNMS12A6D4F7BC8
SOSAADQ12A8C137712,SODMJPQ12AB017F3B1,SOCSNVI12A8C13ECC2
SOSTPVL12AC4688AC6,SOOGYQG12AC468755E,SOTKOTC12AB0183635
SOGLHAD12A8C133BD9,SOCYOLW12A8C133BF7,SOEGWFT12A6D4F89FD
SOZYGDI12AB018074F,SOUOIXW12A8C13D57F,SORPACP12AB017DFDB
SOBFPKI12AB0188385,SOPVIKU12A8C144C3C,SODBMSF12A8C135DFD
SOYYBGA12A8AE45996,SOPRXWX12AB0182573,SOKAQZI12A8C138426
SOLCJXL12AC3DF6033,SOBQWEU12AC3DF98A5,SOQNLXQ12A8C13D134
SOWFAXO12A8C13E40B,SOEYHOI12A6BD53860,SODMTBH12A6D4FA819
SOJGFNQ12A8C13B2AC,SOBJDLY12A8C13B2A6,SOAHQVY12AC4686D64
SOSIVVB12A58A7B639,SODXQTJ12AB0183CC7,SONWXHW12A6D4FB6DD
SOTKPQM12AB0186920,SOGHBAR12A8C13E813,SOMMCHB12A8C13C495
SOGMDFG12A6D4F28B0,SOEJSCP12A6D4F28D2,SOPZLVI12A8C1360BD
SOYWYZM12AB0184AD6,SOHPAFY12A8C1331C9,SOYHTMJ12A58A7AB7E
SOVVWRB12A8C1328F9,SOFAJQC12AB017CE73,SOYBNTA12A8C13AD9E
SOERSBE12AB0184E66,SOFGLYK12AB017F953,SOFDAUV12D02190046
SOIMICQ12A58A76383,SONKMON12AB017F750,SOTWURY12A6D4F9B7F
SOVTDCU12A6D4F9275,SOYOXUC12A58A782DA,SOCFXMH12A6D4FD1B8
SONJFHA12A58A7B054,SOZKXSZ12A8C14084E,SOIHELV12AB018684B
SOGYZFR12A8AE4907F,SOVTPSP12A58A7F26B,SOXSNVX12AF72A50F2
SOSKLLO12A8C13DC6F,SOWLFZY12A8C13DC91,SOVBFNG12AB018EB92
SOJUKMG12AB0181E86,SOLLNYP12A67ADA0C2,SOJXWIQ12A8C13D842
SOVFULC12AF72A54B7,SONJPRU12AF72A5963,SOPGUKP12A6D4FCE37
SOSZWHR12A8C1427C3,SOMJKEH12A8C1455FB,SOQISYW12A8C138BAB
SOSJWRY12A8C1416DB,SOIJXXM12A8C1416D6,SOQBJHP12A6D4F7ED9
SOKNUVL12AC9070DBD,SOZMIUP12AC9070DBA,SODOEGL12A8C13C797
SOYYJPA12A8C13C550,SOEHNVV12A8C14076D,SOYMGFH12A67AE0F80
SOPQUHV12A8C143FB2,SOFLGMJ12AB01885F6,SODMOIM12AB0183BAA
SORYKNV12A8C140702,SOAPOYC12A6D4FBB27,SOZGUEI12A8C139953
SOQRVCT12A8C134F65,SOLOTOE12A6D4F818F,SOSONLY12AB017B9FF
SOUGZUC12A8C1397F0,SONNNMK12AF729F082,SOWTSNK12A8AE46133
SOCVGQS12A8C13D7DF,SOQPENF12A8C13D7D8,SOBZXPL12A8C1326A2
SOPHRNV12A8C1350F3,SOWEIDC12A8C13325B,SOFKSXM12A8C141F48
SOAAZTG12A8C13B0C0,SOIIOMT12A8C13D898,SOVHVWI12A8C13F8B4
SOGDCJK12AB0187136,SOHTRAS12AB0181872,SOWNOYV12AC9097580
SOGKWNZ12A8C13DC78,SOKFPUV12A8AE475D4,SOCVPVR12AB018DF44
SOZHRAO12A8C139AE4,SOMUXKI12A8C13810F,SOOVSJA12A58A76FF9
SOOHEDC12AB0185E18,SOFBXUA12AB018639A,SOKGHNS12AB0185DB0
SOGOCYI12A8C139464,SOCFXGF12A8C1382C3,SORVAQT12A8C142ED1
SOYMGFH12A67AE0F80,SOMLGJF12A67AE0F86,SOLKPOD12AAF3B30B2
SOEOMXK12A8C144314,SOBZLTI12A8C141ADF,SODOGGH12A6D4F7916
SOLZIEU12AB0181724,SOSGSBM12AB018172E,SOJFNQY12A8C13CC49
SONIJUW12A8C141C74,SOAFJHO12A8C143F4F,SOSDNTQ12AB018A319
SODKOZF12A58A79156,SOJYAZF12AAF3B490A,SODSYVD12AB01861E8
SOTOZXY12AB017F5A3,SOCKKOT12AB017F5B1,SOEPOHV12A6D4F9309
SOVKNKQ12A6D4F9F1D,SOREJDL12A6D4F9886,SOCLRVK12A58A7AF15
SORXQRK12AB018F04F,SOOMVRF12AB0187DBD,SOCQWTN12AC4689D55
SOUGQCG12A6D4F6D9A,SONQMPE12AB01846AC,SOSUZTB12AC90970B1
SOHYPRK12A6D4FC1FC,SOZZJPS12AF72A8AD9,SOBZGTU12AC3DFB6E8
SOMJKRF12AAFB57B54,SODPRTV12AB017EBCB,SOUREKF12AB0182B48
SONALQE12A8AE46DE0,SOOQERZ12A6D4FCF65,SOQETNJ12A8C137960
SOGVLAQ12A8C13D24C,SOVJAAX12A8C13C0AC,SOLCHWS12AB017ED95
SOJBXJE12A67ADAE19,SONHIBS12A6D4F7178,SOMTFPO12A8AE483BE
SOXPXYT12AB01808A2,SOPJLYE12A8AE47A32,SOFSQUX12A58A7E2C9
SOQBYGA12A8C140C5D,SOOTHVI12A8AE478E9,SOBMFZK12AB017B922
SOQJPYH12A8C135C45,SOAZPLR12A8C135C7C,SOFGGIJ12AC3DF9F64
SOATGIV12A67ADB4E9,SOMEZEU12A67AD86E8,SOOAEDQ12A8C1421F8
SOXAXWG12A81C20D97,SOMDTTT12A8C13F1CB,SOIEKHM12A81C21E97
SOEUKSL12A8C133DED,SOILOYZ12A8C13539D,SOKTDVT12AB017B65A
SORNHUW12A6D4F9006,SOJCFUI12A6D4FC28C,SORTQBK12A67ADF33C
SOYWXKY12A6D4FB1A4,SOQGQEU12A8C139BDB,SOMYNOD12AB0184172
SOYMUKA12A8C13C923,SOQMIXU12A8C13C915,SOSSUDX12A6701F3B3
SOPAJAH12AB0188B34,SOPEICR12AB0188B50,SONERIC12A8C132623
SOGVRHK12A8AE47FFB,SOOYXSC12A8AE47FDF,SODODQD12AB017F595
SOGWONU12A6D4F858F,SOFDALS12AB0182B4C,SOUCKGA12A8C13E1E5
SOWYXJC12A8C13B81E,SOTBODD12A8C13D628,SOPANSP12A8C13A5D3
SOWNDMV12AC9072EE7,SOFFIQX12AC960DA6E,SOBVGTG12AB01826A3
SORQHAS12A8C13EAF6,SOSYQST12AB017DB64,SOTRKNE12A8C136EBA
SOCEDYQ12A670208EB,SOUALIC12A6D4F839E,SOWRUWU12D021931EF
SOSHELZ12AC468D5AA,SOYDJRA12A8C138584,SOLTLBJ12AB0183838
SOFFVZH12AB0181E66,SOJBIDC12A58A78ED5,SORQBYE12A8C13C89C
SOZBZNG12A8C13F750,SOKSRFB12A8C142280,SOPPEXO12AC3DF9E7A
SOCUYXK12A6D4F48C2,SONLZAW12D021B2FEB,SOAUOGN12AB018B929
SOBKYVY12AB017D2D1,SOKGWVB12AB01816C6,SOZMQND12A58A7DBE1
SOHQNQT12AAF3B2661,SOCKTVN12A8C139177,SOJYQRD12AB018064D
SOEHICM12AB0182AD3,SOJIHMI12AB0183B31,SOYKEID12A6D4FA436
SOMVACB12A6D4FB05A,SOQEGSS12A6D4FB05D,SOAWUPQ12A58A7D1C6
SOTSDZS12A6D4F65D9,SOVQKHW12AB01804CD,SOQBNMS12A8C137493
SORVZYG12CF5F88152,SODYSTM12A58A7B33A,SOMLVWN12AB0189B7D
SOBUIRH12A58A762A3,SOUFRXL12AB018532E,SODPFCC12A8AE4890E
SOTXHWZ12A8C13265A,SOLDKTL12AC3DF99EC,SOZMERB12A8C1409B4
SOUGEMU12AF72A373E,SOBXNPZ12AF7299CD5,SOHXBEL12A8C1355E3
SOWIHGX12AB017D6EA,SOLXPTW12AB017D6EB,SOINIWW12A8C141DA9
SOOJFKG12A8C1334E6,SOXNERI12A6701E92E,SOXBUGH12D021902D3
SOKKSMS12A6D4FA5C7,SOQVNPY12A6D4F9F35,SOWZAYD12A6D4FCD05
SOXYSNL12AB018FED0,SOYEUUY12AB018FE98,SOOWYYM12A8AE48D93
SONPRDK12A58A7AFE4,SOZBQMB12AB0182CCD,SOOVNCR12AB0184494
SOGPIRE12A8C131A25,SOJZJVQ12A81C2320B,SOXTZLA12AB018996A
SOJHZZC12A6D4F8D7A,SOYQHNF12A8C13FB9E,SOTWMRA12A6D4F6075
SOSQNJC12A8C13FFA9,SOHQOTH12AB0186824,SOCBXPB12AB018B97F
SOLOHPV12A8C1460C6,SOSIZQF12AB017D74A,SOMPUMW12A8C13D654
SONQGUL12A81C22C4E,SOTGFET12A81C22C5D,SOFMBNM12A8C13621A
SOPRPKO12A58A7D934,SOXXGFN12A8C1379A1,SOSGUXT12A8C143B39
SOBLPMI12A6701F8B6,SOIQKYN12A6701F8BC,SOZAGYE12A6D4F70D4
SORNBOP12AB0188F9A,SOTJPUO12CF5F879E8,SOICEOR12AB0184DA5
SOWVMCP12A8AE479DE,SODKWQO12A8C142C61,SOUQXEP12A8C13EF77
SOZSBFE12A8C13FEFE,SOYKIYV12AB0182FCB,SOUGZLN12AB0186CE6
SOWFLUS12A58A7A62C,SOOPLYX12A8C141FC8,SOTBWEY12AB0185773
SOTPJHE12A8C14143D,SOQFDBB12A8C1392D5,SOPTKBP12A8C134965
SOFENRE12A6D4FAF52,SOSJHLR12A8C1384CB,SOBXEJI12A58A79725
SOJUNHV12AB017D490,SOFMAWZ12AB017D4A5,SOYQHNF12A8C13FB9E
SOYUATG12AB0187986,SODMDKI12AB018796E,SORORSS12AB017EC81
SOJFOMN12A8C135B75,SOBBGMF12AB018758C,SOTRGNR12A58A7EEC8
SOTNBMI12AB0187691,SOICUIN12A8C143741,SOFVWOQ12AB018B727
SOJEJMV12A8A9D56E5,SOVKMPN12A8C144101,SOUBVIH12A8C137C89
SOUKNKJ12AB0183B28,SOOMTWK12AB0182E18,SOBBQLG12AB018D501
SOSAVCU12AB018373B,SOGDYRW12AB017E67C,SOVCQBA12A8C144D14
SOTFCLG12AAA8C8768,SOMLELM12AC468AA8F,SOPQZOX12AB01849EA
SOKOHLQ12AF729B221,SOMUJGD12A8C13EC6B,SOXYHIV12A8C13C0D9
SOCGNUC12A6D4F8105,SORHOFA12A6D4FB2BC,SOLSYJA12AB018810D
SONOMGW12AB01812E1,SOTGMEN12AB018784F,SOSRIVF12AB017DF0E
SOGIKTD12A6D4F88F5,SOPYBBW12A6D4F8901,SOPOJVI12A58A7E706
SORLIHS12A8C13E474,SONWXHW12A6D4FB6DD,SOMOGEB12AB01839FE
SOPRJEY12A8C13CD8C,SOWFSEL12A8C13CD87,SOZOLQY12AB017AAE8
SOKAHJS12AB017C94A,SOJWUQX12AB018003F,SOPXRNS12AB0186314
SOHZURZ12A8C13C311,SOQLHSM12A8C13A3E1,SOTWJNY12AB018B214
SOZJPBS12A8C132EAD,SOBSSWQ12A58A7BCA9,SOQHUQW12AB0189F4A
SOIRHHH12AB01807F0,SOBMHDZ12A58A79364,SOLDPPH12A6D4F7F89
SOIXTCG12AB01882FB,SOVYTYO12AB0188303,SOPANSP12A8C13A5D3
SOHDXPG12AAA8C5AE7,SOBFWMT12AAA8C5AC5,SOFZKVI12A8C138D5F
SOKWJJA12AAF3B3FAB,SOHWIPS12AAF3B3FBD,SOWBRZR12A58A7B5D2
SOQQVWN12A58A7D4CB,SOBTERK12A8C1365F5,SOZXYCW12AB0183D58
SOQZWZD12AB0185D92,SOAQHYM12AB0183D0F,SOLDPYY12AAF3B4633
SOOVIBO12A6D4F72E5,SOTFMSV12A8C142C13,SOKDZVJ12AB0187907
SORUFQL12D0219AB32,SOEURCH12AB0182980,SONFSDH12AB017F3AF
SOVLLLU12AB0185D84,SOZZEXN12AB0184E54,SONLKMS12AB018056E
SOTMYBJ12A58A7A667,SOYVTPT12A8C13FBD4,SOIRIPM12AB018D810
SOQCMOT12A8C137E5B,SOVKDVW12A8C137E78,SOHRFDQ12AB0183614
SOOYRCO12A8C1352B8,SOUCBDM12A8AE484DE,SOAMCCG12AB01880ED
SOPVGYL12AB017B8AF,SOFKOUI12A58A7F55C,SOKIFWV12A8C145AB7
SOKQWLL12AB01861F7,SOMJOYB12AB0185BC5,SOZMYRG12AC468AEF4
SOBPTSD12AB018898A,SOWRRIF12AB01874D0,SOQFDBB12A8C1392D5
SOKUWVR12A8C13C512,SOSPZDP12A6D4F87D9,SOFWXQO12A8C130A8F
SOHJBRH12A6D4F9331,SOIBTPM12A6D4F936A,SOAWSUR12A8C139785
SOFBHSZ12AB0187432,SOSSHRV12AB0180096,SOSKNIY12A6D4F7AC2
SOJXIFR12AC4687FB9,SOKAUSS12AC468981A,SOAXHRH12A8C13C5FB
SOEVGMZ12A8C1421B5,SOGTRVF12A8C1363B5,SOZOIUH12A8C1357D8
SOTJLSU12A6D4FB4E6,SODJKZK12A6D4FB4E8,SOKUJQB12AB0186694
SOHVLAI12A8C1389B8,SOIQIPQ12A8C134E1A,SOGYCSP12A8C1426C3
SOKNNPO12AB0185EF2,SOWEWUV12AB0185F07,SOEVMQS12A6D4F9A77
SOOHAEF12A8C1442B8,SODPYPW12A8C1442C0,SOXCRNB12A8C1336AD
SOZPCZK12AB0187D09,SOTMZDV12A8C1317CE,SOKPOMF12AB01855A6
SOIXLWI12A58A77E4B,SOHIEEP12A6D4F6B5C,SOZINTC12AC9E1394E
SOBMURI12A8C1426CB,SOMYOVE12A8C1341DE,SOJKPOZ12A6D4FB995
SOJROJY12AAA8C4F65,SODJIVU12AB018B699,SOCBGCP12A8C13BFF0
SOGACUB12A8C1402D0,SOBOGAJ12A8C140D79,SOBXHGG12AB0183361
SOHAUCS12AB017F6EC,SOCKPSQ12A8C133DC0,SOXIOLU12A6D4FB16F
SOFDCID12A8C13FC58,SORNVIG12A8C13FC07,SOCECWI12A6D4FBF42
SOGBUZX12AB0188569,SODBXDN12AB018194E,SOGXNAP12AB0184983
SOAEBMM12A8AE47FD0,SOCDHVN12AB0184CC2,SOVAGPJ12AB017E892
SOTJPUO12CF5F879E8,SORNBOP12AB0188F9A,SOTHIBC12AB017FCC2
SOHXTUT12A6D223BFC,SOUIUEB12A6D4F9708,SOAIFNO12AB0184E2D
SOOVWFY12A8C13F896,SOHHSDQ12A6D4F6368,SOGCCYM12A8AE4705B
SOMCMJY12A8C133DEB,SOOLSQZ12A8C133DF2,SOCUYVU12AB0180D50
SOVZMMG12A6D4FDAF9,SOYRIQP12AB0182CC1,SORXNQU12AC9097DA5
SONQIGD12AB0186EB5,SONXDON12AB0187EFD,SOQCESZ12A6D4F7D65
SOAQINO12AB0185F69,SOBJIKU12A8C13ECD6,SOLPCHB12A8C14251E
SOYYJTZ12D02199352,SOPASZA12D021B39EA,SOOJCHC12A6D4F81E1
SOODSRB12AB0182D3F,SORMEHL12AB0189EEC,SOVXPHJ12A6D4F72BB
SOOPRAI12A8C138B89,SOPFVNA12AB0186B9A,SOBQVWI12A8C13E04B
SOPAUOJ12AB0188DFB,SOPOIQJ12A6701C8CF,SOLNCDE12AC468EC62
SOKGHWU12A6D4FB9F8,SOUYFXA12A6D4F8482,SOAATDY12A8C135EFC
SOYPKZJ12AB018713D,SOVBTUC12AB0183F4A,SONVWVN12AB0184D18
SOENWLG12A58A7C6B7,SOXSCLK12A8C1355DF,SOSEQWD12A81C21F43
SOKTFBG12AB01805FB,SOMYIUG12B34F1EB72,SOEMBES12AB0183BD9
SOOPRIU12A8C14485F,SOUPVWI12AB0180F7F,SORTQBK12A67ADF33C
SOFXQOB12A8AE47BE3,SOFFIAA12AB018AA94,SOIWICQ12AB0186DC5
SOLQPGC12AF72AA14B,SOOPAUM12A8C13111E,SOIUBUZ12AB017C4C9
SONINMS12AB01862F1,SOSPOEC12AB01820D7,SOCCJDL12A8C13E0E8
SOMKIVC12A58A7AB34,SODGZLK12A6D4F9791,SOHXBEL12A8C1355E3
SOPFOLH12AB018AD11,SOMFQOD12A8C14033D,SOMNEHU12A6D4F7FBA
SOXGTXC12AAF3B4B55,SOVPHNO12A6D4F7EF2,SOIPVOD12AB01852C1
SOZPTVU12A6D4F8B4D,SOWKINI12A8C135E39,SOPUOSN12A6310D928
SOFHQCR12A8C138A74,SORXMMR12A6D4FBCF7,SOXBLPW12A8C141BCE
SOMOINR12AB0189188,SOHESPW12AB0184D99,SOBREXX12D0219A91C
SOXCMDH12AB017DF4A,SOJWIUI12AB01847CC,SOCPKHP12AB017E118
SOFRXJD12A8C135C83,SOGPHYQ12AAF3B4B09,SORKQQQ12AB018B2B3
SOVBLCW12AB018837F,SOHSFKB12AB0188379,SOEIRNK12A58A7BE1C
SOCKKUE12AB018631B,SOCSLXQ12AB018635E,SOAYCAR12A8C143485
SOFCMUP12A8C133222,SOQQFFE12A8AE49E3A,SOGZJIV12AB01823BA
SOGTINJ12AC468DCF7,SOQKIOE12AB017C818,SOXFZRY12AC3DFA799
SOEIILZ12AB018A2BD,SOXPEMR12A6D4F7E71,SOBTFKD12A67ADE97E
SOOPXFG12A6D4FB80C,SOSEGEL12AB0184DA5,SOEYGCE12A8C131BEB
SOIELFC12AB017E366,SOTDKGV12AB017E39A,SORCVJY12A8C13CB1B
SOZOQZC12AB017F669,SOSUZQG12A8C13809B,SOLGWJT12A8C14181B
SODLDHP12A8C13C5BE,SOLJDNT12A8C13B245,SOXVIMJ12AB0183D2C
SOXRMGR12A6D4FA5EC,SONGKFO12AB0183713,SOIDUUW12A8C13DF25
SOWRGRZ12A8C1367A3,SOTNILK12AB0187CDE,SOXNZKZ12AB01859E7
SOTRIAM12A8C13E18B,SOTHMYL12A8C13BF09,SOTARBL12A8C1362A6
SOBZIBE12A58A7FF40,SOJRUHL12A813557F6,SOEHFRI12A58A7EA25
SOMRISS12A6D4FE3D0,SOANXQX12A6D4FCB23,SOLSPDG12AB0184239
SOQHDHM12A8C145F54,SOHIVYM12AB017B82E,SOVZVYC12AB0186E17
SOZYDBD12AF72A30E7,SOBDENU12CF5465247,SONLCCI12A8C140225
SOTYVKT12A6D4F7F4B,SORQJEA12A6D4F7F40,SOOKWBL12AC46887C8
SOOUYKE12A6D4F670A,SOOBQCO12AB017ED29,SOQMPNG12A8C137109
SOGCTKK12AB0180659,SOHJKZE12AB0189BB9,SOQCYGT12A6D4F7FB1
SOWMLFD12AB017B2B7,SOXFXCA12AB01837AA,SOHDWYM12A8151AF55
SOYQTYH12AC960A1BD,SOYZKER12AC960A1B0,SORZLLK12AB017C789
SOBBKSL12AB01852FE,SOOCMUD12AC4686532,SOEUHCA12A8C136246
SOJAWWR12A6D4F90D5,SOMHUOT12AC468C48D,SOSIBHP12A8AE44CBF
SOTNWCI12AAF3B2028,SOENWMZ12D021B511E,SOPLNEQ12AB0183578
SOUCSZX12A6D4F7C05,SOQWEJK12A6D4F7C0F,SOMEUSH12D021B3E10
SOIDUUW12A8C13DF25,SOCPSBZ12A6D4F43ED,SOLTZIT12A58A7B9BC
SOGKODD12A6D4FB0E5,SOVJSWO12A8C13426D,SOFGBXW12AB018429E
SOQHRSB12A6D4FBAFD,SOCQIOO12A6D4F8B0D,SOIHNJX12AB017E944
SOCTPTD12A58A76CBC,SOYGJVI12AC4685489,SOAOMGF12A8C135C25
SOLZHQE12A8C132995,SOSNTNE12A8C1329A9,SORHLOY12A58A7AEFF
SOOZCMB12A8C1402B6,SOYSUPX12A8C1402C8,SOHCOAM12A8C13845A
SOAEBMM12A8AE47FD0,SOCDHVN12AB0184CC2,SOLKOLV12AC3DF5241
SOMNGVL12AAF3B3D1A,SOAUIEW12A6D4FBBBB,SOMZSPZ12A8C13C835
SOYCJTN12AB0188D65,SOXSFEO12AB0188D4A,SOFFZGU12A8C13B9C5
SOSMWDQ12A6701E981,SOLWTDG12A6701E978,SOLLWXM12A8C1332FA
SOPYBAO12A8C13E7A9,SOKSTIW12AF72A27AD,SOKRKWA12A8AE46058
SOCHSZG12A6D4F7CD7,SOGMROZ12A679D8AE9,SODICWU12AB01872DC
SOWBBBM12A8C136E35,SOHIJDI12A8C13D09F,SOFWWLR12A6D228195
SOONNNB12A58A79F31,SOPCJZJ12A6D4F5982,SOKYCHK12A58A77DDF
SONVVZT12AC4688880,SOEHYCA12AC4688886,SOJKUFZ12AB01855DF
SOSNSJI12AB018C09B,SOEFMIT12AB018DCB4,SOCQJBX12AF72AA6F2
SOCVTUH12AC90978F1,SODWQBY12A8C13CAF3,SOTZIGF12A8C13EF69
SOWXACM12AB0186331,SOTGSAI12AB0186328,SOPMXVP12AB0186DD3
SOHKLCA12A8C1414AB,SOCZUUF12A58A7BE8C,SOAERZM12A8C13CA55
SOWRPTG12AAF3B1C29,SODIWEO12AB018479E,SOVPRWP12AB018B128
SOTGDSC12A8C1365F0,SOBTGBJ12A8C1393AB,SOKCLTG12A8C138F44
SOCUXIM12AB0182341,SOANHXJ12AB0180FE9,SOJLQRN12A8C146B4C
SOBUMLO12A6D4F694A,SOAGOSJ12A67ADAF32,SOLCQRA12A6D4F7867
SOCKIXP12A58A7C894,SOSLXKE12AB018900C,SOIPJHI12A6D4F58C4
SOSBMRS12AB018BA2F,SOURKAP12AB0182FC6,SODJMTQ12A8C13A032
SOHYZIU12A58A79771,SOGPDDF12A8C134333,SOGBAXN12AB018A3D5
SOJFBVW12AB018008C,SORYTCC12AB018411D,SOYCTBG12A8C144341
SOCIMNG12AB017E1C1,SOYFEFV12AB017E1BD,SOGLMPG12AB0184AEE
SOCVYPP12AC3DF5ADE,SOFPQRF12AC3DF4822,SONPQXH12AAF3B487B
SOQAARV12A8C1386BD,SOAVIDV12A8C13A6E1,SOYKEWA12A6D4F97FF
SOBACRW12A6D4FC6EF,SOIPVFF12A6D4F9F9F,SOJWPQV12A8C133701
SONARPL12CF5465254,SOODGXG12A58A792C7,SOFLLNJ12A6D4FA78A
SOZQSXN12AB018671C,SOBTTKH12AB01866EA,SOFXTQX12A8C14533E
SOYZYOG12AB018325E,SOBKIQK12AB0184647,SOJDIAU12AB018236E
SOHAKSV12A8C141ED8,SOJRBHP12A8C142E04,SODESUC12AB018632C
SOWNCPD12AB0185F83,SOZTRCD12AB0185F85,SOMYRRN12A3F1EA18C
SOIYSBK12AB018552D,SOGQTBE12AB0185513,SOGUOTK12A6D4FB0EA
SOHIGBM12A6D4F6A3B,SOLLGHI12AB017ED36,SOKHQVN12AB0180281
SOMKNDC12A8C13AB14,SOGHNKW12A8AE46758,SOHKRYG12A6D4F75E1
SOSXAMA12A8C133298,SOHWUWA12A8C1325AE,SONZPWR12A6701C0AC
SODADWD12A8AE47BB9,SOBGXZJ12A8C13A602,SOXPYJU12A8C13CD4B
SOSELMV12A6D4FCF5A,SOVKRNJ12CF5F876BB,SOGPFJI12A8C1408FE
SOQPRRE12AB01870B0,SOSXYJQ12A6D4FB699,SODQFRW12A8C1378FA
SOADUHA12AB01846BE,SOQTHEE12A6D4FBD68,SODAAWB12AB0181414
SOHSNJS12AB01831C4,SOLLWDS12A670203C9,SOXNNYO12A8C1391DB
SOZMVGJ12A8AE4565D,SOPLZYS12A8AE48DE6,SOFRNJX12AB01840DE
SOWBQQA12AB017F866,SOSNIGB12A6D4FA531,SONGCRV12AC468AE46
SOYYKIS12AB018BC58,SOWZBLL12AB018B75D,SOSGQQS12A8C137AF5
SOIXHUA12AC468A2DB,SOICONJ12AB0188BF0,SOYVGCI12AB018A0F9
SOSBMJE12A8C13B36A,SOKHOBW12A8C1364F2,SORNGBD12CF54651CC
SODNMZG12AB018AE3D,SOUDEDR12AB018AE35,SOJHZIK12A6D4FA191
SOWFGJE12AB0186F93,SOEKRGE12AB018600A,SOLCSRR12AB017E36E
SOIOUTN12A8C138EEA,SOGCRPB12A8C139E41,SOAIPWV12A8AE4563D
SOORFHT12A6D4F7C2D,SOFWCRI12A6D4F7C26,SOPHRNV12A8C1350F3
SOBMSII12A58A7610E,SOQUHXX12AC468C703,SOFLOJJ12AB018C701
SOELFPE12A8C146E44,SOEWNDK12AC468B619,SOIMTFZ12A8C139961
SOXBSTQ12AB018A916,SORFQCM12AC3DF9530,SOKLWLE12A6D4F81BB
SOYLSXY12AB0183660,SOMMWDL12A8C132660,SOVZEES12AB018BB41
SOKZCIU12A8C13EC0D,SOPXKFG12A58A78D97,SOHHOAU12A58A7CFC5
SODACJN12AB018A5BC,SOGSJCI12AB0183F82,SOVYJHS12A8C13F4B2
SOPSUYT12A6D4F93F0,SOQNORV12AC468BDE1,SOLASJA12AB01896B8
SOHCGGR12A58A78585,SOSGJTX12AB0181F7C,SOEUTLN12AC468AF1B
SODZIPO12A8C1407B9,SOVBMWZ12A8C141C02,SOSKASG12AB018B2AF
SOMGZPP12AB01867CE,SOTTIGN12AB0188ADD,SOHWXJW12A8C144BE0
SOOWCUX12AB0184E24,SOPOEHC12A8C13BAE6,SOQVZYD12CF5CFC570
SOERGVA12A6D4FEC55,SOOMIBN12A6D4FEC7D,SOBLHGD12AB018BF8F
SOLPCHB12A8C14251E,SOGXXVR12A8C1364F4,SOBYWCK12A58A7C5C0
SOFYXVK12A8C145137,SONHUBY12A8C145EA4,SOFATVC12A8C13D114
SOMKTYK12AB017D65A,SOLRJKY12AB017D675,SOCHDUO12A67ADCDED
SOHKWBB12AB01874A3,SOZXECM12A58A782E2,SOTGDRF12AB017F06C
SOBEQZT12AB0183028,SOAGWUM12AB0181FA4,SOZJVII12AB01862A9
SOEIMYN12AB018514A,SOEXSUW12A8C143796,SOBHCDK12A8C13864B
SOZFRRF12AB0186145,SOGNEMY12AB018A13E,SOLGICR12A6D4F6006
SOGINAY12A8C138666,SOCIFIF12A8C1378E5,SOUAHCN12A8C13A571
SOWAWVD12AB018802D,SOANSYG12AB0187C57,SOXURHP12AB01840EF
SOTYCDS12AB017CDB2,SOYGQBM12A58A7B5C9,SOWKWAO12AB017E444
SOTPCBD12A58A7F2F3,SOPWJPS12A58A7D9AF,SOYRACV12A8C13C4D8
SORFUOS12AB018475E,SOWJDGD12AB0188B24,SOKYRZU12AB0185E35
SONECLX12AB0186E68,SOUOHTX12AAF3B1C43,SOADUPG12AF72A1403
SOCDPNU12AC4689C24,SOVMPFJ12A81C20829,SOHBKQD12AAFF43386
SOWVLMQ12AB018360C,SOWTCNG12AB0187386,SOEHOJX12AB018394D
SOVOSRQ12A8C13C7E7,SOIAQOV12A58A7D35E,SOHPPLF12AB017E764
SOGUWPF12A3F1ECE4C,SOIKUWD12A8C13B989,SOWDVUS12AB01813E7
SOHFJRL12AB0185571,SOAFKTW12AB018A7A2,SOGSXQA12AB018A8EF
SOQAADU12A8C13398A,SOWFJYY12A8C132B76,SORPKUK12AF729A844
SOOGNJP12A8C1381AD,SOIIRHU12AF72A4D7C,SOAVTVE12AB0181670
SOPBOJT12AB0188259,SOZBLVQ12A8C13B626,SOYMPQR12A8C144158
SOWNICQ12A8C132752,SOPVXLX12A8C1402D5,SOXKYZB12AC46886AA
SOTIHTH12A6701E117,SOZKJLI12AB018270F,SOQENMV12A8C13C32F
SOLAIBE12A6D22281B,SOQUYZZ12A8C13EF45,SOLLSLQ12AB0183B47
SOVSKKV12AB018AB65,SOSVWIE12A8C143BD4,SOBFXLE12AB0183D1A
SOXPEMR12A6D4F7E71,SOEIILZ12AB018A2BD,SOSOKMO12AB01803E9
SOQNHWM12AB018464A,SOKBLZW12AB01866FF,SOBZCEZ12A8C1346A9
SOGPDJO12AB0188FC1,SOWMDMD12A6701C5F8,SOSCMEX12AB0182580
SOZEDYL12A6D4F6A73,SOHKOMM12A6D4F7114,SOBVUBT12AB018BFAA
SOWJVLL12AB0184563,SORDJHM12AB01847D1,SOPFBQZ12A8C13B030
SOPHKMV12A6D4F92BC,SOEROGE12A6D4FACDD,SOSUTVG12AB0183C5C
SOHCRES12AC3DF6BD1,SOMNVJA12A8C144EDB,SOULQUM12AB0188B44
SOASGEV12A8C13860C,SOPAGIP12AB0186CBB,SODIWOG12A58A7D1F2
SOQURWH12AB017D5A9,SOLHPWF12A6701C362,SOTDWZK12A8C1350A8
SOBDARW12AB018BB05,SOQZWXR12AB017FDE3,SOIYMXV12AB018B600
SOUDUDA12A58A7B8E0,SOESSMR12A8AE48CDC,SOYCKTV12A8C134D19
SODFTEM12AF72A8D40,SORAJXA12A58A7A4C9,SOERFES12AB018DF2A
SOXOYFD12AAF3B37B0,SOBIOWZ12AB0183735,SOSIYMZ12A8C135B93
SOEHTIF12A8C139C5A,SOFTDLF12A8C139046,SOCIFXP12A8C13FE67
SOTYYSI12A8C140B97,SOFOBAS12A8C142188,SOCGVUO12A8C137A90
SOMPQQE12AB0182BD9,SOKNGDE12AB017CA4D,SOEKXOW12AB0185588
SOOWEAK12A6D4F8A8B,SOJVCAZ12A67AD87BA,SOFRDJX12A8C130B2F
SOCMVJL12AB0181221,SOFMTWO12AB0183C58,SOCOCQB12A8AE48077
SOEEESC12AB01835B1,SOBWVGX12AB017BD87,SOKDPJJ12A8C13DE2B
SOBDPND12A6D4F9FE1,SOLWQQJ12A8C13A2BD,SOVYZIA12A8C136E0D
SOOZELG12A58290FF3,SOZIVXM12AB01846E1,SOVCOGQ12A58A7D0DE
SOETVTB12AB0181927,SORTFGW12A8C13DF9E,SOOMMMH12A58A7C433
SOZEPIY12A81C222C5,SOQHAAJ12A8C137221,SOQUAPH12A6D4F8F65
SOBYRVP12A8C141920,SOHAWBH12A8AE45071,SOMDTUH12AC4687D93
SOESXNS12A8C13561C,SOODQJX12A8C134910,SOXZKLR12A6D4F946E
SOEIDQL12AB0188ED3,SOMCGBQ12AB0183035,SOAWZVL12AB0184806
SONLCFV12A6D4F8AC3,SODQNJB12A6D4F66A0,SOHERKR12AB018B158
SOUKZGN12D021B24B1,SOXUXPB12D02192440,SOCZBGK12AB0187C35
SOCFVUP12A8C13D304,SOZXMIP12A8C13CE1E,SOVXYYO12A8C13B254
SOWCCIF12AB0182CF8,SOBJTPN12AB017EF12,SOLEAQW12AB017FAEB
SOBMUKT12AB0184AE7,SOUFDQA12A58A7C89A,SOSMGPE12AB0180797
SOQHAXR12A8C142BC7,SOXNKFT12A8C13316A,SOSDWNM12A8C140DCC
SOHWVDQ12A6701F7F9,SOZTRYZ12A8C13D285,SOOMAQZ12A58A775C2
SOFRPUB12A8C1355D6,SOFPGXP12A58A78AAB,SONDRVA12AB0189257
SOHRUYI12A8C134C4D,SORVNPU12A8C134C36,SOGTZDE12AB017E44A
SOYWXLA12AB0187205,SOYZIYS12A6D4F5ED5,SORXZTW12AB0183775
SOPMZIK12AB017DEFE,SOKDDJT12AB017C4B7,SOJYOMF12AB0183110
SONMIVJ12A58A76E0B,SOZOXLI12AB018733C,SOMEZEU12A67AD86E8
SOPKXPC12A8C133904,SOZMYRG12AC468AEF4,SOZZFAG129F0694855
SOMTPZP12A8C141CD6,SOIXGAR12A8C1453A9,SOXBIQX12A6D4F8D50
SOJXCFT12AAF3B46A9,SOWVFVF12AAF3B4683,SOUVQPQ12AB017C4F7
SOTMASY12AB018585F,SOOVDBJ12A8C13A769,SOSQEWR12A67020989
SOZDIDB12AC468E1C8,SOTVVTC12AC468E1AF,SOYJVUU12A58A7764C
SOGEQKA12A6D4FA27C,SOHWVJJ12AB0185F6D,SOLBRQU12A8C14052C
SOIKVVS12AB0184063,SOOIUAA12AB01870D5,SOCHZEX12A81C20AC5
SOOUOOJ12AB0184ADA,SOOLLNC12AB018901F,SOKUBEF12A6D4FA3B8
SOOSAHZ12AB0189695,SOVORLQ12AB01855C1,SOWLNSM12A6D4F975E
SOUWMVE12AB017EED8,SOKTLVW12A58A7C529,SOKDGPP12A67ADE61B
SONQAVF12A6D4F5FE3,SOLDQOV12A6D4F5BBB,SONNDIP12A8C143368
SOPLWCS12AB018430E,SOOWNTL12AB0184305,SOJXMCM12AC96186D7
SOHNMMS12AF729DD79,SOXYRLR12AF72A97FF,SOTENDL12A8C134BD1
SORXFMB12A8C13BCB6,SOTGHJC12A8C145F28,SOUBHSV12AB0184793
SOMFHQX12AB0189DB9,SOUPCIB12AAF3B33CF,SOQKOPI12A6D4F98A3
SOZXYDR12AB018B032,SOLYXYT12AB018B03C,SOPPHVP12A6D4FB874
SOGVSEN12AB017E1BD,SOZPLPY12A8AE49AC3,SODLULM12A8C13D366
SOHCVFZ12AC9072B54,SOUZMDN12AC9072B10,SOHYLEY12A8C13F20D
SOSJINU12AB017D149,SOUFGIW12A8C13DEA9,SOBMMPP12A8C139004
SOAPGDK12A6D4FAF5E,SOQSSIH12A6D4F4445,SOTIGFM12AB018A3E7
SOMEZKQ12A58A7C559,SOCGVUO12A8C137A90,SOIGJXR12A8C13E403
SOFZCKK12A67ADC9E1,SOTKSNO12A8C14072F,SOEHSIP12A8C13B8A4
SOHIMLS12A8C139B6D,SOBIQPM12A8C1385A2,SOCYGBK12A8C13F998
SOTLNJH12A6D4FB675,SOIVPSA12AB0185F48,SOKZSYA12A6D4F664D
SOHSJUR12AB018CB40,SOTOFWC12AB0188C1C,SOOHFTV12A8C13D3E8
SOCLPDT12A8C12FCE9,SONHGZW12AB0184160,SOIQKYN12A6701F8BC
SOXTTDO12A8C140F07,SOAPHSU12A8C140EDD,SOKFSYM12AC468DAE4
SOITOFS12A81C21D00,SOWEZSI12A81C21CE6,SOYMGJV12A8C139386
SOMXKDX12AB018D1F5,SODPLAR12AB0188886,SOGEGOV12AB018D838
SOGAAOR12A67ADC8B9,SOTNRCH12A67ADC8BD,SOXEJWJ12A6D4F875C
SOSOQET12AB0181A68,SOIPEKK12AB01805B4,SOQPKYD12AB017F843
SOVHUBB12AB01817FB,SOAYRJM12AB01867AE,SOTZRNR12AB01851A5
SOADUPG12AF72A1403,SOSCOHQ12A8C13873B,SOSWZZV12A81C22DF1
SOMBFYF12A58A7E5B1,SOIKLVB12AB018DDB4,SOPVTMB12AB0189152
SOBYAVV12AB018592F,SOSOMFB12AB017ED02,SOFGYWC12AB018FBD3
SOMLDOS12AB0181FBD,SOOUFTE12AB0183D19,SOEIYJP12A8C143639
SOLACYY12A8C13859F,SOHROAA12A6D4F7E59,SOWIIVC12AC3DFA276
SOWBBGU12A6D4F8F1D,SOAAXEV12A6D4FA21C,SOLTFYL12A8C142DE5
SOHTJHU12A8C138935,SOCVSSU12A8C13951B,SOIIILE12A8C1340F4
SOYUOOY12AB0189C19,SOATMDI12AB0187800,SOKXXDP12A6D4F92DD
SONVVSO12AB0184A94,SODMBGR12AB018268A,SOCTDQP12AB018C367
SOARHGL12A8C13AF37,SOKYHRY12AB0181D58,SODSOKX12A58A7D2FA
SOZCBIS12AB0188B17,SOXOHZP12AC46860F2,SOJUEXR12A8C13BD39
SOQESNH12A8AE4834A,SOJDJCV12A8C1383C9,SOTPQIM12A6D4F91BC
SOHBJLC12AC468932E,SOZAFAA12AC960A5EB,SOSQREX12AB0184C30
SOYTCAX12AB0181685,SOQHTJT12AB01882C8,SOEYYEI12AC468968A
SOMMQWT12A58A80B50,SOFPNRJ12A8C1420E0,SOFSBBZ12A8C13436C
SOJHURA12AB0189956,SOKREZD12AB018484E,SOCQITN12AB01832A9
SOPKBRQ12A8C135D4E,SOLKZSZ12AAF3B4C42,SOOHLUK12A6D4FBB1D
SOJGRYF12A8C137A2C,SOFGLYK12AB017F953,SOKVYUG12AB0183A63
SOGAJFC12A8C136C0C,SOOYQOZ12A8C13A9DB,SOCZGHB12AB0182C79
SOGNZXB12AB0184DD4,SODWWWS12AB018314F,SOQXOUX12A6D4F9920
SOAZAKR12AB01887BA,SOJJUMF12AB0188783,SOWBHUE12AB0180BDF
SOMUUNK12AB0183AEE,SOTJWBE12AB017BBDE,SOOPNJS12AB0181570
SOCATNA12AB0186656,SOCQTVX12A81C1FA3F,SOCKSJY12A8C138115
SOGAALR12AC3DFA33B,SOQAKTF12AB018A9F8,SOHBQUM12A8C13DAFB
SOMCINC12A6D4F7151,SOPLSJK12A6D4FA8C3,SOQJLFV12AB01897C7
SOLLNRI12AB0187563,SOPASFP12AB01850F3,SOAJHLR12A8C13CC11
SORDVVU12A8C140149,SOJFJYA12A8C1431DB,SOBAZVC12AB017BDD6
SOZPFFF12A6D4F6F7D,SOOBJFQ12A8C134901,SOPVJSR12A8C13AFA1
SOSGPGG12A8C136117,SOGWFVI12A8C135FF9,SODPJCN12A8C1400F6
SOZIVZV12A8C132D7E,SOPGAEW12A58A7AAF0,SOGIWBT12A58A812F1
SONIGWG12A58A79881,SOHEHAD12AB0185349,SOVIVYJ12AC4689740
SOJWOUU12A8C135298,SOUCBDM12A8AE484DE,SOPQXKA12AB01861CA
SOSFGSY12AB0188254,SOYZNIS12A8C131725,SOACTNP12AB0188713
SOTNLTR12AB01813CA,SOXZYLC12AB0185E8A,SOCLUWB12AC468A14E
SOAMUID12A8C140A44,SOASQHW12A8C137B6D,SOABYBF12A8C138A09
SOIHVVZ12A8C138E9D,SOLULNS12A8C13008E,SOHDOVS12A6D4FA699
SOHJFVK12A8AE46EE6,SOBLYRF12AB01802AA,SOKHFPP12A6D4F5BDE
SODBYFM12A8C13F6BA,SOUDHTP12AB0183403,SOOXXUQ12A8C143246
SOKKVLV12AC9E169ED,SOINAYV12AB018C4A8,SOPPCXM12A6D4F66BC
SOVWWUP12AB017FDB1,SOQZTQP12AB0180D25,SOFDUNX12AB018480E
SOTCWZU12AB0181FB4,SOZOLQY12AB017AAE8,SOHXJFH12A6D4FA972
SOCPVQM12AB0184ABB,SOBFXXF12AB0182007,SOZFHFF12A6701E914
SOEAPFM12A6D4F790F,SOOOOZO12A8C139F93,SOWUXRZ12A8AE486FF
SOIIHLC12AB018BB3B,SOFPPPB12AB018BB18,SOLAIBE12A6D22281B
SOMYTZI12AB0185326,SOQNFQI12AB018882C,SOGQTRZ12A8C13C8B0
SOTYMMB12A8C1418B3,SONLJKQ12A8C1427CC,SOXGOLY12AB017C44F
SOTFMSV12A8C142C13,SOOVIBO12A6D4F72E5,SOCFSPS12AB018F904
SOFLRZW12A6D4F9E75,SOIMAVA12A8C13D619,SOKQPNP12AB018DCF8
SOVKXBT12AB0182F41,SOBPIDN12AB0182F32,SOMKGTB12AB0180E4A
SOMICIN12A6D4F82C8,SONZEIR12A6D4F82D2,SOTNRCH12A67ADC8BD
SOOWJYW12AB01800A0,SOPHGQQ12AB01800CD,SOASBRT12AB018252E
SOMDFFA12AB018844A,SONVJMO12AB018D1DC,SOTKGKQ12A8C13B263
SODASBS12AB01821C6,SOSZXPX12AB0185797,SOADUMH12A6D4F5FD7
SOWZCKU12A6D4F8498,SOHSBUJ12A58A7DAE9,SOIRFWA12AB018470B
SOSBZSY12A8C135908,SONGAKV12A8C14592F,SOPLBLQ12A6D4F7F2A
SOPNBCG12A8151D420,SOTNQVV12A6D4FE367,SOAYVDI12A8C13D816
SOJTNXY12A8C138462,SOYNTVB12AF72A4811,SOQAJLA12AB018251A
SOENOCP12A6D4F8C46,SOZOTHE12AB017C38A,SOONPTU12AB0180F49
SOYHZWP12A58A7C176,SOMKDSL12A8A9D5A19,SOFVSQI12AF72AA9AB
SOHLSYP12A6D4F7179,SOAGDEZ12A6D4F76FE,SOOKVPC12AB018A856
SOLWNAR12A67020BF5,SOEETVW12A6D4F93B8,SODAVPB12AB0182E1C
SOHJNOZ12AB018B9F3,SOFETST12AB018759C,SORWNMY12AB018B087
SOAATSX12A58A76BBC,SONWPCY12AC961867B,SONZVQG12A58A7B80A
SORBAMM12A8C13E29F,SOAUQIU12A8C14233F,SOMUJGD12A8C13EC6B
SOFPDCU12A6D4FD0DC,SOWASHW12A6D4F9C58,SOMKHES12A8C137EFC
SOBRXJJ12A58A7CA6E,SOHJHKC12A6D4F7B88,SOKISZH12AAA8C5A8A
SOQYKBE12AC46867EE,SOWRNJC12AB0184DA1,SOYXFNV12AB0182DEA
SOOSNCS12A6D4F696C,SOKEKKI12AB017FDA4,SONJLEA12A8C1349F9
SOCDJVS12A6D4FA246,SOBEAOZ12A6D4FB17B,SOMUJGD12A8C13EC6B
SOTMALT12AB0189D0C,SORMCQL12A8C141C85,SODFDMG12AB01860FF
SOAIYJY12AC4689687,SOFYAKR12AB01886BA,SOQUZWO12A58A7DC41
SOZMTPW12A58A7E4CF,SONYQYI12A58A7D3A1,SOLZKMN12A81C1FEBF
SOUATHD12A8C133C77,SOQTGOL12A58A768C3,SOSVWIE12A8C143BD4
SOVZQRM12A8C13E9BC,SOJGGVX12A8C13A652,SONSLJP12A8C136FF9
SOCEAHC12AB0186B7A,SOSAMRR12AB018203B,SORQHOS12AB0188E16
SORJLCJ12AB0188E9E,SOOCHQI12AB0184171,SOLWTTZ12A8AE482DE
SOTUIKC12A8C13ECAE,SOTBEOS12A8AE48F88,SOPSIND12AB017E4DC
SOAAKZC12AF729A14A,SOMSHMQ12AF72A04A5,SONZJGK12A6D4FBA14
SOIGNHB12A8C13CAA0,SORCWKC12AB017FFE2,SOCFFCL12A6BD4F925
SOYCLVO12AB017B630,SOZAKQZ12AB017CAD0,SOQBLYE12AB01804E9
SOMLDOS12AB0181FBD,SOOUFTE12AB0183D19,SONMQSJ12AB01868D9
SOGBRHN12A6D222755,SOUYECN12A8C1368A3,SOAMMGN12AB0185FF9
SOTXALD12A8C136EB1,SOQGTRC12AF729E1AF,SOGVMMR12AB0183EAC
SOFOGWZ12A8C13EEAE,SOJVQOA12AB0181C4E,SOPHJJD12AB0181497
SOMZTKY12A8C136C1E,SOUXHSH12A8C141F9B,SOSEWUU12A582916E4
SOFMZFX12AB018437A,SOUAFIJ12A58A7CC67,SOIAZUN12A58A81065
SOWYWXS12AC468889C,SOTSJZT12AC4686F5F,SOKDFGP12A8C13CEF9
SONGNHP12A8C1386CB,SOWUTFN12AB0183328,SOPCHIM12AB018B2A1
SOBKHMJ12A6D4F7053,SOBVPIG12A6701DB09,SOEXATS12A6D4F9A45
SOCBAMZ12A81C204E4,SOCFZBN12A8C13CD1F,SOANFLP12A8AE484A3
SOOGSKM12AB018B11D,SOQTITX12AB018C103,SOLRVTS12A8C139D5B
SODNUFM12A6D4FB4FD,SORODUS12A6D4F736F,SOETCUF12AB0182C10
SOAWVQU12AB0183C99,SOTYCUG12AB0188C44,SOTNKAF12A8C1358C0
SOAMSHM12A58A79142,SOWGQTM12A8C13A69F,SOYSPCB12A8C141C86
SOVUPGX12A6D4FA7CF,SOBYTGQ12A8C138EA2,SOOXFEI12A8C13FE28
SOBDRHW12AB01881C3,SOFKISA12A58A80E72,SOOICPO12AB018321A
SOEOTEN12AB018A53D,SOLONBT12AB0183F5E,SOHETMB12AAA8C7714
SOBZZEQ12AB018802D,SOEYPFL12AB0184FA0,SOGFGGL12A8AE47040
SOOUQMH12A58A7C633,SOXKUPF12A8C13FA8B,SOASPIG12A6D4F7422
SOVFKPX12A8C1352B8,SOYDAJS12AB0181AED,SOATHUP12A8C131DC3
SOANPOL12AB0187E64,SOASMIK12AB01844F1,SOHGVDJ12A6701EA34
SOCTKZS12A58A7C5E6,SOMZWCG12A8C13C480,SOVEVXY12A58A7E47C
SORFFQX12A8C1424F7,SOGGKTC12A8C141DA7,SOREPDA12A8C13FFE9
SOVYMDM12AC3DF63B9,SOYVKGW12AB01819A1,SOFHCZN12A8C13D39F
SOLZGRF12AB018824F,SOYJCVS12AB01869B2,SOZPCMH12AB0183223
SOBHPCZ12A58A79131,SOOWMDD12AB0185246,SOUJMZW12AB018FE74
SOSONOC12A6701DF7F,SOBJVNC12A58A7B0C3,SOJFPJJ12AB017F456
SOZAMKW12A8C13586F,SOMCNIJ12A81C234AC,SOFBLXK12AB0189FCF
SOEWJHU12A8C141BCD,SOFZKTQ12A8C144357,SOHAXOA12AC9DCAFE4
SOFWHXA12AB0188D23,SODQMKI12A6D4F9E85,SOWDFME12AB018547F
SOODRWC12A8AE4893E,SOLFKKP12AB0186E5D,SOJHMRG12AB0185462
SOFANWG12A58A77985,SOPNWTD12AC468E91D,SOTEOXP12A8C132C44
SOYQDUJ12A8C13F773,SOAKULP12A6D4F75BD,SOPQTJV12A8C13FB7C
SOHELLI12AB017C6D1,SOXVSSI12AB017BAF4,SORAJXX12A6D4F825F
SOKMITN12AB017DB64,SOXDXDS12AB017D9DA,SOUZUIO12A8C13BF84
SOROFCS12A8C1410C2,SOEHSII12A8C144F69,SOHYKNY12A8C1437B3
SOCIUNU12AB018C069,SOXTOGK12A58A78B1D,SONFFMA12AB01891CB
SOYFFUA12AB01847CC,SOJJNND12A6D4F475D,SOZVAMW12A6701FEA9
SOVTEMS12A8C141E20,SOBHYLB12A8C1424C4,SOTQDCZ12AB0181A10
SOFQHNI12AB018345A,SOAUXQN12AB018D2F6,SOCTYYN12AB0182DB9
SOHWQJS12AC90971E0,SOJQHIL12AB018AF45,SOGLEAE12AB018C4E8
SOGJXZY12AB01896FB,SOEMNWE12AC468C3DA,SOZKRGJ12A8C132D68
SOGIJBN12A6D223B51,SOJARVZ12AB018DAB5,SOABFBA12A6D4F9675
SOPRGBU12A8C1373E5,SOZOHLV12A6D4FB9CF,SOYTSKQ12A8C1373B4
SOAEMWT12A8C1320A7,SOIOETD12A8C13209F,SOFUSWM12AB0189B35
SOFKPLS12A6D4F5577,SOAABTG12A6D4F5574,SOHTXVD12A8C1339F9
SOEWQSK12B0B80A207,SOIPZIY12AB018B46D,SORGKRM12AB0185DCF
SOFGOGB12A8C13D18E,SOKMSZA12A8C13EB7D,SOJGKVU12A6D4F8E81
SOGAWCF12AB0189C0A,SOHKTTX12A58A7D811,SOBENVK12A8C140262
SOAYFOA12AB0188CA3,SOKFKKC12AB018AE07,SOSQCVI12A8C138447
SOUAYIE12A8C131A41,SOLDVLS12A8C132A9E,SOUFPAB12A8C1382E0
SOHAEBL12A8C1417BF,SOUCRLD12AF72A98C5,SOYUOOY12AB0189C19
SOFHFVD12A6701E2B9,SOXFCKL12A6701E037,SOUWTCD12A8C1376BD
SONQAYT12AB0181D1E,SOOMECA12A8C132878,SOGYYVP12A8C14495E
SOHQQRM12AB01893A4,SOKRHDB12AB0189FEF,SOBQCSC12A8C136A31
SOOKCSC12AB018E313,SOXXZAB12A8C136CDE,SOSNCNL12AB01813ED
SOGCGAW12A8C13BF27,SOXAATM12A58A7ABA8,SOTYZTQ12AB017F829
SOSHALY12AB0183EB7,SOLNPSQ12A58A78BAA,SOKKHGP12A8C13768C
SOYQUWC12AB0180037,SOWBUSK12A6D4FB7AB,SOUAYIE12A8C131A41
SOBPDZF12A8AE46DC7,SOOTUVC12A8AE46DC9,SOYNUGW12A8C13E77F
SONCBJG12A8C13A3CB,SOWXFSU12A8C137ADE,SOJVQOA12AB0181C4E
SOJVXLT12AB0186DF5,SOAJVTG12AAF3B5FD2,SOHZTQC12A67AD852E
SOBCRBS12A6D4FBC7A,SOJOIZR12A8C13E554,SOLENTG12AB018ADA3
SOVNPEU12A8C13A635,SORAQWN12A8C13CEFD,SOQMKMH12A58A78E02
SOJIRPT12AB01877A6,SOOREAS12A58A7C580,SOKCVBR12A6D4FCFA1
SOUSRFO12AB0183605,SOQNBGQ12AB018362A,SOPXSEX12A670204A0
SORWVHN12A8C1459EA,SOQXTRG12A6D4F898E,SORNVIM12AB0186FFF
SOLLVLS12A6D4F5269,SOMIZEB12A5891D6B8,SOMYRRN12A3F1EA18C
SOKWJJA12AAF3B3FAB,SOHWIPS12AAF3B3FBD,SOYJFZG12AB0182B13
SOPIKDK12A6D4FBFF4,SOWYROJ12AB0189671,SORSERX12A6310F1E9
SOXSAJN12A67ADD65F,SOQKBJP12A67ADCE14,SOWYMWC12AB0188D95
SONQDDJ12A8C13AA67,SOTFCRN12A58A7CB8A,SOPHOAE12A8C1397CB
SOXDWHH12A6D4FD4E5,SOETGAE12A6D4FA907,SOFPHTG12A8C136AAB
SOSHZAM12A6D4FAD23,SOFDSDX12A6D4FAD2C,SOJSZDB12A8C13EAD6
SOQLWQT12A3F1ED117,SOADFSR12AB018C17E,SOZAATU12A8C1350EF
SOITCJJ12AB018383F,SOTKRUW12AB017F41C,SODJDMZ12A8C13D32A
SOVFFJL12AB017FAB6,SOXHKJR12A6D4F7D15,SONWYRE12AB0181366
SODQVOE12A6D4F9AF4,SOEUZIC12AB01826FE,SOTXORC12A58A80CFB
SORJQWE12A6D4F7D72,SONQKDN12A58A7AE4B,SOPFUID12AB018A8F9
SOPHMFX12AB0189433,SOLEKHN12AB017D69C,SOBPOVR12A67ADC149
SOTGKIM12A6D4FAAE7,SOUVWLQ12A8AE47F8E,SOWPTXM12AF729D122
SOIMULA12AB0181A62,SOIEBHY12AB0181AB3,SODANFU12A8C135396
SOHNLOW12AB01867F8,SOAHRPF12AC468D610,SOIFRXB12A6D4FC092
SOJFQRT12AC9E15006,SOQEUPY12A6D4F948B,SOZABYO12A8C143546
SOZAFAA12AC960A5EB,SOHBJLC12AC468932E,SODRNQF12AB0182322
SOXVSSI12AB017BAF4,SOHELLI12AB017C6D1,SOGTZTM12AB018AB8A
SOWTBKH12AB0180098,SOVDFAM12AB017C2A1,SOGAYWK12AB018419B
SOBQSBL12A8C1390F2,SOHGAJZ12A8C136BEB,SOSGUXT12A8C143B39
SOHJGXV12AB0186A3F,SOXXGUW12AB018CDCA,SOZZEXN12AB0184E54
SOMSNAK12AB018140C,SOAFPOS12AB018A47B,SOQHXMF12AB0182363
SOQECHB12AB0187211,SOOLWYA12AB0188754,SONQKDG12A8C130D96
SOHGKZC12AB0184599,SOAJJOW12AB0183275,SOPOQFU12A6D4F8C5F
SOPVQEW12A8C13D4FD,SOLTLKU12A8AE46A4E,SONIRSC12A8C139766
SOPQTJV12A8C13FB7C,SOWGIBK12A8C13EDA3,SOYLCKM12A8C1346FF
SOUJSAF12A58A7C5DC,SOGIVSM12A8AE46741,SORMXPW12A8C136D72
SOFQHNI12AB018345A,SOOTFBM12A6D4FCD69,SOTWIMM12A8C13917F
SOYHMMT12AB018B40F,SOQKCRV12AB018B431,SOIGGXC12AF72AB150
SOYADVI12D021944C3,SOXIDGX12A6D4F7BB9,SOMAWWG12AB0180697
SOHOGUR12A6D4F58E0,SOJTREE12CF530D519,SOWCGXV12A58A78F47
SOJCEII12AB017F936,SOZZMGD12AB0189AC3,SOUZVTD12A81C1F823
SOORSEW12A8C1375CB,SOEDOYM12AB0189A92,SOFKCJA12AB017BF0D
SORDISL12A8C13E130,SODERVF12A8C141493,SOPKXPC12A8C133904
SOLRMYW12AB0188DBC,SOISNFU12AB017FF50,SOLVSGJ12AB017C67B
SOIHETP12A8C13FBC3,SOMIBMR12AB0186952,SOVQIJC12A8C141CF6
SOWSRIF12A6D4F748A,SOWKUAI12AF72A1FC1,SOKRNQN12AC468F923
SOQFSIQ12A8AE4645D,SOETZNT12A8AE46467,SOZEZAN12A58A7A7C8
SOCAHVE12AC3DFA206,SOOIXVH12AC3DF9B00,SOJLKWF12AB01821E5
SOSQEWR12A67020989,SOTSSAU12A67020980,SOHXKAN12AC46872F1
SOJMOHG12A8C141AA7,SOWMHYX12AB0188761,SOGXTXZ12AB018324C
SOULLSJ12AB017F266,SOSEZSF12A8C13F4A5,SOBSDWG12AB0183714
SOLJGRO12A8C13DCC9,SOJMHFU12A8C13A3CD,SOLILBD12A6D4FA3E4
SOFLOJJ12AB018C701,SOYBBLF12AB018AE0A,SOFXMYQ12A8C13752C
SOKHLSU12A58A7EDF0,SOEFFEN12A8C1414E0,SOPNCYN12AB018603B
SOQWNGK12AB01897E2,SODTFNP12A8C1383EE,SOMOLZL12AB017ABD2
SORYXZH12AB0183263,SOCWZRR12AC3DF564D,SODJHAQ12AB0189D11
SOHVTCS12A6D4FBFCF,SOJKPOZ12A6D4FB995,SOZANDJ12A8C138EAD
SOTGXUO12A8C1434D8,SOSLAOP12A6D4FCAE2,SOIYUEY12AB0184151
SOAGUPR12AB017FA5C,SOJYEVS12AB01893EB,SOYOLMW12AC468A000
SOJMXWG12A6D4F66EA,SOGYSUR12A8C1377A7,SOGRIWH12A8C1318AD
SOFZZQS12AB0186DC8,SOVMQFC12A8C13BF7F,SOQUBPW12A8C139E38
SOUGJKM12A8C13F3CB,SOYTCBE12A58A7EBF3,SOHGOGL12AB017E863
SOWOKPL12AB018914E,SORHPSH12AB0189177,SOAWJHA12AB0187B40
SOQCIKZ12A8C13CAE1,SOGGDFZ12A8C13CE8C,SOCMICN12A58A7D6E9
SOQDLHV12D021B3EE0,SOYFSUO12A8C143328,SOMOHEI12AB018785F
SOCKDUX12A8C144EFE,SOIZHAT12A58A7A0FB,SOYIFLO12AB01877B3
SOFZYLK12A6D4FBB36,SOIVGAJ12A6D4FC0BC,SOLRNFF12AB018FD21
SOKEKOM12AB0188623,SODPBAK12A8C136BE8,SOJDBKY12AB0183B8A
SOLFKYA12A8C13B082,SOOFHNG12A6D4FAB3A,SOAOYFX12AB018686C
SOYXJLO12A8C14459D,SOKOFGD12A8C1445F8,SOWOKPL12AB018914E
SOERFAG12AB01844C1,SOTUZXP12AB01838A9,SOCQMEX12A6701C415
SOGXENE12AB01854EB,SOYGQGQ12AB0180EAC,SOZJOPF12AB018FD3B
SOTIBTT12A6D4F3F53,SOTTGBS12A8C13DF92,SOYVCJU12A67AD8617
SOVECFS12A8C133CEA,SOIYGQN12A8C13232B,SOTLPLH12A8C132E36
SOBMYJF12A8C141AD2,SOBCLQQ12A67020342,SOIXNEL12A8C13E37A
SOVPOYW12AB01864C0,SOKRLDS12AC468CFF6,SOVHRCW12AB01867F7
SOEHCMO12AC4689A22,SOKZGPT12AB018081C,SONDHEO12A58A7E738
SOEVJSM12AAA8C93B9,SOARAOQ12A58A7BB51,SOIEDFU12AB017DE83
SOTNINO12A8C13E170,SOSYWAY12A8C13A425,SOIJSLB12A58A7AC1B
SOTISUY12A8C13C001,SOPIOCD12AB0180EDD,SOSSNGR12A8C137FB9
SOPSWEN12A8C13931D,SOVJAAX12A8C13C0AC,SONSEVZ12A6D4FAB2E
SOBSFSP12A58A7B5EE,SOABWQN12D0219A5A4,SOAPIHX12AB0184CB1
SOUOOFC12AAF3B3225,SOIMLLD12A6701FCF0,SONSIYV12A6701C9BB
SOLOMCG12A58A7C463,SOPJSWD12A8C13ACCA,SONMKSZ12AB01830D0
SOEZWYI12AC4686705,SOVKAUG12AC468672A,SODPFCC12A8AE4890E
SOEFRRE12A8C145A7F,SOBBKLC12A8C140E96,SOMHYDY12A8C136731
SOAMDQZ12A58A7C8CB,SOACTNP12AB0188713,SOZEGUZ12AC90713F4
SOSYLKX12A8C13D324,SOFYMJJ12AF729E671,SOZFCZN12AB017E894
SOWRMRV12A8C13E406,SOKFHLV12AB0187A2F,SOKXBSO12AF72A8B23
SOHACYI12AB0186821,SOIONEB12AB0189972,SOKAUSS12AC468981A
SOOXOPR12D02193D64,SOSIVJK12D021B4772,SOOGOAQ12A8AE48C0F
SOWKQWU12A6D4F8937,SODKUAW12A6D4F6600,SOLQZDA12A8C13CE5F
SOUROLR12AB0188DE8,SOAXRSC12A8C140D49,SOZQHAZ12A8C136E0F
SORVZYG12CF5F88152,SOQWJKS12AB018EF6F,SOINAVT12AC468D6DE
SOFMQDK12AF729D3C8,SOOFFET12AB0181D0D,SOQODKH12AB01829B4
SOQSNYP12A8AE47348,SOIVRCS12A6D4FDA2C,SOICRZD12A8C1321FA
SOHTMFO12AB01853CD,SOFWKVO12AB0181539,SOWSMTP12A8C13FD10
SONKJMW12A8C13DE28,SOMBKHR12AC9E16EAA,SOVKUOE12A58A8066E
SOMMIQS12A8AE46BA0,SOJZQSD12A8C13C990,SOFWSII12A8151E001
SOUKOVX12AB017E03C,SOSTTDU12A8C13E27E,SOVKSAD12A8C142C13
SOGNUKN12A8C1398B7,SOMICVG12A8C1398D4,SOHOOXT12A67ADA073
SOMVNZP12AB018A547,SOLNFOE12A8C142C53,SOOEXTY12A6D4F9384
SOTSRTH12A6D4FB6CA,SOKCMPZ12A6310E886,SOYZQDG12A8C13C4F3
SOMVDNT12A58A796AC,SOOJYHN12A58A773CD,SOGEGOV12AB018D838
SOVYKGO12AB0187199,SOCSZYG12AB01871C2,SOLRKWF12AB0180116
SOKAGET12AB0186BDB,SOVXWDD12A6D4FD2F7,SOLAJKF12A8C13E8EB
SOODYZM12A67ADD63C,SOHPOIM12AB0179D57,SOKYSHY12A8C13EA99
SOIXHHP12AB01862D9,SOTCCYR12AB018399E,SOOXRTW12A6D4FDCB3
SOKKVWG12A6D4F898D,SORZIMZ12A6D4F898B,SOSHCDJ12A8C13B94C
SOZFUSK12AB01827F9,SOXVMRU12AB018A7DA,SOHFJCZ12CF533CFBB
SOBURFF12A8C14222D,SOZPLSR12A6D4F7763,SOPFEVW12AB01821DC
SOFUZPW12A8C13DEEB,SOAGASM12A8C13DEBF,SOHEWEL12AB01866B7
SOLATHR12AF72A1968,SODZYQF12A8AE47C6A,SOPOISC12AB018C718
SOQTWZO12A58A7E2D0,SOMDPWA12A8C13ED09,SOJWOKD12AB018442F
SOCPFRO12AB018726F,SOOIEEM12A8C1396E7,SOWEDIT12A8C13E533
SOBEKYN12C0DCFEE01,SOQANWN12B5F51778C,SOCBLHR12A8C138218
SOLCDDD12A8C142DB3,SOKYUAK12A8C142DF9,SOMQDUC12AB017D23D
SOVTCMR12A8C142249,SOVWKQF12A6D4F6FB2,SOGJJMI12A8C133442
SOPTIBT12A6D4FC10B,SOOKSNL12A6D4FBE7F,SOFSVLQ12AB01846E5
SOQLLQI12A8C137FF2,SOUMJJC12A6701F4B0,SOLNFLW12AB0187B85
SOWQROJ12A8AE47400,SORUOPK12A6701F9A1,SOFSHGP12A58A7F48A
SOLTZIT12A58A7B9BC,SOOQDSE12AC468B61B,SOSZVRH12A6BD5371A
SOCYXPV12A8C135EF3,SOFIZAQ12AC468DB69,SOTCPOF12AB01885FE
SOFUSWM12AB0189B35,SOHOBMW12A8151C6C2,SOFTJHT12AB0180955
SOQVLOK12AB017E8BC,SOWHYDW12AB0186487,SOOZPVQ12A58A7E3B2
SOUKPYI12A8C1349EB,SOWNICQ12A8C132752,SOVBBAY12AB018A33C
SOBKZNH12A58A7E727,SOQECSG12AB0185EBA,SODADQS12AB018294F
SOIHNJX12AB017E944,SODXPRT12AB0187853,SOYZOXH12A6D4F730F
SOEMZVF12A8C13148C,SOSNDGZ12AB017D82F,SONURCP12A58A784D6
SOUDLBU12A8C13974F,SOULXDZ12A58A7746D,SOBAMRQ12A8C141DF3
SOUIZAK12AB0187E3D,SOHDZYK12AB0187E7C,SORSTPO12AB017FE28
SOXLKXC12A58A804AB,SOABCUN12AB0180FD0,SOHJBRH12A6D4F9331
SODFLAQ12AB017FA8D,SODRVVX12AB0180642,SOECUUP12A8C135E4A
SOVJSAH12A8C141B46,SOKOHSO12A8C1422BD,SOMJBYD12A6D4F8557
SOVPVKS12A8C132977,SOJDXQY12A8C1347B8,SOCSLOR12A8C136EEE
SOHINFA12AB018305B,SOSXBDW12A6D223AF3,SOJDUTX12A81C22846
SOFNKAW12AB0182A06,SOHGMIK12AB0182A33,SOHQSUA12A81C23F1B
SOSHODS12A6D4F79BC,SOJDROX12A58A7E969,SOEWBVN12A8AE48CB0
SOLPCWK12A6D4F654E,SOXQXOJ12A6D4F6546,SORHKSR12A8C143330
SOIQVZD12A6D4F955F,SOIYBHG12A8C13D62A,SOLTAOU12A8C1375CB
SOMBYGQ12AC3DF5CA0,SOQGKGX12AC3DFA181,SOXVCDL12AF72A8DA5
SOWSUAA12A6D4F5F22,SOUQNPK12A6D4F5F1E,SOETLNF12AB017DEF1
SOTUNMH12A6D4FA3E6,SOKUBEF12A6D4FA3B8,SOKUWTO12AAF3B5516
SORDJHM12AB01847D1,SOWJVLL12AB0184563,SOKLQWF12A8C1423F2
SOJTINV12A8C14182C,SOKOLSL12AB0189C34,SOMDZDO12AB0181543
SOXYDSM12A8C133447,SOJBIDC12A58A78ED5,SOPOQFU12A6D4F8C5F
SOUAHLC12A8C136B36,SOEFJMR12AB0184932,SOCSIYJ12A58A7C8C3
SOCYAPR12A8C13B692,SOCXFQM12A8C13AC28,SOEZRNX12AC3DF99A5
SOEPFPN12AB017DAB3,SOOMNVZ12A8C13EC41,SOGDVCJ12A58A7BC39
SOHUUPU12A58A8125C,SOBXEAC12A8159E915,SOENJBZ12A6D4FD7B2
SOGPDJO12AB0188FC1,SOWMDMD12A6701C5F8,SOFEJKC12A8C14438F
SODPOIA12A8C139FE8,SOLRVIG12A8C139FEF,SOWJHAT12A6D4FD50E
SOOGSDS12A6D4FAAF5,SOAQWKZ12A67020A8E,SOUVQPQ12AB017C4F7
SOBTHLK12A8C137C86,SOSKVNF12A58A7AE3F,SOWKYRL12A8C13C012
SOZXERA12A8C134B0B,SOLBRQR12A8BED02B6,SOUVZKU12A6D4FC06B
SOQHNAC12A81C22229,SOVLXGX12AB0186244,SOVVLZE12AB017FE84
SOGQTBE12AB0185513,SONDMCG12AB018551D,SOJZOST12A8C139DA4
SOAUGJA12AB01869AF,SOLLCFT12A58A7A566,SOJYQKA12AB017C3F6
SOZMOKA12AB018757E,SOBGNZC12AB0189CD2,SOMGCWS12A8C138515
SOGTQWC12AB0180FEA,SOGRFPZ12AB018100C,SOAAVQK12A6D4F76E0
SONJPRU12AF72A5963,SOVFULC12AF72A54B7,SOHCZOO12A6D4F897B
SOATHUP12A8C131DC3,SOZWECJ12A6D4F5229,SODDUZP12A8AE4855C
SOFVMHW12CF546525A,SOAJHLR12A8C13CC11,SOPMOPR12A6D4FBC72
SORAAVO12A6701D32D,SOSHTHB12A6701D330,SOPIURK12AB01808DB
SOTJXIH12A6D228208,SOXMIKP12A6D22820A,SOZUPRG12A8C143BC9
SOITZQI12A8C1336CD,SOZODIS12AB018E348,SOFYOGR12AC4689E87
SONKYAP12AC468C518,SOXDGGQ12A8C13A2C6,SOWHAFN12A8C139AC3
SOBHTNG12AB0186500,SORPNRR12AB018690A,SOYEWIR12A6D4F7A53
SORXEUH12A8C14463B,SOBAEPH12AF729D8A4,SOKRJHZ12AB018321A
SOKWIPX12A6310F35B,SOLLAXC12A6BD548C6,SOLXGLN12AB017F58A
SOKPCRL12AB018B710,SOIERAA12A8C134F90,SORSPLR12D021B3D92
SOOMFET12AB0184481,SOEUNDE12AB0184491,SOXICOG12AB0182D78
SOGEKSP12A58A78530,SOQETNJ12A8C137960,SONISVG12A8C13EB34
SOHSKIN12AB01842A1,SOARLQW12A6D4FAC77,SOAKFDP12AB018A09D
SOETRHV12A58A7B465,SODIMGN12A8C13F1EB,SOGYWBW12AB01863BD
SOOYJRF12A58A7B885,SOPEQXB12AF72A01E6,SOWGQWX12A58A7CFB6
SOOZOFX12AC3DFB2BE,SOEZRNX12AC3DF99A5,SOYFKUM12AB018B7CE
SOYGWDD12A8AE47F23,SOGKIWV12A6D4F86C4,SOJFCDO12AB01852EE
SOWIQDN12D021B2379,SOZBOTJ12D0219A276,SOZQDCY12A58A7D5CD
SORPPLJ12AB0183198,SOUXAOB12A6701C664,SOWMWXL12A8C13DB38
SOXWYUA12AB018AC78,SOVBZGP12AB01821E1,SORUZFR12AB01866C1
SOHGAUG12AB0186E6E,SOSSPND12AB0185B1D,SODFDPW12A81C218C9
SOPFJAT12AC468C9D8,SOMEUQK12AB017A8FF,SOALUZX12AC468D97A
SONSBRY12AB0185C41,SOTRYLP12AC46868C7,SOUXPMN12AB018CFDD
SOQCEXG12A81C23489,SOVIEHU12A81C234C3,SOSELMV12A6D4FCF5A
SOJXFJD12A6310E8FA,SODVBKB12A6D4F9770,SOKHRGL12AB018ADAC
SOMUJGD12A8C13EC6B,SOKOHLQ12AF729B221,SOEEWSN12A58A787FB
SOHMBWK12AB01876B9,SOCEACR12AB01876CE,SOVUGHD12A8C13D5A2
SOOSAHZ12AB0189695,SOVORLQ12AB01855C1,SOODQDR12AB0181456
SOIQTLW12AC468D65F,SOBGWIW12AB018882F,SOXRWWL12A8C1345F8
SOZFEXY12A8159E936,SOWSDGU12AB0182488,SOZFKKI12AB018602A
SORFFTP12AB0185D7B,SOSXHGF12A58A78DB2,SOKLUBB12AB0182FDA
SOQOEMZ12A6D4F9C52,SODYVBO12AB017C3A5,SOSAADQ12A8C137712
SOZPOFG12A8C145EB8,SOMMCOU12A8C1422D8,SOEMBVY12A8C1374ED
SOKQEBT12AB017F328,SOEZEMH12AB017F317,SOBMUKT12AB0184AE7
SOFTNES12AB0187A58,SOCPTXT12AB0183E2A,SOTPFTQ12A8C13F5C8
SOATRKY12AB017FBC7,SOWHSFS12AB0183B7D,SOWAMYK12AB01866E9
SOLFLFA12AB018444D,SOGTSLZ12A6D4F8BA7,SOHYNPN12AB01885FA
SOJBLTC12A8C139C37,SOJZJOZ12A6D4F67F9,SOACJLB12AC3DF6D43
SOVGABX12AB0187D60,SODOGLD12AB018838E,SOBFMCW12A8C140DA6
SOMOIHQ12AC468B2AF,SOBVJSH12AC468DE83,SOPACOZ12A6701E675
SOTXTQO12AB01870D6,SOCZZKO12A6D4FD5AD,SOTEWLQ12A8C138B3F
SONGFVP12A67AD8463,SOADTAQ12A67AD8458,SOEMMUW12A58A77F60
SOPQMED12A6D4FE686,SOIYMXV12AB018B600,SOTPIYT12A6D4F6A4E
SOZUVDO12A6D4F7695,SORNHUW12A6D4F9006,SOLGQQQ12A8C133308
SOAUOGN12AB018B929,SOCBYQX12AB01840B3,SOEKZPU12AC3DF6093
SOXMYWS12AC468DC37,SOTKPJE12A58A7F69C,SOLEMKI12A8C13B5A1
SONNXJI12A58A7AD05,SOPDODI12A8C13B53C,SODHGVJ12A8C13E292
SOESFKC12A6D4F8F4B,SOAUKIS12A58A7F424,SOMDFFA12AB018844A
SOTCPHF12A8C13BF9B,SOCJTPQ12A58A7E212,SOKWHWW12A8C135136
SOLKHLK12A8AE47A23,SONAEJC12A8AE45BB4,SOAFDIW12AB018FCAE
SOLSWGR12A8C13CED9,SOCEABE12AF72AA526,SOPFHQV12AB0188A63
SOBELZJ12AAF3B4427,SORCOSA12AAF3B289D,SOZPJVN12A8C133983
SOTLBDO12AB018147D,SOQTKSG12AB0182B3D,SOTPFBX12AB0184CDB
SONMFRA12A8C13A229,SOOENES12AB017ECB6,SOIOBNP12A58A7B61B
SOERJUK12AF72A49F7,SOPOJVI12A58A7E706,SODBHUI12A8C136ACF
SOCSQHW12AB0181A51,SOTDEOI12A8C133947,SOAHUPZ12A670207E3
SOFKISA12A58A80E72,SOBDRHW12AB01881C3,SOIZFBG12AC961843D
SOLUQCB12A8C1323B6,SOQXLUH12A8C1315B0,SOCQGJZ12AB0189A24
SOIMUWC12AB0183954,SOELIHM12AB017CE54,SOLLCMW12A8C13880A
SOUBLEM12AB01809DB,SOEGJHD12AB01809D4,SOLMXII12A8C13A4F3
SOOEBBQ12A8C1431A0,SOAMFHI12A8C144116,SOBQNCD12AC46899B0
SOVYPTV12A6D4F85DE,SOHOXHT12A6D4F85DA,SOLUWXL12A8C13FB1B
SOVNOTL12A8C131D22,SOPXLAR12A8C131D3C,SORAETJ12A58A7DAA3
SOLMKEF12AC9071897,SOIPTFI12AB017DFB9,SOFFJEI12AB0182B45
SODTTFI12A6701DE87,SOMAKWL12A6701DE81,SOMWIGT12AB0188C64
SOTAEUZ12AB0185217,SOTMWDC12AB0180C29,SOZEEPB12AB0183A88
SOWEZSI12A81C21CE6,SOGTRKA12A8C137D72,SOSPGMD12AB0180C42
SOGRVDX12A8C14435C,SOBXXVZ12A8C140B34,SOZIMCK12AB0187B6E
SOIBSLK12A8C133A5D,SOOOBQI12A58A7C381,SOGQHTM12AB0189C0E
SOKONIH12AB0188B85,SOHRXEA12AB0188B3A,SOFWRFX12AB01874C4
SOXTKYU12A8C13A0A8,SOKEZXO12A8C13A0B0,SODNTGJ12A8C140B95
SOOEGDQ12A8C1391AF,SOBOEIR12A6701EF08,SOWSDCM12AB01874BA
SOJQFDF12A6D4F91C8,SOLAOJM12A6D4F7CA9,SORZKXU12A6D4F8141
SOHIMCW12A8C139114,SOOCSHY12AC4686DB5,SOYGABE12AB018A996
SONYWBW12AB017A24A,SORCTQF12A58A7B161,SOYEZKO12D02198103
SOVWICL12AB0185E25,SOIABSR12CF546523E,SOYQKGK12A8C133B5E
SOKDPJJ12A8C13DE2B,SOMAVRJ12A8C13320F,SOKNGDE12AB017CA4D
SOGAUMG12AB01870B7,SOTARBL12A8C1362A6,SOINYYV12A6D4FA0D4
SOWAMIO12AC3DF93C3,SOCHYHL12AC3DF93D9,SOLKWQZ12AAF3B2F2B
SOXFKLN12A8C13DC28,SOHWUNZ12A8C136F71,SOUALEM12A58291480
SOQRRHL12AB017A67C,SOWOYGM12A6D4FB4C1,SOGEVZU12AB017C892
SOIXHHP12AB01862D9,SOTCCYR12AB018399E,SODIDYN12A8C13E6E8
SOTKXNR12A8C13ED67,SOPXSKA12A8C14044B,SOHQHIL12A6D4FA785
SOFNUXR12AB017B768,SOUIIRK12AB017B7B2,SOOIIDX12AB018E799
SOUHNGJ12AB0182844,SOKBBXV12AB0186B8A,SOJCSQQ12AB01887DB
SOOKVHF12A8C13F9C9,SOMBJUK12AB0184670,SOAYJVJ12AB0180149
SOYLQVU12A8C13430C,SOMDQAX12AAA15E743,SOVRXWG12AB0185F58
SODGEOZ12A6D4FD9F3,SOAEPLE12AB0186815,SOHGEVO12AB018438B
SODWMKI12AB01887A1,SOWFCTI12AB018878D,SOJIOBS12AB017F545
SOOXREI12A8C133901,SOZGOKF12A8C13DCB1,SOBOSKD12AB0182B00
SOWJFLR12A6D4FBF97,SOUPQOK12A6D4FDC9E,SOXTHDG12AB0183C40
SOFWAXG12AC468C3F8,SOFIUQW12AC468C3EB,SOEURVD12A8C131DE4
SOZAVPE12AB01871B9,SOQTRTQ12AC468958E,SOQTHEE12A6D4FBD68
SOEVAMO12AC90716AD,SOYWICF12A8C13BDD7,SOWIHTF12A8C13706C
SOSMYIB12A8C13D7AA,SOWKWZO12AC9E14796,SOYJTXQ12AC39265E6
SOZPVRC12A8C13D414,SOZMJOW12AB01836CB,SOBZWXX12A6D4FC22B
SOFRCZS12AB018E8E5,SOOTDHB12AB018E8D7,SOQGGUN12AC4689CF7
SOJBYBM12A6D4F892E,SOGWSSM12A58A7C64F,SOUDHVE12AB01828C2
SOAYORJ12AC468864C,SOXQARO12A8C1400CC,SOBAQBU12AB0184666
SOSSHPV12A6701EB3D,SOEWTVU12A8C137BE1,SOKBTUN12AB018A645
SOTNWFO12A6D4FA73C,SOCPTBI12A6D4FA747,SOALROJ12AB017EC28
SOIJIPM12AB0182E8F,SOBGOJT12AB0182E96,SOIFJCG12AAF3B4250
SOWHIHY12AB018B64A,SOTVSQV12AB018767D,SOMTSYW12AC468E7B3
SODHFME12A6D4FA6BE,SOVXTUN12A6D4F712E,SOEXCJI12A6D4F7538
SOZKCQY12A6D4F5C66,SOEKFYC12A6D4F5C60,SOYBULW12A8C13C5E1
SOXTIQL12A8C135544,SOQGQIM12A8C13554B,SOYBNTA12A8C13AD9E
SOLVCHF12A8C139B1C,SODLBFN12A8C139B35,SOEGPFC12AC3DF4E37
SOQRXHS12A58A75C25,SOUCJJO12AB0184126,SOKFSYM12AC468DAE4
SOBBICZ12A81C22939,SOXCRTB12A81C22943,SORUGLY12AB0187CC5
SOXDMAC12AB017E7FF,SOLLOTO12AB01804C6,SOHXTED12A8C132856
SOHPUIG12A8C14577B,SOUZCNJ12AB01846BF,SOELVWV12A8C143206
SOOSNNH12A6D4FA521,SOCFJVB12A6D4FBFDA,SONRCXL12A8C13ABE3
SOWDNSS12AB017E270,SOWSXVH12A8C13A144,SOPRHHN12A8C135E91
SOUPQOK12A6D4FDC9E,SOWJFLR12A6D4FBF97,SOYDNHZ12A6D4FA66E
SORNKMJ12A8C131ABC,SOLALOA12A8C131AA0,SOGVQKE12A8C141409
SOPGGKL12AB0181A11,SODKTSW12AC9073045,SONKDTV12A8C13655D
SOGDOEZ12A6D4F9FBF,SOJVAFK12A6D4FAFFA,SOTMSNC12AB018D09A
SOHFBGI12AB01831E1,SOPAGGN12AC468D06E,SOHELWA12A8C13BCAD
SOYAZII12A8C135317,SOOVHYF12A8C134892,SOPFCCI12AB0183519
SOQJOUM12AB017B6FD,SOIXQNU12AB018B675,SOODGZS12AB01891E9
SOASDZH12A8C13E5C6,SOAMTOG12A8C13AC49,SOVINQU12A8C1321BF
SOMUMJA12A6701CE69,SOLDPNN12A6D4F7B46,SODTULR12AC4687C9A
SOPPEXO12AC3DF9E7A,SOCWCPW12A8C13C477,SOTWWBZ12AB01845E0
SOVZZVR12A6D4FCD85,SODVJID12A6D4FB5B3,SOEHIUB12AB0181339
SOMFRKT12A8C146C67,SOXSTYL12AB0185DDF,SOCHARV12AC468943A
SOJDJJN12A8C137936,SOZTJKI12A58A7B992,SOZSDWX12AB0181EF7
SOQSRGM12AC468D9A0,SONHHRR12A58A7965F,SOUIZAK12AB0187E3D
SOJRXHM12A8C13D93E,SOXONFS12A8C131631,SOVNPEU12A8C13A635
SOHVMKS12AB01805BD,SOAGOFT12AB017EAEC,SOYIQNZ12AB01830CE
SOOKFDK12A8C140EC2,SOGOMDC12A8C140EC6,SONHNFV12A6D4F67CC
SOMWCOA12A8C13726E,SOQAVTH12A8C1365FB,SOPGLEZ12A8C14350E
SOMMFNR12AB01888BC,SOSHHXZ12A58A7924C,SOOJVHQ12AB0187460
SOOQOIL12AB0187BCC,SODYVUU12AB0186196,SOCALCI12A8C13BFF5
SOFPPKW12A58A7CEB5,SOEXAYO12A8AE46607,SODBQPV12AC3DF92D7
SOONOUT12A8C13DA4B,SOBAJSE12A8C135A3D,SOCSZYG12AB01871C2
SOINVEW12A8C13456E,SOCZXOO12A8C136E36,SOHIPUQ12AB01824DF
SOUDUDA12A58A7B8E0,SOESSMR12A8AE48CDC,SOOENES12AB017ECB6
SOZPGUT12AB017B0C7,SORZVAB12AB017F819,SOGZLQH12A8AE462BF
SOEVDCR12A8C1419F0,SOGVQKE12A8C141409,SOZSBFE12A8C13FEFE
SOPFMYE12AB0187BFD,SOHVLUL12AB0187C00,SOYUPQN12AB017FF46
SOJAYEQ12AB017C081,SONFQFL12A58A7BD6A,SOIDDDU12A8C135383
SOBYXQS12A8C13FAF6,SOUYCQF12A58A7DCD4,SOWYTFW12A58A78BE4
SOJAUMI12A6D4F4673,SOJLBBP12AB01823D6,SODEWQE12A8C143E6A
SOEZOXV12AB0180074,SOQLQDN12AB017C577,SODAUHD12A8C13DDFD
SOSSONI12A58A79D49,SOKRINA12A8C137CE2,SOSACZH12A81C1FE0D
SOOPYMH12A8C14532D,SOXBCQB12812D0C761,SOAOVYG12AB0183290
SOIQQIX12AB018827D,SOTDNWF12AB0186452,SOWNSPL12A8C139E7C
SOWHSLN12AB01875F0,SOVCPGK12AB01894AB,SOVBIVF12A8C13CA23
SOBBSEY12A67ADB9AA,SOQQIOF12A8AE47FD0,SOAIOGW12AB0187001
SOSBDKK12A8C13F61F,SOFYLAZ12A8C13E2BD,SOAUZLJ12AAF3B36AF
SOFTTFX12A8C135483,SOIXGMX12A8C135487,SOXPWPH12A6701E86E
SOUDHGD12A6D4F77C6,SOSMTXQ12A6D4F721D,SOOSSXS12A6D4F7D60
SODKOQO12AB017E555,SONAARK12AB017AF1F,SOAKJKD12A8C142446
SORHUEM12A6D4F6A90,SOJABGE12AF729FC2A,SOOLSQZ12A8C133DF2
SOLUVSA12AB0184CC9,SODHQLQ12AB01890A9,SOGDYTB12D02198105
SOARFKA12AB018A98F,SOJUXDY12A8A9D59E3,SOECAZG12A58A79407
SOMUJGD12A8C13EC6B,SOKOHLQ12AF729B221,SOUWMOE12A8C137635
SOGSEYR12AB0181BE6,SORUPCA12AB0185EB8,SOLAZFN12AB018A094
SOIJRJD12A8C13EE8E,SOJQZDF12A58A76CBE,SOVLEWG12AB0186F00
SOCEHLO12AC468731E,SOOPRIU12A8C14485F,SOUUMJQ12AB0188716
SOFFVPT12A8C1370D1,SOVKCQV12AB0184645,SOSYTMR12AB018A208
SODJQJW12A58A7B154,SOLPHWP12AB018A44E,SOOTDEC12A6701D0FF
SOYABBS12A8C134486,SOJPOQN12A8C1342B5,SOFYOGR12AC4689E87
SOHIILT12A8C140716,SOSXNOO12A67ADD100,SOWNICQ12A8C132752
SOLUNOY12A8AE4698F,SOOQAIH12A6D4FAB4E,SOWRVJM12A8AE46980
SOZIHJM12AB0184F8C,SOZEEUG12AB0184FC4,SOIGYUY12A6D4F8A3F
SOVMBUE12AAF3B5540,SOUMKGX12AB0184CC8,SOAATDY12A8C135EFC
SONPCNG12AB0184E68,SOONWCU12AB017EF1F,SOURQEX12AB0188474
SONSFPX12AB0186961,SOWJAHS12AB01881B5,SOHPMBI12A67020173
SOBCMRY12A8C136C90,SOOGLCD12A6D4F5FCA,SOCVYPP12AC3DF5ADE
SOXAGXD12AB018D973,SODDYSL12AC468A0DF,SOEOUEB12AB018186F
SODVIWU12A6D4FCDA6,SOEENNQ12A6D4FA8C7,SOEWVEE12A6701C550
SOIOQNE12A58A7CBB7,SOVDUKM12A6D4FED65,SOSGYCS12A8C13BF5F
SOYAFRK12AB0180418,SOHXPSC12AB018042F,SOTZIOR12AB0187FD8
SOWPWYV12AB0187DB2,SODLOPC12AB0186EB3,SOXAUES12A8C133821
SODTLTS12A6701D68A,SOQOYPT12A8C137CF4,SOFEPGY12A67ADAE9D
SONNBOV12A8C144477,SOHDVMB12A8C144469,SOGOHJQ12A8C139A1B
SOXZRBE12B0B808AB6,SOJYWOO12A8C131CA2,SOQSDLX12D02199293
SOVAPGA12AB018B218,SOIOGSP12AB018254D,SOKZCJZ12A8C13972F
SOESTIG12A6D4F7C83,SOURFOJ12AB0187915,SOKYSHY12A8C13EA99
SOOIIMT12AC4688494,SORBDJL12AC46867B1,SOHJJMJ12AB0182181
SOJKPOA12AB018A622,SOQMDEB12A6D4F7C39,SOOBLPZ12A8C1406C9
SORAETJ12A58A7DAA3,SOVQONJ12A8C139C4B,SOLVYTN12AB0188DDA
SOPRGHF12AB018884F,SOYYUHS12AB0188671,SOLBJPR12AB018CC52
SOBYPMP12A6310EDC5,SOHBZHQ12AC468AB84,SOCWERZ12A8C132275
SOAVIUW12A8C13F8D3,SORETTD12AF72A3301,SOPNASS12A8AE46A45
SOELWMW12A8C1386F7,SOLPZIP12AB01872FA,SOSHWGN12AF72A19FC
SOTXURX12AB0185937,SOLSSRB12AC4689998,SOLXGLN12AB017F58A
SORILZJ12A8C140320,SOGRUTI12A8C13CD5E,SOKSBUN12A6701C165
SOFUJIE12AB017F564,SOGRMLO12AB0181D2E,SOWYWXS12AC468889C
SOPQABD12AB01867C3,SONNFQD12AB018E2C4,SOHAXAJ12AB0187327
SOCAEYG12AB01849C0,SORGVTY12AB018349A,SODGSCA12A8C13F157
SOVXOMQ12A58A805BB,SOYILXK12AB017EDB8,SONEOJS12A8C1378CC
SOWHMAH12A8C1346E8,SOIUODP12AB0186688,SOHNMMS12AF729DD79
SOTMALT12AB0189D0C,SORMCQL12A8C141C85,SOGNPYN12A6D4F9078
SOFSQUX12A58A7E2C9,SOOTLVD12A67AD811A,SOJVYNP12A3F1E9D48
SOAVEQH12AB01852BC,SOBEASP12A8C138D87,SOLKPOD12AAF3B30B2
SOQXUXN12AB0186D0B,SOFZOMH12A8C1404F3,SOGBKCK12AF72A0051
SOBCORG12A8C143508,SOQZTZV12AB018390A,SOAWIAD12AB01855B1
SOJHPMG12A8C13B715,SOSTIDX12A8C13C526,SOBFWIT12A8AE4795E
SOXKGOY12AB017EC9E,SOQZTZV12AB018390A,SOGSBPK12AB0189862
SOSOZDV12A8C1363A0,SOLMECR12AB018B776,SOWOXFL12AB018C4EC
SOKSINK12A8C13CB9B,SOLGKUS12A8C1436EE,SOHYSYY12AB018AA16
SOHRIEO12A67020B5F,SOVXZSE12A67020B61,SOGUWSN12AB01862B7
SOBHODS12AB01813BC,SOZILBD12AB01813CE,SOERMTI12AB01827E8
SOHQUAF12A6D4FBD74,SORSJXI12A6D4FD61D,SOAPQKB12A8C13BF06
SOHICRD12AC46861B2,SOIEZHG12A8C13A189,SOOUXZX12A8C13E07C
SOIORGV12A8AE468C2,SOPPMTB12A8C137C26,SOXLVKX12A6310E1C9
SOVQGSX12AB0188818,SOWESWN12AB01899E1,SOIVCUR12AB018E3A2
SOGLVHI12A8C13FF0A,SOBFOVM12A58A7D494,SOHHSDQ12A6D4F6368
SORBCHC12A8C13A6C8,SOKQVLX12A6D4FB2EA,SORUVQF12AB017D220
SOFEZJP12A8C13C555,SOPMMXU12A8C13C505,SOPPNPD12AB0187B23
SOZBUZJ12A8C13AB3F,SOETVWL12A8AE45C59,SOANMBZ12AAF3B5204
SOHAMVH12A8C13D78D,SORSAFI12A81C228C2,SOOHFTV12A8C13D3E8
SOKSHDR12A8C13682B,SOXSJQC12A6D4FD00B,SOLRHQL12AB017D838
SOKCVGR12AC468D3AE,SOLISOZ12A6D4F8D33,SORKUQF12AB017CA34
SOASBAX12AB017F24A,SOLZYWQ12A6D4F8F1A,SOHKHEL12A8C13BD70
SOQQXZF12AB01805D8,SOSRWME12A6D4FB7DE,SOGMMKW12AB018EF4C
SONVSFN12A6D4F757A,SORJAVO12A6D4F7561,SORQOXI12AB0188316
SOLNFLW12AB0187B85,SODGVTY12A6D4F9EB9,SOJOAXZ12AB017D077
SOBBHEY12A8C1367D7,SOZRCZE12A58A7A83A,SOLPIJF12A6D4F9630
SOZVMCH12AB0188076,SOVFJFJ12D02198526,SOYWIKB12A8C13CED5
SOPCPCB12A6310E8E6,SOMGLWF12A6310E9A1,SOENDXX12AB018BDB2
SOUGQCG12A6D4F6D9A,SONQMPE12AB01846AC,SOAXRSC12A8C140D49
SOHJNUH12AB01891DE,SOLMECR12AB018B776,SOAJTJS12AB0181C16
SOAXSEM12AF72A150D,SONJDUP12AB017F18E,SOVLSWM12A6D4F9677
SOXVJXP12AB0187BA5,SOEXATS12A6D4F9A45,SOWTHFS12A6D4F8779
SOKSTWJ12A58A79637,SOLNXTJ12A6D4F9B4D,SOVYXDF12AB0181B63
SOPYPAJ12A8C136283,SOFTKUY12A6D4F6FA2,SONWOMU12AB018CC21
SONYFVK12AB018A16F,SOUSKNG12AB018A15F,SOOCXWP12A6D4F8DA2
SOTJXAQ12A8C13E0C3,SOTTALO12A8C13E0A5,SOLBRQU12A8C14052C
SOHYWPX12A8C13AD4D,SOFVTAO12A8C13A092,SOHMBWK12AB01876B9
SOGFKAT12AB0187AB5,SOVHTMQ12AB01857B1,SOMCMJY12A8C133DEB
SOMRVUM12AB018439B,SONRKQH12A8C1459DA,SOLPTCL12AB0181839
SOYHTLP12A6D4FC356,SOULFBC12A8C143403,SOBWBGS12AB01868B0
SOGTJSG12A81C2080F,SOWASHW12A6D4F9C58,SOGBRNP12A8C1397EE
SOMZDPK12AB017DD08,SOROEWG12A8C135A63,SOAJJOW12AB0183275
SOTHGTJ12A8C13399D,SOQZDKB12A58A78F4A,SOVSZYA12AAF3B47CD
SOSYUIY12AB0189FC2,SOFNRTP12AC90717AA,SOLLLRE12A58A7BADC
SOTBFDV12AAF3B2B4E,SOIGZYZ12AAF3B4F06,SOJUYUH12A8C1422D3
SOVNFIB12A8C131B60,SOBOPQK12A8C131AEB,SOTXVPT12A81C1FAB2
SOBNXAE12A8C13D6FF,SOLNAJL12A8C13D711,SOITHDV12A6D4F5D0D
SOCSXZF12AC468D3E3,SONAHUF12D0219A3DA,SOXEXQD12A58A7E72F
SOFXCLQ12A6D4FA0DC,SOZLFDW12A8C137028,SOVRCCV12AB017C96B
SOOWNTL12AB0184305,SOPLWCS12AB018430E,SONIJUW12A8C141C74
SOBAMRQ12A8C141DF3,SORTZRZ12AB0185C09,SOVLDWE12A8AE47F3E
SOAHKTB12AAF3B1834,SOJSAKV12AB017B87B,SOTDCFT12A8C13CC07
SOZEEPB12AB0183A88,SOFYICH12AB0183AAC,SOVPWRB12A6D4FB0C3
SOCSAVL12A6D4FAC37,SOIPEHH12AB0189DFC,SOIYMPC12AB0183793
SOOWALD12A58A7D04F,SOGAWIK12AB0185989,SODOEGL12A8C13C797
SODEODN12A8C136395,SOHUDBV12A8C1363B4,SOSGSTX12A8C137AF2
SOTARBL12A8C1362A6,SOGAUMG12AB01870B7,SOHIMLS12A8C139B6D
SOVGDOA12A6D4F96A8,SORZNJU12A6D4F8A17,SOAGXZI12A6D4FA029
SOFMESK12AB018744E,SOYFCOM12AB0188572,SOFUBUF12AC3DF98FF
SOUMEUN12A58A7AB22,SOOQAOC12A8C134BD6,SOHAVRS12AB01815D0
SOSAROI12A6D4F8074,SOCSRYF12A8AE458AE,SOORODQ12A8C13C342
SOICNXT12A8BEE958B,SOZFCNC12A6D4F76F3,SOYHDRS12A8C13A297
SOODHIM12AC468E954,SOEXEQG12AC468B98E,SODFEKI12A8C1407E8
SOLIGTZ12AC468C6BA,SOKNWXK12A58A785FA,SOYXJLO12A8C14459D
SOSOVJI12AB0183F4B,SOPIOUN12AB018466B,SOFLXPF12AB018BA41
SOYTNOZ12A6D4F6C6A,SOQWKEU12A8C134186,SOZUQAZ12A81C21E0D
SODGQFY12A8C140A0B,SOLCQRA12A6D4F7867,SOXWNDI12AB0187511
SOBNYJJ12A6701EA1C,SOBGDPS12A8C13C214,SONXAWG12A6D4FB0B9
SOSNQLH12A8C132485,SOJCHPN12A8C132491,SOKCKJI12A8C139B7D
SOLMKGN12AB01846AC,SOSCDXD12AB018708E,SOUSLOQ12A8C13458B
SOYBATV12A8C13FF5B,SOIHELV12AB018684B,SOEOUHR12AB0183C44
SOWOAZS12A8C14159D,SOEKETC12CF5F89191,SOCKNSC12AB0184E6D
SONRDUD12A8C135449,SOCRIDR12AB0186382,SOWQQBV12A8C144755
SODTLTS12A6701D68A,SOBOPCT12A6701D686,SOPNJID12A6D4FA681
SOZCATU12A58A7BD8D,SOEWUJD12A8C1390C2,SOLMKGN12AB01846AC
SOTNPUV12A8C13809D,SOHVNST12A8C138D04,SOODCBM12AB0181B03
SOBFTUR12AB0184285,SOZFYIJ12AB018DB5F,SODHEQN12A8C142DA2
SOGNGFL12AB017FA32,SOLIWVR12A8C13EA6C,SOYFYRT12A8C140AC2
SOEENRS12CF5F88F52,SOXPVJS12A8C1326A8,SOOGVFC12AB017AB40
SOGYDPJ12AB01862C0,SOUKSBZ12A6D4FB41A,SOJGCXY12A8C13ED61
SOJHMFW12B0B80B79B,SOYXCUN12A6310D884,SOFCHBZ12A8C142084
SOCCMWP12A58A7919C,SOVXGLT12A6D4F952C,SOOHQIB12A8C143DDD
SOMFMOD12A8AE46A43,SOPNASS12A8AE46A45,SORJNBB12A8C14156E
SOCLDAW12A8C144BEC,SOJDTBL12AB0188BF6,SOEGHPU12AB0186E41
SOYREVC12A6D4F4C25,SOOJCDJ12A6D4F4C1F,SOCBFCD12A81C20AC3
SOVXQCH12A8C133EA1,SORCSRT12A8C13477B,SOYXBGV12AB018782F
SOIULNU12A8C1368F2,SOUJDLL12A8C1368D9,SONAITJ12A6D4FA94F
SORVAOX12AB01834EC,SOUAYNI12A8C144323,SOCHXSB12A8C141C8C
SOKIGAA12AB0184D4F,SOAXEBM12AB017E5F9,SOPIHUA12A8AE45B1D
SOTREVK12A8C13BAD1,SOXAMCL12A8C139E2F,SONRSQW12A6D4F6D1C
SOUFCKR12AF729CA02,SOOROJD12A6D4FC3D1,SOFNKAW12AB0182A06
SOHGQPX12A8C13A6B9,SOTRVJF12A8C14479B,SOICORB12A8C13A3E2
SOMOOXH12A8C13A0EA,SOXBGEB12A8C140043,SODMTBH12A6D4FA819
SOGBMME12AB018A9F3,SOTLWUH12A6D4FA08A,SOOMCSJ12A58A80019
SOBRIGQ12AB0184EB2,SONOHAU12AB018688D,SOYQHNF12A8C13FB9E
SOYKMEQ12A6D4F8048,SOARCRJ12AB018386E,SOGDIUG12A8C13B730
SOFSWCU12A8C144829,SOXDFQL12A6D4F83B8,SOVBFNG12AB018EB92
SOICCUY12A8C13F112,SOCPAGS12AB017EC1D,SOSKQWN12A58A7D155
SOMWSII12AB017AA63,SOUMKGX12AB0184CC8,SOPAZGG12AC3DF6DC1
SOVZMPF12A67ADE9A4,SOPOLJZ12A6D4F735D,SOKAQZI12A8C138426
SOQIMHU12AB018A76B,SOAMTYS12AB018A44E,SOZQKUN12A58A7BE4B
SOVBQAE12AB017D64F,SOWGIJV12AB017D62B,SOSUZTB12AC90970B1
SOYWPMG12A6D4F901A,SOEKKYB12A6D4F81D4,SORAAVO12A6701D32D
SOGEOYP12A6D4FBE7E,SOUYSVX12A8C140E2C,SOVOIPG12A8C13FE9E
SOQEOUB12AB01859E8,SOBLYQX12A8C1362E8,SOPWKTP12AB017EB66
SOMWKLL12A8C13B123,SOKZYIN12A8C13BDB2,SORHOFA12A6D4FB2BC
SOKYQVR12AB0183DD9,SOGNKXI12AB0185905,SONXCST12AB01845DD
SOQCVUD12A58A79372,SOTQSFS12AB017F032,SOEQHHT12A8C137EAE
SOUIPNG12A81C206E3,SOMQVBR12A6D4FA196,SOGTRIO12A6D4F7483
SOUNHDZ12A8C1425A3,SOEORQM12A8C143E6A,SODRXMB12AB018819E
SOIRHHG12AAF3B3CC9,SOXFEUD12A8C137814,SOOVYVU12AB018AF75
SOEUNMC12AB01800D0,SOPPHQM12A8C13B056,SOAZCIW12AB0187C39
SOHJVZI12AB01843B8,SOGOYHW12AB01872C7,SOVKLSF12AB017AE02
SODPZXJ12AB018AAD0,SOFYYRV12AB0186CDB,SOPJGYM12AB018C978
SOIFDSN12AB018AAF2,SOSNZJG12AB0181E8D,SOLFKGX12A8C13CEAA
SOXYOZX12A6701F933,SOGZNLG12AB018344F,SOUNLVI12D02197967
SOYEKLF12AB0185E48,SOXYOYK12AC468D3B5,SOJJOAF12A6D4FE1F9
SOZUUWT12A8C13302E,SOBSICN12AC468B8B5,SODILGF12AB018AAFE
SOTBEQR12A8C13B7CF,SOJGEBV12A8C13C46F,SOBGPKV12CF5465239
SOECRBA12AB01816A7,SOVNAQK12AB017F17D,SOKALLO12AB018A62E
SOTJCBH12A8C136897,SOSHMAM12A8C1385D5,SOERKHO12A8C141CD7
SOHTZIZ12AB018D77F,SOECTBN12AB018D79C,SOSHNUE12AB017FF07
SOPGLEZ12A8C14350E,SODMDCE12A8C14355D,SOCRIDR12AB0186382
SOAAQAB12A8AE4769F,SOYFDYC12A6D4F921D,SOKYQQO12AB0185083
SOANVDJ12AB0183B5E,SOBKKKW12AB0182263,SOZBOZE12A8C1356B6
SOHWWOM12AB0186627,SOIPALY12A8C134921,SOMMOEO12AC9072DAC
SOACDAQ12A81C226BA,SOOSWYJ12A58A79DEC,SOJUNCV12AB018C36D
SOBDDMF12AB017F507,SOPGPDF12A8C143056,SOGBAXN12AB018A3D5
SOGFHZD12A6D4F75FD,SOGABBP12A8C138AA3,SOLKJHQ12A8C142B93
SOHONDR12A8C13E646,SOWYMWC12AB0188D95,SODYFCY12AC468A6FB
SOUBCXT12A8C133B4F,SOSWWAB12A58A7B3C1,SOPZOAP12A670203EC
SODVGME12A8C135F28,SOILOMB12A8C138467,SOFSNDS12A8C1342C3
SOVISQQ12AB0184B6D,SOUORSB12A58A80B6F,SOIXGMX12A8C135487
SOEPLNP12A8C135DEC,SOIBLHN12A6D4FB8AC,SODCTPU12A6D4FC835
SOGLPNB12D021990CC,SOIECXQ12D0219A428,SOVUFFK12AB0189C55
SOPMZIK12AB017DEFE,SOKDDJT12AB017C4B7,SONILVL12A8AE47AFB
SOJPUTV12AB017C9A1,SOPQUIT12AB01826EA,SOBGDZJ12AC46865B7
SOFTZNG12A6D4F69D3,SOKSZQN12A6D4F4393,SOMWIKX12AB0179FA9
SOJPXEH12AB0184BF6,SOHFFJK12AB017C522,SOUDQLH12A8C13CBEA
SOSDFMS12A8C141FA3,SORHLOJ12A8C13FC0B,SORFNUD12AB01862F4
SOBUVNE12A8C142C80,SOVYFRR12A8C141ACA,SOKBXNR12AB01856B8
SONRRDM12A6701E6E7,SOULEZZ12A6701FE16,SOBYHLQ12AB0188D22
SOTHSQF12AAF3B247A,SOVGFLW12AB0182864,SOJKDKH12A58A761A2
SOHCYZT12AC907174A,SOWRERM12AC907174E,SOBRVRZ12A8C132DE5
SOTKQWV12AB01854EE,SOJZQRL12AF72A1868,SOLHRDI12AB017A671
SOFUQXI12AC90713C2,SOCZOVV12A58A7C626,SOXCPBW12A8C13D533
SOLYLAQ12AB018A0C1,SOMTZGM12AB0187CA0,SOJPGDA12A67ADE6F2
SORPSAN12A8C1361CE,SOYNFCY12AB0182632,SOXQBPF12AB017F9DC
SONEDRM12AB017E57C,SOJRPXM12AB0186ED0,SONUKZO12AB0186968
SOHZGOY12A81C2077D,SOEPOHV12A6D4F9309,SOUXAJS12AB0184E3B
SOLWKRH12A81C21F72,SODEYJU12A81C21F6D,SOCDPNU12AC4689C24
SOSPTMX12AB018835F,SOJSONJ12A8C135C87,SOGJJRG12A670216A1
SOYIUDX12AB0185A33,SOYOBLW12AB018826F,SOXXISA12A8C13686A
SOIKIJC12AC3DFB3D2,SOBNSFW12A67020E2E,SOFTOQS12A8C1414E2
SOIMAVA12A8C13D619,SOFLRZW12A6D4F9E75,SOPWLNM12A8C130708
SOHGHMH12A67020155,SOILKMT12A6702015A,SOYQTYH12AC960A1BD
SOXNTSB12AC468F902,SOVGVPY12AB018668E,SOIVWKB12AC468E1B5
SOFGNLA12A8C13AFD5,SOSLDEG12AB01843E9,SOITLHT12A58A7CB84
SOBXQUS12A8AE47B3F,SOGPOTF12A8C138CF3,SONDBWJ12AB0182F41
SORMEHL12AB0189EEC,SOODSRB12AB0182D3F,SOVKCQV12AB0184645
SOIMPUA12AB018EAFD,SOJXCFJ12AC468C5B6,SODAAWB12AB0181414
SOQDTSL12A58A80D81,SOMFFJM12A8C134521,SOTXLCS12AAF3B39A5
SORFDKB12A6D4F469F,SOPDVGH12A58A7D4DF,SOGAWCF12AB0189C0A
SOEECGU12A58A7CF67,SOXTZLA12AB018996A,SOZLWTZ12AF72AB229
SOQJIMP12A8C13B0B1,SOMYGHQ12AB018D893,SOCMCQD12A8C134949
SOSZFJT12AB0181E84,SOKTPEY12AB018170C,SOZLJRT12A8C13F9F4
SOVDZEB12A8C142A45,SOGEONB12A8C1429C7,SOHOXHT12A8AE46B00
SOEGJPY12A8C134B1B,SOSXQSR12A8C13ED67,SOFBGFT12AAF3B5475
SOVGKUM12A8C13A00C,SONDQVL12A67ADD807,SOJQLDK12AC468E6C5
SOYJEZN12A8C13C575,SOJWHTL12AB018283A,SOYNAJJ12A8C132FD1
SOVVPHI12A8C13BDF1,SOZFZUA12A8C13DCD0,SOCEJUS12A58A7AD81
SOWTKVH12AB0185C53,SOLPRSM12AB01843EC,SOSKOHU12AB0184001
SORZVQF12A8C140B5A,SOXRCLZ12A81C23069,SOBGRIE12A8C132032
SOZJOCD12A8C138200,SOMULQH12A8C138213,SOVUPGX12A6D4FA7CF
SOKFJWS12AB018C456,SOYRZIV12A8C143943,SOUXAAJ12AB0189695
SOQSBTI12AB0180DB0,SOGVWEU12AC46890C2,SORFRWZ12AB0185294
SOTISUY12A8C13C001,SOPIOCD12AB0180EDD,SOBTERK12A8C1365F5
SOJUZYJ12A8C13D33E,SOYSTUJ12A58A78605,SOKSRFB12A8C142280
SOYYETY12A8C13B03B,SOFRBDS12A8C13CAA9,SOEKXJI12A8C1451C1
SOPATVP12AB0187BE8,SOOVXCW12AC4689C54,SOHPDWA12A8C1368E2
SOHZGOY12A81C2077D,SOEPOHV12A6D4F9309,SOCDBLK12AB018CA2D
SOJSDJK12AB0184475,SOIAMPB12AB01809CF,SOVXQCH12A8C133EA1
SOLCFAU12A8C141408,SOSBBBW12A8C133D99,SOTQIGY12AB01892F3
SOBIKQT12AB018461B,SOQEXPU12AB01839AC,SOIDYPH12A8C13785C
SOHNTCE12A3F1E997C,SOWBFRD12AB017EA35,SOIVTVW12A8C1434BB
SONTJMJ12A8C136AA6,SOYDTMF12A58A7AE8E,SODKJNG12AB018F52D
SOQGXTJ12D021B2269,SOZFXGN12D02193D80,SOOEPUA12A6D4F6BEE
SODAYYQ12A8C13D77B,SOKHUYY12AB0184EF7,SOQBFIA12A8C13BAA2
SOCXXYM12AB0180E78,SOGRJBQ12A8C13EFF4,SOLSNKH12AB0186968
SOAWSPX12A6D223AB8,SOHWJYO12A8C13B509,SOUQDRD12A8C140BD9
SOMASOQ12AB018ACC8,SONIMPI12AB0186C14,SOYOPWA12A8AE48A5A
SOEGPHS12A58291B65,SOHDVUH12A8C13ACCE,SOSJJJM12AB0182468
SOWKRGH12AB017ED9A,SOWDKRJ12A8C13DD23,SOWSDOC12A81C2172A
SOTMUVJ12AB01812DF,SOHURSQ12AB0181297,SOFGIXZ12A81C20786
SORWQRH12AC468C033,SOYJTIE12AB0188AAE,SOBOTDV12AB01801FB
SOHGHMH12A67020155,SOILKMT12A6702015A,SOKSPIH12A8C13FE27
SOQIWJU12AB0188173,SOQCEFG12AB0185C53,SOBDGPL12A6D4F85EF
SOSHJCX12A81C22B38,SOJHBHL12A81C222DB,SOZKCNZ12A6D4FCAA3
SOCMHVU12A8C13A274,SOGBVCL12AB0187F83,SOMESBD12AB0188084
SOBFIRL12A6D4FD717,SOYCKDU12A6D4FD715,SODWIDL12A6D4FA5F2
SOJYPBE12A58A7A994,SOIPGMQ12A6D4F8A10,SOLGQGF12A8C137670
SOWONAR12AB018A39C,SOEYQZU12AB018DDB3,SOANOBW12A6D4FE698
SOVRYAK12AC468B073,SOJSVXY12AC46891D9,SOTYHBU12AB018AC46
SOIMGHD12AB0187CD9,SOGHTLP12AB0187CE8,SOMCKUB12AB018BD24
SOAORIB12AC9072D42,SOQMCZO12A58A7ADAD,SOBMYGR12A8C1430D7
SOHKXAC12A58A7F6E5,SOKKMRS12A67ADD134,SOBOEIR12A6701EF08
SOZNVWK12AC468C78F,SOZGIWI12A8C133981,SOERPVK12AB0185466
SOCNCAD12AB0187375,SOLAZFN12AB018A094,SODDGIU12AB017F11A
SOOVOGW12AB018C389,SOJCSBQ12A6D4F8645,SOGZLJZ12AB017B93A
SOQBHAU12A6D4F669C,SOKRJED12A6D4F48FE,SOBXEAC12A8159E915
SOAIGOQ12A6D4F9A76,SOHIUXB12A8C14321A,SOZTNUV12A58A7FCB5
SOKYMLJ12AB01832EC,SOUJOSM12AB01832C6,SOKYUXO12A8C143C91
SOMTOIU12A8C135EC0,SOCYGHW12A8C1377C5,SOGNXET12A6D4FC5FC
SOOMFBO12A8C13433C,SOFBQQT12AB01898D3,SOMSODJ12AF72A1953
SOHTLGE12A8C131CDA,SODJJKU12A8C135328,SOEOMAJ12AB017E36B
SOUKSBZ12A6D4FB41A,SOLEFQZ12A6D4F68FD,SOZPGUT12AB017B0C7
SOMHUOT12AC468C48D,SOJAWWR12A6D4F90D5,SOXJYUC12AB0184CC6
SOZCDNG12AB01864FE,SOAEOIV12A8C13DDE7,SOQOHJY12AB018C91B
SOBGCPC12A8C1354BF,SOFNCMV12A8C13C5FA,SONIMPI12AB0186C14
SOKZCJZ12A8C13972F,SOFRDRA12A8C1419D9,SOTHBEP12A8C13084F
SOBOIEE12A6D4F9D1B,SOWAYMQ12A6D4F4979,SORENUS12AB017DE55
SOTLTJR12A81C2065D,SOVYKZM12A81C2210E,SOTIULM12A8C13E99F
SOLIGWO12AB0182C7F,SOJCMNH12A67ADAB5D,SOZQIPX12A8AE46511
SOSEQWD12A81C21F43,SOEUTRM12AB017E140,SOPONPI12AB018A8AF
SOGRUJA12AB01859FF,SOHZTTU12AB0188323,SOEDXTY12A6D4FB0ED
SOFQLOD12AC468A7A5,SOJBGYO12AC468E5CF,SOEBMWB12A8C139709
SOJUSHP12AB01857B2,SOHHVWE12AB01807D4,SOUAIJT12AC95F077E
SOHBOTV12AB017BA60,SOTKSMG12AB017BA68,SOIJEWM12A67ADA08D
SOAAINA12AB0188C0E,SOKINIK12AB0188C03,SOJVSSI12AB017F86A
SOPLHEW12AB018621A,SOFUXTU12AB0181366,SOJIYIZ12A58A7D197
SOGSVYR12AB017D7C3,SOKVNWY12AB0187066,SOMCCSC12A8C136A6D
SOTGFET12A81C22C5D,SONQGUL12A81C22C4E,SONNCUB12AB018A8C0
SOYSVHF12A8C13EA00,SORPHST12A8C13EA08,SOLFFYA12A6D4FE097
SOETEOY12A8C1377E3,SOHZDUX12A8C1377DD,SOJAVQR12AB017B1E1
SONIRAF12A58A77EF4,SOUPTKW12A8C1375BF,SOYOJMT12A8C13159F
SOCYTFB12AB017F7CE,SODMAWK12AB0188985,SOLRCNH12A6D4FB912
SOXHYBA12AB017B32A,SOFRXRV12A8C139657,SOEHIPY12AB0184AC5
SOHYTRK12A6D4F8EEF,SOYCMXC12A6D4F7800,SOFBVFK12AB0187D20
SORSTPO12AB017FE28,SOUMRKX12AB017EAF9,SOHXBXQ12A6D4FB1C2
SOXCYMR12A8C1326DA,SONHAKV12A8C13A123,SOVBJGB12AB01802A5
SOXTXUA12AF72A8963,SOKXBSO12AF72A8B23,SOLQNMW12A8C13A068
SOTKQDC12AB0183DD7,SOMRXYL12AB0183DCE,SOKFEDX12A6D4F7860
SOTWJNY12AB018B214,SOKAQQI12AB0189752,SOEIWEJ12A8C13B43C
SOPPXXR12A81C1FFA0,SOQETGE12A6310EAE1,SOBEBQW12A58A775D1
SOQHUQW12AB0189F4A,SOSMJQM12AC4686FC7,SOCXBIM12A8C14070E
SOJBPQJ12A8AE4738C,SOJCZJK12AC468BDA7,SOLURBR12AC9075364
SONOCAU12AB017C98A,SODOJUW12A6D4F6FB2,SOJTUMW12AB018B59A
SOWZJZE12A8AE488D4,SOTZLVH12AAA15EE08,SOYOSWO12AB0189D97
SOERQHK12A8C142D75,SOLQNMW12A8C13A068,SOUUYPM12A81C20F0D
SOIRVLZ12A8AE4737A,SOFMAZT12A670205A1,SOJBJAO12AB0183A1D
SODWWWS12AB018314F,SOGNZXB12AB0184DD4,SOHHMXP12AB018264D
SOOGZTT12AB018A256,SOVQFUY12AB018A77D,SOBFIVA12AAF3B2CCC
SOPWBWP12A8C13F966,SOHGVHR12A8C13AAB4,SOJCXNZ12A8C143C36
SOGNLLZ12AB017F096,SODNWKY12AB017F0AC,SOFFVPT12A8C1370D1
SOBWQJM12A58A7CF93,SOUEZLK12A6D4FBA57,SOCBYQX12AB01840B3
SOWMXRQ12AB018B0E6,SOAZOTS12A58A7EDEB,SORMZJE12AB01815F5
SOUYEEB12AB018153B,SOCUSIS12AB017EAEC,SOOUUZQ12AAF3B25F4
SOHXXYJ12A67021237,SOLFLSO12AB017F7C1,SONSLJP12A8C136FF9
SOBDXAE12A8C142025,SOIJSCJ12AB01893BB,SOZZLZL12A8C1367D7
SOSYWAY12A8C13A425,SOTNINO12A8C13E170,SOWHQII12AC4687146
SOVZVPT12AB018A59E,SOGWSIE12AB018A5CA,SOHIHQF12AF729FC01
SOROGUW12A58A7CAFF,SOZJBVQ12A8C1423B6,SOJWZGJ12A670203B7
SOJCKRB12A58A7CE49,SOKCRPX12CF5F88A2F,SOKRURG12A670206F3
SOAPTZY12AC468B488,SOABGZV12AC468A936,SOVYMDF12AB0190444
SOAOCAG12A6D4FA89E,SOKEKUU12A6701F963,SONIYKB12A8C13C92A
SONABUQ12A8AE46B2D,SOSHIAD12A6BD4EF86,SOQDYXQ12AB017BDC0
SONILVL12A8AE47AFB,SOPDVDV12A8AE47AF2,SOZWECJ12A6D4F5229
SONFKIG12A8C1414BF,SORWDHL12A8C14450E,SOBPVOZ12AB01868D4
SOEPDJY12A8C140E44,SOFNXTF12AB017D8B6,SOYYXTC12A8C143393
SOXMDLV12A6701E69E,SOEZRLV12AB018107F,SOACRDR12A8C14150E
SOWAYMQ12A6D4F4979,SOBOIEE12A6D4F9D1B,SOSDFMS12A8C141FA3
SOKZMIK12AC9E154E9,SOBYPFC12AB018252D,SOALFUO12AF72A4B98
SOTTUGH12AAA15EB5F,SODHEUA12A6D4F97B9,SOYSYXN12A8C14192A
SOSDDTD12A8C137F17,SOKRYMT12A8C137F3A,SOHTXVD12A8C1339F9
SOSDQSD12A8C132719,SOMYKNV12A6701F898,SOQTZWV12A6D4F9D54
SORBDJL12AC46867B1,SOOIIMT12AC4688494,SOFIIUT12A6D4F993D
SOPBXLN12AB0187F53,SORXNEB12AB018505F,SOERSNE12AB018DCF3
SOOOXHD12A6D4F6564,SOUNCES12A6D4F7A2B,SOTAWSH12A58A7B903
SOEXVLC12AB018AAE6,SOZTDIN12AB018AAD1,SOLYTPN12AAFF41634
SOYVAAQ12A6D4F8026,SOAXRPH12A6D4F802D,SODFDVM12AB01819D2
SORUVZA12AB0188823,SOMJZIT12A8C138BDE,SODXJGJ12A6D4F9E5D
SOKLDSG12AB0188032,SOUAOPT12AB0182B82,SODMFYF12A8C143F48
SOQDTQP12A6D4F793F,SOTOYAE12A6D4F795E,SOWKBRB12A8C140063
SOTTCJX12AB017E2A0,SOSQPYX12AB0180671,SORGBAN12A6D4F711E
SOIFELO12A8C133426,SORYMFT12A8C131F60,SOGRBHV12AB01823C4
SOZIATX12AAF3B31F0,SOAWFDJ12AAF3B4057,SOUWZHP12AC9071893
SOBFKGJ12A6D4F6992,SOWWQOH12A8C13BBE5,SOJABTU12A58A7E1CA
SOROITO12A8C13292C,SOPLPVG12A58A77BDE,SOTOFWC12AB0188C1C
SOUQVUD12A8C142DCE,SONWOUM12AB018555E,SOUWVXK12A8C13CAB9
SOMZOXJ12AB0181BE9,SOAKXYX12AF72A085C,SOXBKGA12AB018AF59
SOXVQYF12A8C143591,SORQUCA12A8C143CCB,SOHZJIH12AB018B3B9
SORXZTW12AB0183775,SOKQYBC12AB0183C87,SOFTNCB12AAA15CFC1
SOGRJSY12A8C13C25E,SOCDZMU12A8C13C256,SOVYKHK12AC3DF4D3A
SOEPTKX12A8C13FEE4,SOKDUHV12A6D4FC256,SOUQKFN12A8C13DC40
SOBDTFX12AC468871E,SOMZXIG12A8C13F3A8,SOQDWPD12A8C142F0D
SOHIDIL12A8C13A320,SOASXZU12AB017E6A0,SOQZNQI12AB018DF24
SOHCYVK12AB017BBF2,SOMYTZI12AB0185326,SOYWOGZ12A58A771C8
SOACAKP12AB018638D,SOHRSFR12AB018502D,SORUTNO12A8C13D2F5
SOWFKWE12AB017AA60,SOPFQPQ12AB017D88A,SOHYJNO12A8C141469
SOLWSYC12A6D4F784B,SOYJISN12A8C132647,SOXLIDG12A8C139D77
SOQXOXK12A81C219E6,SOLWTTZ12A8AE482DE,SOALWZX12A6701C593
SOZBLVQ12A8C13B626,SOPQBMG12A8C13B60F,SOFFFRA12A81C2059A
SOMEYFE12AB018BA5B,SOZPXLH12A58A7A054,SOGQJWD12AB01860EB
SOTSJPQ12AB018566C,SOOWECT12A58A7C65F,SOKJDLN12AB01826D9
SOIHPNK12A58A77BCA,SONSCZT12AB017F6FB,SOFFIQX12AC960DA6E
SOBIFKJ12AB018A76E,SODJHAQ12AB0189D11,SOBACYS12A8C13D6A4
SOKULWV12A58A77A7F,SOWKFNZ12AB018263B,SOLKHLK12A8AE47A23
SOJDOWV12A58A77C06,SOPVFQR12AB0182066,SOAIRDS12A6D4F89AB
SONMJVV12A8C137B61,SOCVVDY12A8C13FB82,SODHGVJ12A8C13E292
SONGFIW12AB0186765,SOSJKZM12AB018676F,SOTHEYF12AC4689772
SOOGFRB12A8C13F17D,SOILNKY12A8C140020,SOTBOTH12AB018B4CA
SOURYTM12AB0188425,SOTVVJC12AB0182DA3,SOKHFOD12AB017CC40
SOFFNZB12AB0187604,SOANANJ12A6D4FAB15,SOOFESB12A8C133038
SOPMBGG12A8C13ABF1,SOXWRVB12AF72A5CD6,SOTZHQK12AB0185045
SOIBCDY12AF72A64F7,SOHNUTU12AB018CA1F,SORQBAD12A67ADADAB
SOUPSLG12A8C13E734,SOFUKIK12A8C141B0C,SOREMGH12AB017F46F
SONQNNU12A8C142364,SOUAFNT12A81C1FDDC,SOFRDRA12A8C1419D9
SOCZOTF12AB018C245,SOMGTTY12AB0185986,SOJTXIO12A6D4FA422
SOADJAQ12A8C13F520,SOCXULH12A8C13F551,SOINZSY12A8C13D573
SOKARQT12A58A78B7B,SOKHPLD12A6D4FA191,SOOVYVU12AB018AF75
SOVZQMT12A67ADC841,SOUVTOG12A67ADAE5C,SOOPCJF12A6D4F911E
SONIONZ12A8C13FBCC,SOCIUKN12A8C13FBED,SOHUUPU12A58A8125C
SOHGAUG12AB0186E6E,SOSSPND12AB0185B1D,SOGSQSF12AC3DF9A34
SOKQMFC12A8C13D613,SOBHQEH12A8C13B92C,SOWGYIE12AB0184BAD
SOUTTKR12AAF3B1862,SORLFNC12AAF3B1869,SODGLJF12A8C13DBDB
SOYXJLO12A8C14459D,SOKOFGD12A8C1445F8,SOWTBKH12AB0180098
SOSFYFN12AB017AB81,SOMYIFM12AAF3B5E69,SOKTGPP12A6D4FB0A8
SOEVYJI12AB0185429,SOIWLVD12AB018542D,SOCKZDX12A58A7B950
SOMLZER12A8C134C00,SOBCVXS12A5892055C,SOSDGQX12AB017F943
SOBEZHZ12AC9E1469D,SOPIEIV12AB018B357,SOZDUAW12A8C135B29
SOTJXIH12A6D228208,SOXMIKP12A6D22820A,SOMXWQD12A6D4F85B0
SOOBWVV12A67AE044D,SODUEZG12A67AE0465,SONGTAZ12A6BD55CB0
SOIWPZV12A8C144348,SOHYFUF12AB018BEAF,SOAFQBD12A6D4F4D51
SOZGUKP12AB018A2E2,SOCPRKM12AB018A2FD,SOYVYFE12AAF3B38AB
SOBQVCQ12AB018DC8E,SOGHGKW12AB0187985,SOEZKCH12A8C13B81A
SOFUYXC12A8C13AAFC,SOQQSEA12AB0185E3C,SOPSUYT12A6D4F93F0
SOPCFPS12AF72A8766,SONQIJJ12AB01870F8,SOOVOGW12AB018C389
SOKQMFC12A8C13D613,SOSUNSR12A6D4FADE2,SOUKUEY12AAF3B2A69
SOAPHSU12A8C140EDD,SOXTTDO12A8C140F07,SOUWZQL12A8C141616
SOUYECN12A8C1368A3,SOGBRHN12A6D222755,SORYGJT12A8C134ABC
SOTRWEE12A8C1344EA,SOEQMWJ12A6D4F7D09,SOVAEWG12AC90712AF
SORHDVT12A8C1394BE,SOHTQFO12A8C13A253,SORIIPU12A6D4F712F
SOQWTUZ12D021B3D8E,SOGRJNF12D02191C46,SOIUJEF12A8C13C878
SOHKWBB12AB01874A3,SOHGCAD12AB0189957,SODNJHI12A6701DBFF
SOUIRFR12AC9097987,SOUXECQ12AB01836DB,SOTURHB12AB018691B
SOJGNJV12A58A7ED7C,SORUEWT12A6D4FB33D,SOEFMBB12A58A7D005
SOIVMMX12D021B410A,SOPASZA12D021B39EA,SOKSRFB12A8C142280
SOUZYQO12AB018939F,SOZEHJM12AB01893B3,SODUSJS12AB017F117
SOIKLVB12AB018DDB4,SOMBFYF12A58A7E5B1,SORZVAB12AB017F819
SOELXYC12AB0184A21,SOSUXEQ12AB0181C02,SOGUEML12AB01850DA
SOEIILZ12AB018A2BD,SOXPEMR12A6D4F7E71,SORNHDL12A8C134218
SOJOBVT12A6701E062,SOWQVVZ12A58A7B65C,SODHLGH12A6D4FBC6A
SOHTSLJ12A8C13EFDD,SOBQPAN12A58A7836A,SONICOM12AB018C0E0
SOCTCXB12A8C13BE4C,SOWNSPL12A8C139E7C,SOVYPZU12AB0183C62
SOJDXQY12A8C1347B8,SOVPVKS12A8C132977,SOTIHTH12A58A7DEC8
SOCDTWN12A6D4F8EA0,SOTWDHO12CF5F8824B,SORITBD12AC468DA9B
SOUMEUN12A58A7AB22,SOVVMVD12A6D4FB484,SONWZLB12AB017EDE6
SOFVULN12A8C137491,SOWTAHW12A6D4FD991,SOKLZXF12AB01887C4
SOLXQYJ12A6D4FBE88,SOJAMER12A81C23964,SOTBIWC12A6D4F88FF
SOHQNYF12A8C1421AD,SONAPYJ12AB017F7D6,SOIIKPA12A6D4F9E3A
SOPRJEY12A8C13CD8C,SOWFSEL12A8C13CD87,SOZUPRG12A8C143BC9
SOVVVXB12A8C142585,SOQNLQX12AB018AFF7,SORGEGW12AB017AC5C
SOUCHUR12AB018756B,SOGKAGF12AB0187767,SOBHXTA12A58A7CAC4
SOWPTXM12AF729D122,SOXHIQP12CF5F875C5,SOWZCNM12A6D4F78CB
SOYCGJJ12A8C13812A,SOVWRPH12AB0185667,SOQQHYU12AB0188B80
SOLIDWN12A8C1411A5,SOOCTOA12A8C13C2BD,SOMGLWF12A6310E9A1
SOLQYFH12A6D4FBD4B,SOCJOGB12A58A7D645,SOWCGXV12A58A78F47
SORIIPU12A6D4F712F,SOGKBRD12AAA8C85B8,SONAITJ12A6D4FA94F
SOOPSMX12AF72A2686,SOECMVU12A8C1421F6,SOJQYUY12AB018B48F
SONPZSJ12A8C1413AB,SOJMSUF12AB0184626,SOFURTM12A8C13EC57
SOIWTHZ12A6D4F2A1F,SOCDSGJ12A6D4F2A29,SOJZGSD12A6D4F6282
SOXEYCY12AB0181C2C,SOOZWTI12A8C13FD9C,SOFJELN12A8C13EBEE
SOBMQUZ12A8C136DCD,SOABMSR12A8C1362A4,SOAWCPI12A6D4F901D
SOEKRGE12AB018600A,SOWFGJE12AB0186F93,SONIDSY12A6D4FC3E8
SONAPYJ12AB017F7D6,SOHQNYF12A8C1421AD,SOSGMWU12AB0185337
SOEKXJI12A8C1451C1,SOFBUUG12AF72A4E5F,SOQJQZY12A8AE477B0
SOIWIWT12A6D4F9F7D,SODUVBS12AB0182180,SOUJMKT12A8151AB73
SOPZIOA12AB018E385,SOWJQEZ12AB018E371,SOKIGYH12A8AE483C2
SOSXSVK12AB018A990,SONPUFK12AB0185790,SOZFUOX12A8C135DBB
SOSVWIE12A8C143BD4,SOQYKUT12A8C143BC7,SOTAGIH12AB018152A
SOACVVG12CF5465185,SOTJZBJ12A8C143A71,SOBGPAH12A58A78C55
SOTXRBE12AF72A384A,SOYCSCN12AB0182ED4,SOINIWW12A8C141DA9
SOOHNBC12A8C13A5AA,SOQTKOD12A8C142D86,SORETTD12AF72A3301
SOELQTU12AB018949D,SOXVQUA12AC9097BD2,SOBVBME12A6D4FC367
SOPDWWM12A8C137CC0,SOTEWLQ12A8C138B3F,SOLHOKF12A8C139C65
SOJWQZD12A58A79588,SOSUMBT12AAF3B2FA0,SOKEGBX12AC468A277
SOUMINF12AB017F715,SOUAYCR12AB017F70A,SOHRCGK12A58A7C396
SOIQNTY12A6D4F5FE9,SONQAVF12A6D4F5FE3,SOYVXXE12A81C23333
SOQEUPY12A6D4F948B,SOJFQRT12AC9E15006,SOQAJSY12AB017B400
SOJRGMD12A670206C6,SOMPWPF12A67020F5A,SOEOECI12A8C13AA0E
SOULRSQ12AB01826FF,SOQFNMH12AB0181061,SOCQVRD12AB018B84B
SOLPZTM12AF729F69C,SOWNCGX12A58A7916F,SOQLJBF12A8C13942A
SOSRYBJ12A8C13F57B,SOQZOZT12AB018DAEC,SOPMKOE12A8C141ED8
SOMSPYS12A6D4FEDBB,SOLYCWK12A6D4FEDC2,SOJVIWA12AB0189127
SONJQZM12A6D4FBE30,SOJNWMM12AB0185948,SODMMUE12AB0186A6F
SOIZLAC12A8C13E2E5,SOJMLJM12A8C13F463,SOHYLOT12A8C13F8A6
SOBIFKX12AB018523F,SOPHBXZ12AB0185258,SOCDFVS12A8C13646C
SOKYZXX12A8C143067,SOYYEYF12D0219AFFE,SOKYYGN12A58A7C856
SOYTARL12AC9097F28,SORKQQQ12AB018B2B3,SORAIKD12AB018A306
SORPZWS12A58A7AC12,SOAAUGN12AB01830B6,SOKWHWW12A8C135136
SORFAVN12AB0185FD3,SONJPEJ12AB017D462,SOKDDNE12A6D4F9D29
SOPQTWV12AC3DF9853,SOVXYYO12A8C13B254,SOGHIOE12A58A7EC3B
SOIPEKK12AB01805B4,SOSOQET12AB0181A68,SOWPJKO12D021995E9
SOUTVSP12AB0185C32,SOQZVZI12AB01880C2,SOISYQW12A6D4F9F0C
SOCXVET12AB017D97D,SOKZWEF12AB017D990,SODBDXF12AB01844FB
SOVGPHM12A8C143F7A,SOHVIRY12AB017EC8F,SOTJBAF12AC468B3C3
SOBAMRQ12A8C141DF3,SORTZRZ12AB0185C09,SOBVVUL12AB0180166
SOCSZBL12CF530E5B0,SORCKJU12A67021859,SOAJXIJ12AB018810B
SOALFUO12AF72A4B98,SOFQAZF12A58A7EE50,SOCWECF12A6D4F95A8
SOSSDMO12AB0189818,SOEKNKW12AB018980E,SOYPPUX12A58A791F8
SOTKNFU12AB0180FF3,SOBLNUQ12AB017C118,SOGLYQJ12AC46867A9
SOIGMUT12A6D4FBB31,SOQJOUF12A6D4FBB4D,SOGEXVT12AB017FA74
SONRQRW12AB01880EC,SOJOMPY12AB01841A3,SOUAIJT12AC95F077E
SOAWTPI12AB018E6AA,SOHBVSI12AB018E6A5,SORRIND12AB018BB53
SOORGAU12AB018D697,SOQMDVG12A8C141CFF,SONRHJA12A6D4FB6E6
SOMSQHR12A6D4F51CE,SOYFLYQ12A8C1324FE,SOKACLL12AC90729F4
SOTDEOI12A8C133947,SOKLZWA12AB0187C07,SOUECYK12AAF3B3AC7
SOFBQIA12AB0182219,SOSBDSF12AB0189007,SOHRNGT12A8C132416
SOERQHK12A8C142D75,SOLQNMW12A8C13A068,SOVPKNN12A8C130D15
SOFBIME12AB01898AB,SOBDEHK12AB01869EB,SOTCYVC12A8C138F87
SOBRXPM12A8C13EF07,SOMHGYZ12A8AE494C3,SODDMGH12AB0187385
SOYCGRT12AB0188570,SOAZNXN12AB0181DC1,SOMDQIU12AB018778E
SOXVTRA12A6D4F9EAD,SOHUYNT12AB018B196,SOQVPTA12A8C13F598
SOXXYXY12AB01851E5,SOMLRBT12AB0186071,SOCNYUB12A6D4FA9C6
SOXEJWJ12A6D4F875C,SOKAQRE12A6D4F875D,SOQBLLX12A582A2BE0
SOEHWLP12A6701C6DC,SOFBPCQ12A6D4FB176,SOWYCWG12A81C1FAEA
SOVNPEU12A8C13A635,SORAQWN12A8C13CEFD,SOKBAVR12A8C13441F
SODWBMK12AB017F400,SOAKDLX12A67ADAFC5,SOXIDGX12A6D4F7BB9
SOGCRPB12A8C139E41,SOBBECE12AB0181CF1,SOMQCUL12A8C1325E3
SOXBTSG12AB017CC5B,SOYEZID12AB01824FA,SODJNSR12A6D4FB7CE
SOLLWDS12A670203C9,SOHSNJS12AB01831C4,SOBRSSS12A8C1340B8
SOCICPF12AB018CDBE,SONNFQD12AB018E2C4,SOWEFTO12A3F1EB976
SOKRLXS12AB0183E51,SOZLEZA12A58A7EE61,SOWOZLR12A8AE46E3C
SOAPDFF12A8C136862,SOMBHGM12A8C136B22,SOKUUCC12A8C138A85
SOBJTPN12AB017EF12,SOWCCIF12AB0182CF8,SOXUTBN12AB0188E0F
SONPKIF12AB018164F,SOVQIJC12A8C141CF6,SOFOSWD12A6D4F9089
SOHMJHX12A6D4FD4B3,SOLODHY12A8AE44F05,SOBNXYN12A8C13D9FC
SOFVQBC12A8C13F1AF,SOEGXTF12A8C13E8FD,SOQZDFA12A8C1405A9
SOJKAQK12A6D4FA4BB,SOTHZMU12A6D4FA4BF,SOXLOTM12A6D4FB054
SOWDSNW12AB017F34D,SONCMAL12AB0188CD0,SOAZTBX12AC4689A69
SOQOSVJ12A8C13251F,SOWKXQT12AB017DB38,SOXXGUW12AB018CDCA
SOOGNJP12A8C1381AD,SOIIRHU12AF72A4D7C,SOYJGQQ12AF72A6039
SOURQCZ12AC468CA6C,SOKYQQO12AB0185083,SOOBUSL12AB01824AA
SOJBTML12A6701DC22,SOIQWKL12A6D4F7943,SOTHBEP12A8C13084F
SOEUIGT12A8AE46C41,SOFUXFJ12AC468BC2E,SOFNXRO12A8C13ACD2
SOUFIFE12AB018C1D8,SOFMLDL12AB0186D96,SOSZJIH12AC90712C3
SOVGXXV12AB018AF65,SONOYPK12AAFF44443,SOVDFJY12AB0184C00
SOZXMHC12CF5F887EC,SOLGPPJ12CF56650B4,SOXAOYF12AB01894B8
SOATMDI12AB0187800,SOYUOOY12AB0189C19,SOFLGMJ12AB01885F6
SOHMLNS12A58A7DA68,SOWTHTG12AB0180B28,SOBNLJB12AB01822DE
SOKCVGR12AC468D3AE,SOLISOZ12A6D4F8D33,SODVIWU12A6D4FCDA6
SONFFRT12AB0188599,SOVBLDE12AB017F8AF,SOXRTKD12AB018589C
SOCFGAK12A67020B28,SOXHGGJ12A8C13AC2D,SOBTLZH12AC468E008
SOUMWSY12AB01869E9,SOUSUUY12AB01869DB,SOAUQHF12A6D4F9392
SOWWNMS12A8AE45B2C,SOXUQVP12AB0188B59,SONDBCA12A8C13B44D
SOXNWXY12A6D4F8C53,SOLLHHP12A8AE4662A,SODGXZY12A8C13BA84
SOJPMZK12AC468D05E,SOKKOKI12AC468A1C0,SODYZVS12A6D4F5E46
SOEOMXK12A8C144314,SOBZLTI12A8C141ADF,SOEOKOQ12A8C131E54
SOTRKNE12A8C136EBA,SONVUZH12A8C136E77,SOSJVGP12AB0185B95
SOIKMTH12A6D4F893C,SOHCMZK12A6D4F8933,SOWQTLC12AB0184CB5
SOFYFAO12AB0186306,SODYGCX12A8C131EE4,SODVEEU12AB018CB92
SOCMBRK12AC468B39A,SOBVUBT12AB018BFAA,SOHDQGG12AB018794E
SONMIVJ12A58A76E0B,SOZOXLI12AB018733C,SOAAMLZ12AB017E3A6
SOUUJHP12AB018FA32,SOTNLCJ12AB018FA13,SOQBQDM12A58A7E63D
SOSBHRD12AB01889A4,SOAENKU12AB01879A8,SOIRCWN12A6D4FC58D
SOWQTLC12AB0184CB5,SOEPHJQ12AB0184C9F,SOTZHOD12AC468832B
SOKAQQI12AB0189752,SOTWJNY12AB018B214,SOZEQBW12AB01900BC
SOQJAID12A6D4FB775,SOYTZPS12A8AE49E42,SOCVZCV12AF72A174B
SOEFZVQ12A8C138735,SOPPWWP12A8C138DD8,SOAXICS12A8C13CFB4
SORVXJF12A58A7F19F,SOCOEXH12A6701F23F,SONSDBM12A8C141DEB
SOZAATU12A8C1350EF,SOFDKQV12A58A7D7D1,SONBTCV12AB0185B43
SOTKFZY12AB01863F3,SORAANV12AC468B50C,SOMGTDZ12AB01816D5
SOFWGCC12A6701C018,SOEJOWS12A6701C01B,SOUUWXA12A8C142927
SOMDFUG12AB017B459,SOUBNQC12A8C13A400,SORSIBU12AC468E2E3
SOKUECK12A8C140B7F,SOLFJYV12A6D4F9731,SOUFOUD12A8C1350CC
SOHADEK12A8C138978,SOBTQGA12A6D4F9306,SOXVPWE12AB01894BD
SOYIRSW12A6D4F72C4,SOVXPHJ12A6D4F72BB,SOSXBGH12A8C13AE23
SORQFKY12A8C14178C,SONVTNT12A8C1403B5,SOLNXZU12AF72A2B29
SODBCFD12AB01832B1,SOVNOTY12A8C13ABD2,SOVURQM12A58A7EA86
SOKRHDB12AB0189FEF,SOHQQRM12AB01893A4,SOJXDIE12AB017EA9A
SOEERLC12AB0181672,SOOZHLA12AB0184255,SOYQOTZ12A6D4FCD86
SOZKFBS12AAF3B345D,SOQFYBD12AB0182188,SOLQMOZ12A8C13BB99
SOYTFSY12A6D4FD84E,SOFBEZC12A8C13DB43,SOBUTTO12A6D4FD6EB
SORBIHT12AC3DF8544,SOFOZRT12AB017F1CA,SOCUWKH12AB017C742
SOEDYLR12A8C1385E3,SOFUNWZ12AB01831A9,SOCCKSB12A6D4F7BB4
SOBPRXH12AB01824D8,SOYNMUG12AB017FB36,SOSBMRS12AB018BA2F
SOFWTMY12AB0187044,SOIOTOT12A58A7D5EF,SOMVVIX12A6D4F4544
SOESMAA12A8C13FE98,SONHIIP12A8C13FE9B,SOFNXTF12AB017D8B6
SOKFBUR12A8C13F9F9,SOEDJUZ12A8C13F9D3,SOLFTFD12AB0190254
SODZYQD12A6D4FB658,SORYGJT12A8C134ABC,SOQTJWB12A670218FD
SOPELZR12A6D4FE515,SONUSYY12A6D4FE54A,SOCPEKZ12A8C1358BB
SOUKKCT12A8C13A8A8,SOPYUKJ12A8C13A884,SOOMWCA12AB01834ED
SOQUFVS12A8C14245D,SOSVBAI12AB01838A9,SOUWSCJ12AB0184B12
SONFWBB12A8C136276,SOYGJTV12A8C136235,SOCVINZ12AB0186F7D
SOZCMGS12A6701F2B4,SOAKJEA12A6701F2BA,SOFUGBE12A58A798BA
SOFXIYV12AB01811DA,SOGRPWQ12AB01834A6,SOTTGBS12A8C13DF92
SOBJGTP12A8C13913D,SOFRNUI12A58A7DB7E,SOODTVT12AC9E15740
SOJLBHE12AB0187337,SOTYZXM12AB0187332,SOHDKOC12A8C13E14E
SOQBCXD12A8C140DFE,SOWVRGG12A8AE45BFA,SOPYUSB12A6D4FBE76
SOTNYOE12A8C136ACD,SOKZVFO12A8C136AE7,SOHXNSP12AF72A45DD
SOTITOB12A58A7BCCC,SOMVQQU12A8C13F701,SODMPNY12A8C13E935
SOIGUEG12AB017DCDA,SOQWHUD12AB0181D02,SOKDSWP12A6D4F9B5A
SOXYOZX12A6701F933,SOGZNLG12AB018344F,SOYQYEU12AAF3B21A3
SOQDWPD12A8C142F0D,SOBKPPQ12A58A78407,SOWSUAA12A6D4F5F22
SOAKFDP12AB018A09D,SOLKTXT12AB018A096,SOTXQGI12AB0184B95
SOQVZLB12A8C137265,SOUTNEF12A6D4F9219,SOHZDPE12A6D4F7CAC
SOWRPCB12A8C14389F,SOLYRIE12A8C13A54F,SOWZCKU12A6D4F8498
SOIHSCB12AB0186267,SOFAETB12AB01827B3,SOHGMSD12A8C138808
SOBVWUO12AF729F6E7,SOVPSWF12AB017D885,SOEXSUW12A8C143796
SOROYJI12A6D4F6B84,SOZBGHK12A6D4F6B80,SOZKXSZ12A8C14084E
SOIOTEO12A8C1460B9,SOFWBPJ12A8C1460AD,SOAUHZC12AB018057B
SOPUQFS12A8C13DE1E,SOPGVOO12A8C13E37D,SOQVCUR12AC46861CD
SOTDTRR12A8C13CB4D,SODPVYG12A8C13BF19,SOHOMXO12AB0185C81
SOCDHVN12AB0184CC2,SOAEBMM12A8AE47FD0,SOMZXIG12A8C13F3A8
SOOUAIR12A67AE22A5,SOMURUW12A8C1398A0,SOZCGIH12A8C1405AF
SOWWLVP12A8C138BFB,SORSVFU12A6D4FA6DD,SOWDTQZ12A8C145446
SOMTFUD12A8C13E466,SOKDTJR12A8C13E46D,SOYYETY12A8C13B03B
SOIHSIB12AB017F1C1,SOGQEPT12D02194368,SOUVGPX12A8C13CE77
SOLHKOX12AB0184B81,SORNKLB12A8C13867B,SOZAUAC12A8AE491A3
SOIMXPP12A58A7DA1E,SOPTUCQ12A58A7668D,SONETAN12A58A7ACEB
SORRXCI12A8135828A,SOQBIEB12AB0187D27,SODREBN12AC3DF6828
SOLWDED12A8C13B82F,SOZSJVM12A8C13B843,SOGPXXQ12AB0180CC6
SOYYODW12AB0181109,SOSDZQQ12A58A7A575,SOTEJZT12AB017E411
SOBBOFW12A8C13E2A9,SOBOZXW12A6D4F77E7,SOFAURE12AC3DF8246
SOSNOYL12AB0185BE6,SOPFDIM12A8C1340E2,SOBBTBP12AB017CC42
SONICET12A58A7F290,SOEDVKT12A8C141EAD,SOZBAIP12A58A7A4F5
SOOHBFJ12AC3DFB3BD,SOEHYCA12AC4688886,SOPJVJY12A8C143410
SOKUUCC12A8C138A85,SOHWDZL12AC4686E88,SOFPFTF12A8C14172C
SOXTBEI12A6D4FDA57,SOAVZBX12A3F1EA490,SOLDYZK12AB018781A
SOUAFSX12AB017B642,SOHUEFC12A8AE4827A,SOAYKTV12AAA15DE48
SOXFGYQ12A8C14142C,SOWVYWK12A8C14141F,SOOTKOP12A8C140D18
SOYHKUR12A81C20825,SOMHGEK12A8C139903,SOHIBKZ12A67021D4B
SOGCVWE12AB01857FF,SODAUFS12AB01857E4,SODXLNO12A8C134F3A
SOJZDKD12AAF3B1AB5,SOEAUBJ12AAF3B463E,SOHKBNN12AB0185206
SOTKGKQ12A8C13B263,SOYKRYP12A8C13BE7D,SOHLNGZ12A8C13FCCA
SOGHWIC12A6D4F9CF5,SONSHRI12AB0185599,SOCKEJQ12AB018686B
SOVKMPN12A8C144101,SOJEJMV12A8A9D56E5,SOTYMMB12A8C1418B3
SOKVZTE12A8C139442,SORLVKC12A6D4FBC77,SOOHCMF12AC468BA13
SOOSFVO12A8C134A85,SOPJMRB12A8C1350E3,SOVIDAX12AB01850BF
SOMAQHE12AB0180A64,SORMLWT12A8C1450FA,SOGQEXS12AB01885BA
SOWSUAA12A6D4F5F22,SOUQNPK12A6D4F5F1E,SOWVBVH12A6D4FDA73
SOLMEFU12AC3DF68DF,SOTSXDV12AC3DF8049,SOURGRL12A8C1399C1
SOQEYZY12A58A77AF2,SOSHEWR12A8C135E5B,SOITKPG12AB018BB58
SOVAXFU12A8C135F1E,SOEFOUS12A8C135F18,SOUADMQ12AB017D009
SOTIFMS12A5891F8D1,SOHVMFI12A8C13C63E,SOVPHNO12A6D4F7EF2
SOLZQNG12A67021056,SOJLVML12A58A7E9FC,SOCVPVR12AB018DF44
SOWAUIT12A58A7C546,SOMXECJ12A8C13E7CE,SORVLSP12A8C139379
SOFMXAX12AB0187F81,SOCBFTV12AB017D3E3,SOVDEUX12A6D4FD6C3
SOVWIWX12A6701F424,SOBEXTE12A6701F433,SOFRBYX12AB01816FA
SORYNFW12A5891EC23,SOGRIWH12A8C1318AD,SODNYLK12AB0184688
SOULTXJ12A6D4FA515,SOWROAI12A6D4F7D3F,SOCXMFL12A8C137901
SONOYPK12AAFF44443,SOVGXXV12AB018AF65,SOLQVIC12AF729E1FD
SOEPUIH12A8C144412,SODDONJ12A58A7E222,SOMVKGL12A8C139671
SOWHWDA12AB0187A89,SOYNMUG12AB017FB36,SOIHOVP12A8C1382D8
SOJBRYI12A6D4F80EF,SOKUUOE12A6D4F80EB,SOUWQYP12A8C1373F2
SOLQFKW12AB018BCE9,SOIXHDH12A8C140DD3,SOSWSPX12AB017FBB2
SOQGHUN12AC9072B35,SOCBUAO12AC9072B25,SOSGXAZ12A6D4F8D36
SOQLLKX12AB0180E25,SORRMDL12AB0180E36,SODZTRH12A8C14089A
SOKCRKP12A8C13A085,SOPWPNI12A8C13A0B6,SOCDPPZ12A6D4F67BF
SOHWLDU12A58A7A757,SOFITEG12A8C142280,SOSJRIK12A6D4F8163
SOTGHJC12A8C145F28,SORXFMB12A8C13BCB6,SODFTQZ12AF729D374
SOIUVFV12A6D4FA1E6,SOGJYCV12A6D4FCDE4,SOPFJAT12AC468C9D8
SOYQJRC12A8C130A5B,SODBFFJ12A8C130BE3,SOGCKGR12AB0184479
SOPAHYH12A6D4FCC93,SORNOIX12A6D4FA1C8,SOAHTLP12AB01812DF
SOMVCFU12A8C141903,SOMMMJG12AB0188A1C,SOOHXDO12AC468D5A6
SOKVJWB12AB018017C,SOJXSQA12AC3DF97D8,SOEMGOH12A8C138DFC
SOWFYFC12D021B37A7,SOUSTCX12AC468B4BF,SOHYOKJ12AB018B902
SOBJTDX12A8AE46724,SOOTKHV12A8AE47B54,SOVTIOK12A58A7CB48
SOTUZXP12AB01838A9,SOERFAG12AB01844C1,SOGVDLW12AB0184366
SOWYWNY12A6D4FC9A8,SOPUVKK12A58A779AA,SONDTMH12AC468965E
SOLQVEY12AB017E259,SORYNPD12AB0189176,SOTRHHN12AB0188233
SOEPSWX12AB01853CF,SORVACN12AB0182A78,SOHNTCE12A3F1E997C
SOUFWVM12A6D4FA196,SOLBSAN12A6D4FA19A,SOBVOEO12AB018A0E8
SOHGQPX12A8C13A6B9,SOTRVJF12A8C14479B,SOYKMLL12A81C2073B
SOSAQOC12A8C13B4F2,SOMXIIW12A6D4F5395,SOWQZRU12AB018A72F
SOWVSHN12A6D4F7D36,SOBMCJW12A6D4F7D2B,SORBDXW12A8C14382C
SOKLGEF12A8C138EDF,SOLUIVG12A8C1385BF,SOIHNIB12AAFF42B81
SOVELZQ12A8A9D6558,SOBASXW12A8A9D6555,SOCCXXA12A58A762B2
SOKJDJU12AC468B4F3,SOPRKVB12AB017B26C,SOBOJXY12A6D4F79A0
SOIQYOV12A8C143ED6,SOGIUHH12A8C138CE0,SOJSCQB12A58A7E272
SOWCEQL12AF729E70C,SOCWJDB12A58A776AF,SOFMGPZ12A8C1383B1
SORZNJU12A6D4F8A17,SOVGDOA12A6D4F96A8,SOCKKOT12AB017F5B1
SORPLKH12AB0187DB9,SOFERKA12AB0187DAD,SOXCRTB12A81C22943
SOWNWUJ12A8AE48D7E,SOOWYYM12A8AE48D93,SOWLLPY12A8C14586D
SOTOXLZ12A8C1436B7,SODXUDI12A8C1408A2,SOABVWY12AB018274B
SOMSCIR12A8C13E9C6,SOOTCNU12A8C13F77E,SOPJBFC12A81C216AA
SOVOWNQ12A8AE45D14,SOFIVVL12A8AE489F5,SOKFEUG12AB017E353
SOMGZPP12AB01867CE,SOTTIGN12AB0188ADD,SOLPABO12AB0181FED
SOGUTLT12A8C136B2B,SOTTVHO12A8C138279,SOVKUOE12A58A8066E
SOITBRQ12A8C13AB08,SOMEUSH12D021B3E10,SOAYSDV12AB0186EE0
SOZPLIY12AF72A7544,SONRWUU12AF72A4283,SOBBKZC12A6D4F9423
SOFCDUZ12AB01861C6,SOGGRWD12AF72AB6CC,SOOMGJA12A8C132876
SODQTSE12A6310D90B,SOGAAFF12AB018166C,SOPTDKI12AB0185773
SOZYFFN12A58A7BFD5,SORNAUC12A8C135F4C,SOEIXKS12A58A7E08F
SOPCMWC12AB0184DEB,SOZWPYW12A6701CE23,SONRVWD12A8C13388B
SOTAQRM12A58A7A36A,SOIMASS12A8AE47FF8,SOCEWQY12A58A7E0CF
SOTVPYP12AB018C5A7,SORGMHS12A6D4F6323,SOBKFKW12A8C13B41E
SODXSTX12AB017F7F0,SOJKUFZ12AB01855DF,SOCBTRK12A8C13CB26
SOJALYZ12A8C1442F6,SOMQEGF12A58A7A9C7,SONYBFX12AF72AB6DD
SONHRGW12AB0181740,SOQBVAO12A58A7B0C1,SOQTFZH12AB0188264
SOWKFNZ12AB018263B,SOKULWV12A58A77A7F,SOZOXLI12AB018733C
SOXAPAH12A8C1403D7,SOJKOTH12A8C13B3F0,SOIBFQH12A6D4F8983
SOOMUYV12A8C1409D7,SODOKPG12A8C13B97F,SOEPHJQ12AB0184C9F
SOHPVWT12AB0184E54,SOUZBAE12AB017FFD2,SOIDVKP12A8C13A8A2
SOVPMJD12A6D4F8152,SOKZSYA12A6D4F664D,SOACGES12A6D4F7CE9
SOGVEVK12AB018502B,SOSUEIX12AB0185021,SOSQIHH12A8C13370B
SOVLGTU12AB0186955,SONOMSW12AB0186949,SOFRBDS12A8C13CAA9
SOAMUID12A8C140A44,SOASQHW12A8C137B6D,SOLWXXB12A6D4FA86D
SOAFBCP12A8C13CC7D,SOAAGXT12A8C13A94D,SOCAUQH12A8C145395
SOTWBZS12AB0179C00,SOBQUTC12AB0179C24,SODEGDU12A8C13E007
SOKKJIK12AB018683D,SOAAINA12AB0188C0E,SOFAXEB12AB017C476
SOAEDCX12AC468E036,SOZRTBR12A6D4F8D95,SOHHIFU12A8C12FDF0
SOMJBMS12A8C1366A5,SOSTYXX12AB01862AC,SOVOTBC12A6D4F696A
SOGZNQU12AC3DF6945,SOVJOCG12AB018E361,SOWHUSR12A8C134E69
SOUSPZR12AB0182E2C,SOXAQLI12AB0187102,SOSPMPH12AB01849F5
SOCZAQW12A8C133641,SOTXHZM12A8C138A0B,SONQROA12AB01807C1
SOYXYIF12A58A7B030,SOQKYHD12A8C139193,SOMSMMI12AB0184A15
SOAIYJY12AC4689687,SOFYAKR12AB01886BA,SOYWFOK12AB0187CC0
SOBDZUW12A8C13ED88,SOWTTOG12A8C13ED7C,SOWEYXM12A67021627
SOMGPBE12A6D4FD34A,SOVQFVV12AC3DF989B,SOZFIXW12A8C13E503
SOTZDEY12A8C13BDC8,SOAUOHH12A8C13F316,SOHXQJH12AB018747A
SOTLXEX12A6D4F96EA,SOCTARC12A8C134D12,SOWCDCD12AB0186FEF
SOJCEQS12AB0188A1B,SOCPYYZ12AB0187E70,SOHRYFZ12AB0186D92
SOABZMO12AB01857C1,SOWUJDD12AB0189054,SORIVLD12A6D4FB664
SOAMVTM12AC468B804,SOSECWN12AC468B806,SOZTGZE12AB017BE5D
SODHBSL12A8C133402,SOCGKFH12A8C130499,SOPOXQD12AB018485F
SOBCYLS12A8C1372A6,SONAWFU12A8C13728E,SOVRTOR12A8C13A403
SOPPBLS12A8C1364E2,SOSKTWE12A8C138600,SOOZBJW12A58A76428
SOHHSDQ12A6D4F6368,SOOVWFY12A8C13F896,SOICCUY12A8C13F112
SOBLREA12CF4F7326A,SOGDDQR12CF5664F8F,SOYKNGX12A8C13B96D
SOZFCZN12AB017E894,SONIOEX12AB017D541,SOFZOMH12A8C1404F3
SOWPKYW12A8C144810,SOXBKAE12AAFF43C93,SOHVDTL12A6D4FA1F3
SOTUEMT12AC468ABAA,SOCXDEO12AC468ABB0,SOYQLCM12A8C13D8CF
SOHQNYF12A8C1421AD,SONAPYJ12AB017F7D6,SOOUAKQ12AF72A9116
SOLVRID12A8C136EB1,SOMCCSC12A8C136A6D,SODJUVK12AB01861EF
SOKHJSC12A8C14016E,SOBXEJI12A58A79725,SOSZXPX12AB0185797
SOQFQJI12A8C13471E,SOWJJQT12A8AE48441,SOQLIQR12AB01863A7
SOTQCMT12A81C20769,SONFKVB12A6D4FBA9A,SORWXCN12AB01811BC
SOBSLAE12A8C1376EE,SOTRQTA12A6D4F9B09,SOANKWC12A8C134592
SOCVNXQ12AB0186E30,SOBIFDE12AB018AD33,SOIVLFT12AB017EEF8
SOVJXVQ12AC468A446,SOHAWQW12AC468612C,SOMZCVH12AB0182B8E
SOXLUJQ12AF72A00CF,SOSZWBZ12AB018436B,SOTMOZP12A6D4FB4DA
SOJVSVF12A8C133ADA,SOXBJBB12AB01815E5,SOBYKBW12A8C140D3D
SOLVRSJ12AF729CDBC,SOFAQPN12A6D4FDA5A,SODTYWZ12A58A7A27A
SOAUQIU12A8C14233F,SOBFOUF12A8C14230A,SOGEKSP12A58A78530
SONQMCT12A8C145EFD,SOYVBZK12A8C145F3F,SONSTMV12AF72A611C
SORDWGC12AB01840A3,SOUONXA12AB018409A,SOKZWEF12AB017D990
SOLKNNO12A8C13BD56,SODZLJT12A8C13BD4C,SOYJISN12A8C132647
SOYQKGK12A8C133B5E,SOMBBMF12A8C133B99,SOUUVAF12A58A7A747
SOGUEVM12AB017DE61,SOVHLLP12AB017E0C6,SOIRHHH12AB01807F0
SOLQMNV12AB017F16B,SOXWVHD12AB017F15E,SOWFSEL12A8C13CD87
SOTRDHX12AAF3B4A7F,SOWODYD12A67ADF987,SOTYJVR12AC468B3BD
SOSRKTU12AB01899BE,SOJFBAR12AB018A9BF,SOTAGMZ12AB018432A
SOASRJS12A6701FA7B,SOJBMTZ12A6701FA79,SOBCOWR12A58A7BD4C
SOVYMDM12AC3DF63B9,SOBJMRF12A6D4FBD54,SOSHLOT12AB018619D
SOJEJID12AB01804BE,SOQAGWU12AB01804C7,SOLGEYB12A8C133BE6
SONDNMO12A8AE47688,SOLYDHH12AB017C34C,SOKHLSU12A58A7EDF0
SOMAWWI12A58A78074,SONXKDW12AB017EC11,SOBDRET12A8C1416F8
SOEUKSL12A8C133DED,SOILOYZ12A8C13539D,SOAHTBY12AB018ABBB
SOTTDQA12A6D4F8C53,SOHETKJ12A8C13BF04,SOHVFBY12CF530D54B
SOISBXD12AC468B616,SORCHOQ12A8C144BA8,SOGNUIX12A670208E1
SOOHRJI12AB018BF22,SOJPFET12AB0182AA9,SOSLAOP12A6D4FCAE2
SOLHMLU12AB0182B5D,SOHOOVR12AB017D630,SOCXFQM12A8C13AC28
SOXQSNK12AC468C198,SOWYROJ12AB0189671,SODHRBT12AB018074B
SOTYPYR12AB018426F,SOTZMJW12AB0184289,SOVCYPK12A58A78DE3
SOXOTFT12AB01826AB,SOJIIDB12AB017BC10,SOUAFNT12A81C1FDDC
SOOMAWR12A6D4F8D11,SOSDFNI12A6D4F92F6,SOHYOKJ12AB018B902
SOVOZPC12A8C13C6D3,SOXGWYJ12A8C13C6C2,SOXGSAI12A6D4F7DFE
SOAKFDN12AB018A37A,SOASECA12AB01875F6,SOFMZFX12AB018437A
SOMMFXU12A8C13B006,SOPFBQZ12A8C13B030,SOLQVEY12AB017E259
SOLEAQW12AB017FAEB,SOVAEWG12AC90712AF,SOSFFRN12AAF3B3D37
SOLCHWS12AB017ED95,SOGXBAN12AB017EDA7,SONIDMG12A8C141C30
SOYDHBP12A8C13BE9E,SOQWSZH12A8C13BE91,SORRKHD12AB0182A8D
SOPZNLQ12A8C13B0B8,SOEFDRJ12A8C142A96,SOSAVCU12AB018373B
SOWTSNK12A8AE46133,SOEVHFO12A8C143C79,SOLWSYC12A6D4F784B
SOGXGUK12A6D4FC1B4,SOSGFCZ12AB0188410,SOFMDTO12A8C13D2DB
SOSNQWB12AB0180EDB,SOLRQYA12AB018D0F1,SOLHJTQ12AB0183D60
SOKWVAH12A8C1332B0,SORKKTY12A8C132F3E,SOCRAIT12A6D4FA0BA
SOSUEWW12AB0187589,SORSSWV12A8C1404C7,SOHYLTM12AB0189A0C
SONXXLI12A6D4F92DF,SOTFLVI12A8C1366EC,SOLJVDF12A81C1F8A4
SOJDYMQ12A58A7D6F8,SOBNPVS12A6D4F9260,SOAQUYT12A8C132BF9
SOSZHZH12A8C139FCB,SORRTMH12AB0180DBE,SOBSORI12A8C138E09
SOYXFQW12A6D4F73DA,SOIAVWD12A6D4F73E2,SOUFDQA12A58A7C89A
SOIOQNE12A58A7CBB7,SOVIYLN12A58A7E181,SODASWA12AB018D737
SOEUBMF12A8C138E45,SOGOAUH12A8C13DB36,SOUXXFY12A8C13AF92
SOOWRZN12AC468AC5D,SONRKUA12AB018BEA8,SOUQHKY12A8C144511
SOEWJHU12A8C141BCD,SOFZKTQ12A8C144357,SOVDDFH12A8C134FE5
SOBFWIT12A8AE4795E,SOFJPIM12A8C13B6E7,SOCDMQN12AB0189572
SOXNPFT12AB01859DA,SOIGXES12AB018B150,SOGVXYT12AB0183DBF
SOHSREZ12A6D4F7C5B,SOIUOJX12A8C130BA2,SOWXAVV12A58A7A3F0
SOWDVLR12AB0183DF4,SOSIBHK12A8C132C89,SOBTUNX12AB018258A
SOZAVXS12A8C134305,SOKCUMS12AB018D4A0,SOSEMVA12AB018DD34
SONZEGL12A6D4FBAB8,SOPVYFM12A8C13F260,SOXJEGY12A8C13FE91
SOOTHVI12A8AE478E9,SOQBYGA12A8C140C5D,SOTUKOU12A8C137C6E
SOLAYQQ12A8C142B05,SOMRFVS12A58A78D6A,SOGIYEV12AB0185F69
SOAXPAX12A8AE46DA5,SOLOJLJ12A8C13E464,SOFFLEP12A8C13EBB6
SOQCZEI12AB018A6AC,SOYBSVF12AB018C40E,SOVTPSP12A58A7F26B
SOEBGJF12AB0186D57,SOXEHQI12A8C1386BE,SOVEXXE12A8C134E83
SOUUINV12AB01816A2,SOUHNNC12AB01850E0,SOOMHPI12A8C141AA1
SOGQRYF12A8C143BD4,SOEQHUU12A6D4F71E3,SOYWPSN12A58A7F102
SOVAGWU12A58A7DE78,SOBEADV12AB017E32B,SORFMHE12A58A7800D
SOTCGFW12A6D4F3B84,SOHZXJH12A6D4F3B87,SOJEHRJ12AB0188678
SOVCECZ12A6D4FA35E,SOXDEEZ12A6D4FBB9A,SOHKDCQ12AB0182A4B
SODIWEO12AB018479E,SOWRPTG12AAF3B1C29,SOHRAIG12A670214B5
SOGXSJP12A6D4FE8BE,SONRZKZ12AB018A1F0,SOAYKTV12AAA15DE48
SOGTMTG12A8C130480,SOQTEHM12A8C1388E6,SOKTOMJ12AB01889D0
SOACDAQ12A81C226BA,SOOSWYJ12A58A79DEC,SOWBHUE12AB0180BDF
SONAARK12AB017AF1F,SODKOQO12AB017E555,SOGQJWD12AB01860EB
SOQBLYE12AB01804E9,SOJPHOO12A8C13F9B7,SOUPBKQ12AC4689EB8
SOPVJSR12A8C13AFA1,SOXQXHC12A8C13AF61,SOHLAYJ12A58A7EC8D
SOBWICZ12A670219AE,SOBMZOH12A58A7A6AE,SOBWBGS12AB01868B0
SOFIDEM12AB017AE01,SOGWPTO12AB017EC95,SOKFBUR12A8C13F9F9
SOEDFBN12AC9072EFE,SOFFIQX12AC960DA6E,SONCEZW12AB0185EE8
SOIIZHH12AB0182AAB,SOGJOVA12A8C142B9C,SOZFUOX12A8C135DBB
SOAGIPB12AB0181E21,SOITAJG12A8C132B26,SOHSKIN12AB01842A1
SOTONBN12A58A7EE68,SOYGKYC12A8C13BB24,SOYBROB12A8C13A900
SOEKXOW12AB0185588,SOJQBHF12A6D4FA729,SOZORKO12AB018B0A7
SOOJGRF12AB0184D20,SOFUNPG12A58A7F017,SOEMIKT12A8AE4884B
SORZLQQ12A8C137BB6,SOFLDUO12A8C137BC0,SOKEWQV12AC468B5D9
SOKZYFQ12A6D4FCE96,SOLPPNA12AF729ACEC,SOUCSZX12A6D4F7C05
SOFOXYI12AB017D7A0,SOCGYMA12AB017D7B5,SOUSCFR12A58A7D3DA
SOKEMYL12AB018B3D0,SODVXHP12AB018F55A,SOPHSLD12A8C1348A2
SOZQKIF12AF72A1137,SOKDDFT12A8C140F93,SODMJKG12A670202EB
SOIFTDG12A8AE479B3,SOKDWZQ12A67ADE852,SOHQKSO12A8AE46DF1
SOOLNZK12AC46862AB,SOCETIN12AC46860E1,SOBSOWF12AB01887D7
SOFPSEB12AB0180B6F,SOEFCGW12AAA15FC9B,SOJVUGJ12AB0180C0A
SOHXCVV12A8C131BFE,SOPWLNM12A8C130708,SOETPDF12AB01807DE
SOQAZRH12A8C132A54,SONBLNI12A8C132A40,SOOJCEQ12AB0189C25
SOYKEID12A6D4FA436,SOTFLBX12A6D4FA437,SOHJRZY12A63110838
SOTFMTW12AB0183463,SOMHWWM12AB018563A,SOORWVR12AB018D00E
SODJGKE12AB01817BC,SOFMXMO12AB0185E0D,SOOBTKZ12A58A7B0B0
SONUUEJ12AB01880C9,SOVEYQV12A8C13CCF7,SOGZPDR12AC9618462
SOFFLLP12AB018ED52,SOQTQWP12AB0185390,SOUADMQ12AB017D009
SOLWZMY12AB0182AAD,SOCFJZY12A8151CDB5,SOBBKOT12AB0189608
SOZPLSR12A6D4F7763,SOBURFF12A8C14222D,SOAXRPH12A6D4F802D
SOUACZI12A6D4F7C29,SOXVIMJ12AB0183D2C,SOZVQEN12A81C23B25
SOITHDV12A6D4F5D0D,SOABWCW12A8C141884,SOHRQUL12A58A7BF71
SOACCWF12AC9072753,SOGIKAS12AC9072756,SOCEKSG12A8C13BF52
SOJRKIK12A8C13374C,SOYJDNF12A6D4F4FBA,SOBIXMW12AB01857AC
SOZNYNC12A8C137ECB,SOICAEX12A8C139D0B,SOAOMGF12A8C135C25
SOEWBIJ12A8C13CF8E,SOAZOVO12A8C135F1D,SOCEHLO12AC468731E
SOFBBDM12A8AE47600,SOSFIAB12A8AE475EF,SOGDJFN12A81C21EE7
SOKSYBK12A6D4FCFFC,SOYLDUY12A8C1399F0,SOLWQBV12AB0180BFC
SOGQHUH12A6D4F7281,SOYNMFH12A6D4F50E2,SODLSLZ12A8C142EAF
SOAVMJL12AB0182C0A,SOFAPNR12AB017F994,SOBTBBG12A58A7E65B
SONHGLD12AB0188D47,SOCEIUW12AB0188625,SOJLJHL12A8C14318A
SOQGPMG12A6701E12F,SOAAUVF12A58A7D58C,SOWGWCP12A6D4F860D
SOCSIYJ12A58A7C8C3,SOBCJQV12AB0189AEA,SOEKRDF12A67ADADB3
SOXPCOQ12AB0182148,SONRUQZ12AB018A5BE,SOFVOYY12A58A7A91E
SORGWHG12A58A7C4BE,SOLGOBG12A8C14052F,SOJOOIP12AB0181731
SOSECWN12AC468B806,SOAMVTM12AC468B804,SOZECOE12AB017E615
SODRLGM12AB018624F,SOJBYJS12A8C13349B,SOGDEPN12AB018C5C0
SOCPQXO12A58A7D939,SOUFIHI12A8C13F9C5,SOHSJUR12AB018CB40
SOVQOXC12CF546326C,SOMTTIL12CF5465225,SOSUONB12A8C142E83
SODNCCK12AB017D50D,SOSONLD12AB017D500,SOJQGPD12A8C13AD3D
SOIJIYD12AB017D6CB,SOYHRJQ12AC468A9D3,SOLRXYE12A58A7B063
SOIRIWN12AB0183AE7,SONLHUA12A8C14470A,SOKEHAS12AB01852A5
SOBTMZR12AB0184F7C,SOZIHJM12AB0184F8C,SOJQEMR12AB0186A52
SOBOVBQ12AB0182FB2,SOBZRJO12AB018690E,SOQOJTY12AB0188DD5
SOHVOBI12A5891E993,SOPNFYY12AB01828D4,SOKHKYH12D02198DF3
SOQGQEU12A8C139BDB,SOYWXKY12A6D4FB1A4,SOEZKYM12A8C1408AE
SOETPDF12AB01807DE,SOPIFCF12AB01807EA,SODPDGT12A8C13B7A8
SOPDDTW12AB018340B,SOVJOYD12AB0181AFC,SOYWXIK12AB017C22B
SOGZCRP12AB0185D39,SOJIRGC12AB0185D31,SOVYCTD12AB0186097
SOPNDFM12AC9E16EDA,SOWPTYE12AB0184224,SOYOUQH12A58A7C6B4
SONMQRR12AB018A9A2,SOWVROE12A6D4FBB23,SOKVIZM12A8C134AB6
SOZIWXR12A8C143FD2,SOOBLPZ12A8C1406C9,SOLRXIN12A8C13A604
SOLZRNM12AB0182048,SOAKFMO12AB017DE84,SOCCFKG12A8C13C7B5
SOQRHIO12AC4689255,SOHUJGR12AB01806C8,SOMAWWI12A58A78074
SOKLXMX12A8C13EC17,SOLNQYB12A8C145895,SOATMDI12AB0187800
SOTCOCJ12A58A75900,SOPRCNA12A8C1368D7,SOUBTXR12A6D4F880B
SOGYBDQ12AB017B7D9,SOKVKEK12AB017F435,SOOHUNQ12A8C13790F
SOVPMJD12A6D4F8152,SOKZSYA12A6D4F664D,SOBANXX12A8C1388F9
SOTRSZD12A58A7B05A,SOVGJSO12A6D4F80AA,SOSVWOJ12A6D4F7A33
SOGECLT12A6BD51221,SONURGC12A6BD51224,SOAADUU12AB0183B6F
SOJYVOM12AB017F1D4,SOPVXBO12A8C134F13,SONJFLA12AB018BB67
SOUXVIV12AB017A056,SOLZRGG12AB018AD16,SORXFMB12A8C13BCB6
SOTSGJP12A8C1390CF,SOMBFWS12A8C145333,SOHBQTE12AB018B80C
SOFSKRS12A8C13B208,SOISAKF12A8C13B21B,SOHGQTF12A58A78394
SONRCPE12A8C1356EC,SOJWTQX12A8C1356E2,SOCWCBN12AB018383C
SOJHVQN12A6D4FD476,SORRELO12AAF3B1184,SOHQPUR12AB018A2AB
SOAFRRF12A6D4FDC10,SOJLFNR12AB01894D5,SOSWVYM12AB0180DD1
SOTZHDP12AB0184F74,SOZZHJB12AAF3B5B88,SOCETIN12AC46860E1
SOVCXTS12A8C144928,SOLKDXH12A8C13EC9B,SOQOOQF12A6D4F9DD5
SOABWCW12A8C141884,SOITHDV12A6D4F5D0D,SORCRRO12AB017FA4B
SOGXIMP12AB018C5FE,SOGVEWG12AB018A9BE,SOTJAKM12AB0185202
SODTDTD12A6D4F7D7B,SOMQKIK12AB01824F5,SORVFEV12A8C142815
SOYRMWG12A6BD51A61,SOUBYCL12A81C22869,SOMAJWB12AF72A6875
SOTKSMG12AB017BA68,SOHBOTV12AB017BA60,SODAJJL12AB01849D5
SOWHIHY12AB018B64A,SOTVSQV12AB018767D,SOHPSDU12A8C141BEC
SOCYTFB12AB017F7CE,SODMAWK12AB0188985,SONDZTH12A5891F9C5
SOFAYRQ12AB018AAA1,SOXUMIO12AB01817EB,SOXUUGQ12A6D4FC577
SOILEYN12AB0184FCC,SOQIYXT12AB01859E6,SOBYZPD12A8C1375B7
SORJAAC12AB0184C9E,SOIVGLD12AB0183ACA,SOIRNVI12A58A7C069
SOPUVKK12A58A779AA,SOWYWNY12A6D4FC9A8,SOBPMZI12A8C140B04
SOIEBEI12A8C141607,SOQJOGG12A8C13F95F,SOBLAUT12AB01830D0
